date,sku,dc_id,region,on_hand_units,allocated_units,available_units,fill_rate
2026-02-01,NOVA-AUD-01,DC-NORTH,North,412,120,292,0.8987
2026-02-01,NOVA-AUD-01,DC-SOUTH,South,360,121,239,0.9097
2026-02-01,NOVA-AUD-01,DC-EAST,East,396,99,297,0.8494
2026-02-01,NOVA-AUD-01,DC-WEST,West,428,190,238,0.8819
2026-02-01,NOVA-AUD-02,DC-NORTH,North,490,175,315,0.909
2026-02-01,NOVA-AUD-02,DC-SOUTH,South,525,139,386,0.865
2026-02-01,NOVA-AUD-02,DC-EAST,East,438,178,260,0.8701
2026-02-01,NOVA-AUD-02,DC-WEST,West,513,191,322,0.9325
2026-02-01,NOVA-MOB-01,DC-NORTH,North,239,92,147,0.8853
2026-02-01,NOVA-MOB-01,DC-SOUTH,South,228,86,142,0.9315
2026-02-01,NOVA-MOB-01,DC-EAST,East,243,99,144,0.8819
2026-02-01,NOVA-MOB-01,DC-WEST,West,226,71,155,0.8874
2026-02-01,NOVA-MOB-02,DC-NORTH,North,348,97,251,0.9045
2026-02-01,NOVA-MOB-02,DC-SOUTH,South,342,99,243,0.8763
2026-02-01,NOVA-MOB-02,DC-EAST,East,299,90,209,0.875
2026-02-01,NOVA-MOB-02,DC-WEST,West,352,129,223,0.9202
2026-02-01,NOVA-CPT-01,DC-NORTH,North,162,47,115,0.8521
2026-02-01,NOVA-CPT-01,DC-SOUTH,South,146,56,90,0.9478
2026-02-01,NOVA-CPT-01,DC-EAST,East,145,57,88,0.9076
2026-02-01,NOVA-CPT-01,DC-WEST,West,182,52,130,0.9107
2026-02-01,NOVA-CPT-02,DC-NORTH,North,199,51,148,0.8875
2026-02-01,NOVA-CPT-02,DC-SOUTH,South,231,66,165,0.9238
2026-02-01,NOVA-CPT-02,DC-EAST,East,217,57,160,0.8617
2026-02-01,NOVA-CPT-02,DC-WEST,West,215,96,119,0.8868
2026-02-01,NOVA-WBL-01,DC-NORTH,North,263,75,188,0.9007
2026-02-01,NOVA-WBL-01,DC-SOUTH,South,296,121,175,0.8574
2026-02-01,NOVA-WBL-01,DC-EAST,East,242,80,162,0.8666
2026-02-01,NOVA-WBL-01,DC-WEST,West,239,77,162,0.882
2026-02-01,NOVA-WBL-02,DC-NORTH,North,477,191,286,0.9446
2026-02-01,NOVA-WBL-02,DC-SOUTH,South,396,101,295,0.9088
2026-02-01,NOVA-WBL-02,DC-EAST,East,434,114,320,0.8691
2026-02-01,NOVA-WBL-02,DC-WEST,West,378,134,244,0.9124
2026-02-01,NOVA-ACC-01,DC-NORTH,North,810,335,475,0.9192
2026-02-01,NOVA-ACC-01,DC-SOUTH,South,872,373,499,0.928
2026-02-01,NOVA-ACC-01,DC-EAST,East,774,252,522,0.8494
2026-02-01,NOVA-ACC-01,DC-WEST,West,670,286,384,0.8464
2026-02-01,NOVA-ACC-02,DC-NORTH,North,492,181,311,0.8648
2026-02-01,NOVA-ACC-02,DC-SOUTH,South,637,248,389,0.8488
2026-02-01,NOVA-ACC-02,DC-EAST,East,607,202,405,0.8492
2026-02-01,NOVA-ACC-02,DC-WEST,West,585,261,324,0.9175
2026-02-02,NOVA-AUD-01,DC-NORTH,North,366,148,218,0.8754
2026-02-02,NOVA-AUD-01,DC-SOUTH,South,427,148,279,0.9302
2026-02-02,NOVA-AUD-01,DC-EAST,East,432,123,309,0.9388
2026-02-02,NOVA-AUD-01,DC-WEST,West,417,145,272,0.8995
2026-02-02,NOVA-AUD-02,DC-NORTH,North,477,201,276,0.9304
2026-02-02,NOVA-AUD-02,DC-SOUTH,South,449,196,253,0.9232
2026-02-02,NOVA-AUD-02,DC-EAST,East,427,185,242,0.8519
2026-02-02,NOVA-AUD-02,DC-WEST,West,461,162,299,0.8781
2026-02-02,NOVA-MOB-01,DC-NORTH,North,232,93,139,0.9522
2026-02-02,NOVA-MOB-01,DC-SOUTH,South,257,89,168,0.9495
2026-02-02,NOVA-MOB-01,DC-EAST,East,242,95,147,0.8742
2026-02-02,NOVA-MOB-01,DC-WEST,West,223,61,162,0.928
2026-02-02,NOVA-MOB-02,DC-NORTH,North,264,108,156,0.9376
2026-02-02,NOVA-MOB-02,DC-SOUTH,South,305,104,201,0.9106
2026-02-02,NOVA-MOB-02,DC-EAST,East,327,127,200,0.8707
2026-02-02,NOVA-MOB-02,DC-WEST,West,273,120,153,0.8845
2026-02-02,NOVA-CPT-01,DC-NORTH,North,177,55,122,0.8468
2026-02-02,NOVA-CPT-01,DC-SOUTH,South,145,56,89,0.8575
2026-02-02,NOVA-CPT-01,DC-EAST,East,146,51,95,0.8944
2026-02-02,NOVA-CPT-01,DC-WEST,West,180,56,124,0.922
2026-02-02,NOVA-CPT-02,DC-NORTH,North,233,81,152,0.88
2026-02-02,NOVA-CPT-02,DC-SOUTH,South,212,56,156,0.8546
2026-02-02,NOVA-CPT-02,DC-EAST,East,198,81,117,0.8486
2026-02-02,NOVA-CPT-02,DC-WEST,West,192,80,112,0.8586
2026-02-02,NOVA-WBL-01,DC-NORTH,North,266,112,154,0.8641
2026-02-02,NOVA-WBL-01,DC-SOUTH,South,271,97,174,0.9072
2026-02-02,NOVA-WBL-01,DC-EAST,East,238,75,163,0.8565
2026-02-02,NOVA-WBL-01,DC-WEST,West,241,107,134,0.9352
2026-02-02,NOVA-WBL-02,DC-NORTH,North,414,158,256,0.8655
2026-02-02,NOVA-WBL-02,DC-SOUTH,South,397,117,280,0.9397
2026-02-02,NOVA-WBL-02,DC-EAST,East,378,109,269,0.9165
2026-02-02,NOVA-WBL-02,DC-WEST,West,366,139,227,0.9491
2026-02-02,NOVA-ACC-01,DC-NORTH,North,695,291,404,0.9165
2026-02-02,NOVA-ACC-01,DC-SOUTH,South,783,328,455,0.9359
2026-02-02,NOVA-ACC-01,DC-EAST,East,726,192,534,0.9449
2026-02-02,NOVA-ACC-01,DC-WEST,West,718,267,451,0.8549
2026-02-02,NOVA-ACC-02,DC-NORTH,North,594,245,349,0.8499
2026-02-02,NOVA-ACC-02,DC-SOUTH,South,554,154,400,0.899
2026-02-02,NOVA-ACC-02,DC-EAST,East,482,192,290,0.8854
2026-02-02,NOVA-ACC-02,DC-WEST,West,592,215,377,0.9056
2026-02-03,NOVA-AUD-01,DC-NORTH,North,384,160,224,0.8681
2026-02-03,NOVA-AUD-01,DC-SOUTH,South,413,176,237,0.8707
2026-02-03,NOVA-AUD-01,DC-EAST,East,446,143,303,0.8581
2026-02-03,NOVA-AUD-01,DC-WEST,West,380,109,271,0.8603
2026-02-03,NOVA-AUD-02,DC-NORTH,North,559,143,416,0.9371
2026-02-03,NOVA-AUD-02,DC-SOUTH,South,501,163,338,0.8589
2026-02-03,NOVA-AUD-02,DC-EAST,East,452,192,260,0.8852
2026-02-03,NOVA-AUD-02,DC-WEST,West,427,169,258,0.8825
2026-02-03,NOVA-MOB-01,DC-NORTH,North,229,87,142,0.8492
2026-02-03,NOVA-MOB-01,DC-SOUTH,South,244,70,174,0.9394
2026-02-03,NOVA-MOB-01,DC-EAST,East,284,118,166,0.9353
2026-02-03,NOVA-MOB-01,DC-WEST,West,225,100,125,0.8976
2026-02-03,NOVA-MOB-02,DC-NORTH,North,270,112,158,0.8825
2026-02-03,NOVA-MOB-02,DC-SOUTH,South,320,106,214,0.8824
2026-02-03,NOVA-MOB-02,DC-EAST,East,283,73,210,0.9319
2026-02-03,NOVA-MOB-02,DC-WEST,West,282,125,157,0.9492
2026-02-03,NOVA-CPT-01,DC-NORTH,North,161,49,112,0.8699
2026-02-03,NOVA-CPT-01,DC-SOUTH,South,147,46,101,0.9005
2026-02-03,NOVA-CPT-01,DC-EAST,East,178,45,133,0.9057
2026-02-03,NOVA-CPT-01,DC-WEST,West,147,40,107,0.8867
2026-02-03,NOVA-CPT-02,DC-NORTH,North,201,53,148,0.8795
2026-02-03,NOVA-CPT-02,DC-SOUTH,South,211,80,131,0.8749
2026-02-03,NOVA-CPT-02,DC-EAST,East,201,89,112,0.9304
2026-02-03,NOVA-CPT-02,DC-WEST,West,192,57,135,0.9144
2026-02-03,NOVA-WBL-01,DC-NORTH,North,320,135,185,0.885
2026-02-03,NOVA-WBL-01,DC-SOUTH,South,298,117,181,0.9487
2026-02-03,NOVA-WBL-01,DC-EAST,East,270,107,163,0.9154
2026-02-03,NOVA-WBL-01,DC-WEST,West,242,84,158,0.9284
2026-02-03,NOVA-WBL-02,DC-NORTH,North,472,120,352,0.8691
2026-02-03,NOVA-WBL-02,DC-SOUTH,South,357,116,241,0.8836
2026-02-03,NOVA-WBL-02,DC-EAST,East,432,155,277,0.9112
2026-02-03,NOVA-WBL-02,DC-WEST,West,408,103,305,0.9101
2026-02-03,NOVA-ACC-01,DC-NORTH,North,851,343,508,0.8495
2026-02-03,NOVA-ACC-01,DC-SOUTH,South,878,240,638,0.9522
2026-02-03,NOVA-ACC-01,DC-EAST,East,788,222,566,0.934
2026-02-03,NOVA-ACC-01,DC-WEST,West,761,286,475,0.9327
2026-02-03,NOVA-ACC-02,DC-NORTH,North,523,140,383,0.8883
2026-02-03,NOVA-ACC-02,DC-SOUTH,South,502,140,362,0.9148
2026-02-03,NOVA-ACC-02,DC-EAST,East,562,246,316,0.9531
2026-02-03,NOVA-ACC-02,DC-WEST,West,599,230,369,0.8833
2026-02-04,NOVA-AUD-01,DC-NORTH,North,396,157,239,0.9147
2026-02-04,NOVA-AUD-01,DC-SOUTH,South,430,162,268,0.9307
2026-02-04,NOVA-AUD-01,DC-EAST,East,352,98,254,0.8464
2026-02-04,NOVA-AUD-01,DC-WEST,West,432,189,243,0.9517
2026-02-04,NOVA-AUD-02,DC-NORTH,North,428,109,319,0.8706
2026-02-04,NOVA-AUD-02,DC-SOUTH,South,531,168,363,0.8767
2026-02-04,NOVA-AUD-02,DC-EAST,East,471,145,326,0.8733
2026-02-04,NOVA-AUD-02,DC-WEST,West,531,209,322,0.9228
2026-02-04,NOVA-MOB-01,DC-NORTH,North,270,73,197,0.9439
2026-02-04,NOVA-MOB-01,DC-SOUTH,South,284,124,160,0.8824
2026-02-04,NOVA-MOB-01,DC-EAST,East,219,67,152,0.9087
2026-02-04,NOVA-MOB-01,DC-WEST,West,241,106,135,0.9498
2026-02-04,NOVA-MOB-02,DC-NORTH,North,266,99,167,0.943
2026-02-04,NOVA-MOB-02,DC-SOUTH,South,352,138,214,0.8838
2026-02-04,NOVA-MOB-02,DC-EAST,East,305,135,170,0.8919
2026-02-04,NOVA-MOB-02,DC-WEST,West,346,95,251,0.8945
2026-02-04,NOVA-CPT-01,DC-NORTH,North,149,44,105,0.8906
2026-02-04,NOVA-CPT-01,DC-SOUTH,South,147,64,83,0.9119
2026-02-04,NOVA-CPT-01,DC-EAST,East,171,74,97,0.8742
2026-02-04,NOVA-CPT-01,DC-WEST,West,145,51,94,0.8745
2026-02-04,NOVA-CPT-02,DC-NORTH,North,205,63,142,0.8505
2026-02-04,NOVA-CPT-02,DC-SOUTH,South,231,77,154,0.8935
2026-02-04,NOVA-CPT-02,DC-EAST,East,185,48,137,0.8922
2026-02-04,NOVA-CPT-02,DC-WEST,West,189,60,129,0.8822
2026-02-04,NOVA-WBL-01,DC-NORTH,North,314,91,223,0.9171
2026-02-04,NOVA-WBL-01,DC-SOUTH,South,253,100,153,0.8946
2026-02-04,NOVA-WBL-01,DC-EAST,East,253,72,181,0.849
2026-02-04,NOVA-WBL-01,DC-WEST,West,286,88,198,0.8535
2026-02-04,NOVA-WBL-02,DC-NORTH,North,403,155,248,0.8564
2026-02-04,NOVA-WBL-02,DC-SOUTH,South,388,172,216,0.9123
2026-02-04,NOVA-WBL-02,DC-EAST,East,401,144,257,0.9059
2026-02-04,NOVA-WBL-02,DC-WEST,West,426,144,282,0.9123
2026-02-04,NOVA-ACC-01,DC-NORTH,North,703,294,409,0.9262
2026-02-04,NOVA-ACC-01,DC-SOUTH,South,797,343,454,0.8488
2026-02-04,NOVA-ACC-01,DC-EAST,East,866,348,518,0.9488
2026-02-04,NOVA-ACC-01,DC-WEST,West,692,253,439,0.9164
2026-02-04,NOVA-ACC-02,DC-NORTH,North,639,215,424,0.8578
2026-02-04,NOVA-ACC-02,DC-SOUTH,South,612,248,364,0.9478
2026-02-04,NOVA-ACC-02,DC-EAST,East,523,159,364,0.8901
2026-02-04,NOVA-ACC-02,DC-WEST,West,634,219,415,0.874
2026-02-05,NOVA-AUD-01,DC-NORTH,North,398,127,271,0.8643
2026-02-05,NOVA-AUD-01,DC-SOUTH,South,438,158,280,0.9455
2026-02-05,NOVA-AUD-01,DC-EAST,East,340,131,209,0.9161
2026-02-05,NOVA-AUD-01,DC-WEST,West,450,197,253,0.8728
2026-02-05,NOVA-AUD-02,DC-NORTH,North,561,248,313,0.9087
2026-02-05,NOVA-AUD-02,DC-SOUTH,South,439,150,289,0.8477
2026-02-05,NOVA-AUD-02,DC-EAST,East,501,213,288,0.9016
2026-02-05,NOVA-AUD-02,DC-WEST,West,434,121,313,0.8832
2026-02-05,NOVA-MOB-01,DC-NORTH,North,239,99,140,0.8731
2026-02-05,NOVA-MOB-01,DC-SOUTH,South,254,107,147,0.8808
2026-02-05,NOVA-MOB-01,DC-EAST,East,239,60,179,0.8661
2026-02-05,NOVA-MOB-01,DC-WEST,West,284,120,164,0.9045
2026-02-05,NOVA-MOB-02,DC-NORTH,North,299,124,175,0.8587
2026-02-05,NOVA-MOB-02,DC-SOUTH,South,332,91,241,0.9366
2026-02-05,NOVA-MOB-02,DC-EAST,East,334,118,216,0.9301
2026-02-05,NOVA-MOB-02,DC-WEST,West,278,117,161,0.9334
2026-02-05,NOVA-CPT-01,DC-NORTH,North,181,77,104,0.9378
2026-02-05,NOVA-CPT-01,DC-SOUTH,South,159,40,119,0.8928
2026-02-05,NOVA-CPT-01,DC-EAST,East,153,38,115,0.9184
2026-02-05,NOVA-CPT-01,DC-WEST,West,154,40,114,0.9067
2026-02-05,NOVA-CPT-02,DC-NORTH,North,211,53,158,0.9257
2026-02-05,NOVA-CPT-02,DC-SOUTH,South,218,74,144,0.8894
2026-02-05,NOVA-CPT-02,DC-EAST,East,187,72,115,0.853
2026-02-05,NOVA-CPT-02,DC-WEST,West,232,63,169,0.8479
2026-02-05,NOVA-WBL-01,DC-NORTH,North,239,83,156,0.857
2026-02-05,NOVA-WBL-01,DC-SOUTH,South,276,102,174,0.9517
2026-02-05,NOVA-WBL-01,DC-EAST,East,262,113,149,0.8791
2026-02-05,NOVA-WBL-01,DC-WEST,West,316,96,220,0.9378
2026-02-05,NOVA-WBL-02,DC-NORTH,North,431,192,239,0.8586
2026-02-05,NOVA-WBL-02,DC-SOUTH,South,395,139,256,0.9322
2026-02-05,NOVA-WBL-02,DC-EAST,East,416,149,267,0.879
2026-02-05,NOVA-WBL-02,DC-WEST,West,371,144,227,0.9144
2026-02-05,NOVA-ACC-01,DC-NORTH,North,826,268,558,0.8995
2026-02-05,NOVA-ACC-01,DC-SOUTH,South,795,294,501,0.8959
2026-02-05,NOVA-ACC-01,DC-EAST,East,692,225,467,0.9256
2026-02-05,NOVA-ACC-01,DC-WEST,West,706,277,429,0.8696
2026-02-05,NOVA-ACC-02,DC-NORTH,North,637,279,358,0.8988
2026-02-05,NOVA-ACC-02,DC-SOUTH,South,483,186,297,0.9145
2026-02-05,NOVA-ACC-02,DC-EAST,East,489,187,302,0.8504
2026-02-05,NOVA-ACC-02,DC-WEST,West,544,219,325,0.9198
2026-02-06,NOVA-AUD-01,DC-NORTH,North,447,194,253,0.8747
2026-02-06,NOVA-AUD-01,DC-SOUTH,South,413,128,285,0.8483
2026-02-06,NOVA-AUD-01,DC-EAST,East,385,136,249,0.9384
2026-02-06,NOVA-AUD-01,DC-WEST,West,350,127,223,0.9008
2026-02-06,NOVA-AUD-02,DC-NORTH,North,473,184,289,0.8553
2026-02-06,NOVA-AUD-02,DC-SOUTH,South,509,171,338,0.9467
2026-02-06,NOVA-AUD-02,DC-EAST,East,535,200,335,0.909
2026-02-06,NOVA-AUD-02,DC-WEST,West,485,121,364,0.9195
2026-02-06,NOVA-MOB-01,DC-NORTH,North,228,67,161,0.9269
2026-02-06,NOVA-MOB-01,DC-SOUTH,South,247,97,150,0.8692
2026-02-06,NOVA-MOB-01,DC-EAST,East,233,60,173,0.8695
2026-02-06,NOVA-MOB-01,DC-WEST,West,219,98,121,0.8668
2026-02-06,NOVA-MOB-02,DC-NORTH,North,268,85,183,0.9188
2026-02-06,NOVA-MOB-02,DC-SOUTH,South,327,134,193,0.927
2026-02-06,NOVA-MOB-02,DC-EAST,East,275,75,200,0.8577
2026-02-06,NOVA-MOB-02,DC-WEST,West,354,121,233,0.9459
2026-02-06,NOVA-CPT-01,DC-NORTH,North,151,51,100,0.8736
2026-02-06,NOVA-CPT-01,DC-SOUTH,South,169,72,97,0.927
2026-02-06,NOVA-CPT-01,DC-EAST,East,179,55,124,0.8763
2026-02-06,NOVA-CPT-01,DC-WEST,West,191,83,108,0.9317
2026-02-06,NOVA-CPT-02,DC-NORTH,North,204,63,141,0.9435
2026-02-06,NOVA-CPT-02,DC-SOUTH,South,240,63,177,0.8566
2026-02-06,NOVA-CPT-02,DC-EAST,East,203,72,131,0.91
2026-02-06,NOVA-CPT-02,DC-WEST,West,203,60,143,0.9148
2026-02-06,NOVA-WBL-01,DC-NORTH,North,239,85,154,0.9159
2026-02-06,NOVA-WBL-01,DC-SOUTH,South,312,94,218,0.9053
2026-02-06,NOVA-WBL-01,DC-EAST,East,241,74,167,0.9181
2026-02-06,NOVA-WBL-01,DC-WEST,West,277,110,167,0.9421
2026-02-06,NOVA-WBL-02,DC-NORTH,North,407,175,232,0.8471
2026-02-06,NOVA-WBL-02,DC-SOUTH,South,423,109,314,0.9192
2026-02-06,NOVA-WBL-02,DC-EAST,East,475,203,272,0.9009
2026-02-06,NOVA-WBL-02,DC-WEST,West,435,174,261,0.9185
2026-02-06,NOVA-ACC-01,DC-NORTH,North,719,316,403,0.9331
2026-02-06,NOVA-ACC-01,DC-SOUTH,South,697,247,450,0.8644
2026-02-06,NOVA-ACC-01,DC-EAST,East,669,194,475,0.9208
2026-02-06,NOVA-ACC-01,DC-WEST,West,662,289,373,0.9049
2026-02-06,NOVA-ACC-02,DC-NORTH,North,512,210,302,0.9361
2026-02-06,NOVA-ACC-02,DC-SOUTH,South,489,177,312,0.9205
2026-02-06,NOVA-ACC-02,DC-EAST,East,562,161,401,0.9444
2026-02-06,NOVA-ACC-02,DC-WEST,West,604,222,382,0.8678
2026-02-07,NOVA-AUD-01,DC-NORTH,North,420,105,315,0.8827
2026-02-07,NOVA-AUD-01,DC-SOUTH,South,409,102,307,0.943
2026-02-07,NOVA-AUD-01,DC-EAST,East,394,156,238,0.8759
2026-02-07,NOVA-AUD-01,DC-WEST,West,346,92,254,0.8769
2026-02-07,NOVA-AUD-02,DC-NORTH,North,477,174,303,0.9243
2026-02-07,NOVA-AUD-02,DC-SOUTH,South,445,172,273,0.89
2026-02-07,NOVA-AUD-02,DC-EAST,East,535,155,380,0.8713
2026-02-07,NOVA-AUD-02,DC-WEST,West,523,198,325,0.9419
2026-02-07,NOVA-MOB-01,DC-NORTH,North,226,78,148,0.9211
2026-02-07,NOVA-MOB-01,DC-SOUTH,South,256,92,164,0.8853
2026-02-07,NOVA-MOB-01,DC-EAST,East,282,107,175,0.866
2026-02-07,NOVA-MOB-01,DC-WEST,West,266,94,172,0.8497
2026-02-07,NOVA-MOB-02,DC-NORTH,North,277,80,197,0.8986
2026-02-07,NOVA-MOB-02,DC-SOUTH,South,299,113,186,0.8724
2026-02-07,NOVA-MOB-02,DC-EAST,East,290,125,165,0.8971
2026-02-07,NOVA-MOB-02,DC-WEST,West,309,102,207,0.8627
2026-02-07,NOVA-CPT-01,DC-NORTH,North,167,61,106,0.8476
2026-02-07,NOVA-CPT-01,DC-SOUTH,South,150,64,86,0.9201
2026-02-07,NOVA-CPT-01,DC-EAST,East,169,44,125,0.8826
2026-02-07,NOVA-CPT-01,DC-WEST,West,144,52,92,0.8911
2026-02-07,NOVA-CPT-02,DC-NORTH,North,212,60,152,0.9012
2026-02-07,NOVA-CPT-02,DC-SOUTH,South,193,71,122,0.8699
2026-02-07,NOVA-CPT-02,DC-EAST,East,219,69,150,0.9145
2026-02-07,NOVA-CPT-02,DC-WEST,West,192,77,115,0.8522
2026-02-07,NOVA-WBL-01,DC-NORTH,North,284,79,205,0.9497
2026-02-07,NOVA-WBL-01,DC-SOUTH,South,253,85,168,0.9491
2026-02-07,NOVA-WBL-01,DC-EAST,East,246,82,164,0.8836
2026-02-07,NOVA-WBL-01,DC-WEST,West,287,85,202,0.9296
2026-02-07,NOVA-WBL-02,DC-NORTH,North,431,170,261,0.8722
2026-02-07,NOVA-WBL-02,DC-SOUTH,South,478,136,342,0.8934
2026-02-07,NOVA-WBL-02,DC-EAST,East,436,179,257,0.8907
2026-02-07,NOVA-WBL-02,DC-WEST,West,465,124,341,0.8926
2026-02-07,NOVA-ACC-01,DC-NORTH,North,859,357,502,0.9304
2026-02-07,NOVA-ACC-01,DC-SOUTH,South,691,310,381,0.9343
2026-02-07,NOVA-ACC-01,DC-EAST,East,744,268,476,0.853
2026-02-07,NOVA-ACC-01,DC-WEST,West,787,257,530,0.85
2026-02-07,NOVA-ACC-02,DC-NORTH,North,490,191,299,0.8544
2026-02-07,NOVA-ACC-02,DC-SOUTH,South,501,214,287,0.8461
2026-02-07,NOVA-ACC-02,DC-EAST,East,525,142,383,0.9523
2026-02-07,NOVA-ACC-02,DC-WEST,West,621,159,462,0.9067
2026-02-08,NOVA-AUD-01,DC-NORTH,North,422,116,306,0.9052
2026-02-08,NOVA-AUD-01,DC-SOUTH,South,369,116,253,0.8661
2026-02-08,NOVA-AUD-01,DC-EAST,East,429,153,276,0.9513
2026-02-08,NOVA-AUD-01,DC-WEST,West,383,101,282,0.9461
2026-02-08,NOVA-AUD-02,DC-NORTH,North,534,147,387,0.8948
2026-02-08,NOVA-AUD-02,DC-SOUTH,South,558,142,416,0.8909
2026-02-08,NOVA-AUD-02,DC-EAST,East,527,196,331,0.9162
2026-02-08,NOVA-AUD-02,DC-WEST,West,465,122,343,0.8719
2026-02-08,NOVA-MOB-01,DC-NORTH,North,256,108,148,0.8513
2026-02-08,NOVA-MOB-01,DC-SOUTH,South,241,83,158,0.854
2026-02-08,NOVA-MOB-01,DC-EAST,East,245,88,157,0.9156
2026-02-08,NOVA-MOB-01,DC-WEST,West,286,95,191,0.9466
2026-02-08,NOVA-MOB-02,DC-NORTH,North,284,85,199,0.9261
2026-02-08,NOVA-MOB-02,DC-SOUTH,South,338,112,226,0.8552
2026-02-08,NOVA-MOB-02,DC-EAST,East,341,103,238,0.8699
2026-02-08,NOVA-MOB-02,DC-WEST,West,306,105,201,0.8996
2026-02-08,NOVA-CPT-01,DC-NORTH,North,169,61,108,0.9203
2026-02-08,NOVA-CPT-01,DC-SOUTH,South,156,49,107,0.8712
2026-02-08,NOVA-CPT-01,DC-EAST,East,146,64,82,0.9463
2026-02-08,NOVA-CPT-01,DC-WEST,West,168,65,103,0.8935
2026-02-08,NOVA-CPT-02,DC-NORTH,North,198,84,114,0.9436
2026-02-08,NOVA-CPT-02,DC-SOUTH,South,190,71,119,0.9529
2026-02-08,NOVA-CPT-02,DC-EAST,East,180,49,131,0.8748
2026-02-08,NOVA-CPT-02,DC-WEST,West,178,57,121,0.9375
2026-02-08,NOVA-WBL-01,DC-NORTH,North,279,73,206,0.859
2026-02-08,NOVA-WBL-01,DC-SOUTH,South,278,98,180,0.9127
2026-02-08,NOVA-WBL-01,DC-EAST,East,304,111,193,0.905
2026-02-08,NOVA-WBL-01,DC-WEST,West,244,80,164,0.8577
2026-02-08,NOVA-WBL-02,DC-NORTH,North,357,105,252,0.9238
2026-02-08,NOVA-WBL-02,DC-SOUTH,South,383,108,275,0.8775
2026-02-08,NOVA-WBL-02,DC-EAST,East,385,157,228,0.9532
2026-02-08,NOVA-WBL-02,DC-WEST,West,448,114,334,0.8691
2026-02-08,NOVA-ACC-01,DC-NORTH,North,713,267,446,0.8932
2026-02-08,NOVA-ACC-01,DC-SOUTH,South,860,309,551,0.847
2026-02-08,NOVA-ACC-01,DC-EAST,East,823,258,565,0.9387
2026-02-08,NOVA-ACC-01,DC-WEST,West,658,218,440,0.9381
2026-02-08,NOVA-ACC-02,DC-NORTH,North,579,213,366,0.9451
2026-02-08,NOVA-ACC-02,DC-SOUTH,South,476,166,310,0.9243
2026-02-08,NOVA-ACC-02,DC-EAST,East,560,209,351,0.8683
2026-02-08,NOVA-ACC-02,DC-WEST,West,489,134,355,0.8788
2026-02-09,NOVA-AUD-01,DC-NORTH,North,352,121,231,0.8857
2026-02-09,NOVA-AUD-01,DC-SOUTH,South,367,118,249,0.8506
2026-02-09,NOVA-AUD-01,DC-EAST,East,437,144,293,0.8944
2026-02-09,NOVA-AUD-01,DC-WEST,West,376,129,247,0.9023
2026-02-09,NOVA-AUD-02,DC-NORTH,North,447,125,322,0.8537
2026-02-09,NOVA-AUD-02,DC-SOUTH,South,418,180,238,0.8995
2026-02-09,NOVA-AUD-02,DC-EAST,East,526,131,395,0.8828
2026-02-09,NOVA-AUD-02,DC-WEST,West,425,181,244,0.953
2026-02-09,NOVA-MOB-01,DC-NORTH,North,250,88,162,0.9136
2026-02-09,NOVA-MOB-01,DC-SOUTH,South,286,87,199,0.8515
2026-02-09,NOVA-MOB-01,DC-EAST,East,244,99,145,0.9266
2026-02-09,NOVA-MOB-01,DC-WEST,West,284,118,166,0.8901
2026-02-09,NOVA-MOB-02,DC-NORTH,North,351,135,216,0.8532
2026-02-09,NOVA-MOB-02,DC-SOUTH,South,293,130,163,0.8936
2026-02-09,NOVA-MOB-02,DC-EAST,East,299,122,177,0.8638
2026-02-09,NOVA-MOB-02,DC-WEST,West,288,93,195,0.9109
2026-02-09,NOVA-CPT-01,DC-NORTH,North,178,47,131,0.8551
2026-02-09,NOVA-CPT-01,DC-SOUTH,South,153,61,92,0.9428
2026-02-09,NOVA-CPT-01,DC-EAST,East,183,77,106,0.9513
2026-02-09,NOVA-CPT-01,DC-WEST,West,159,50,109,0.9315
2026-02-09,NOVA-CPT-02,DC-NORTH,North,195,79,116,0.8875
2026-02-09,NOVA-CPT-02,DC-SOUTH,South,190,76,114,0.8655
2026-02-09,NOVA-CPT-02,DC-EAST,East,179,51,128,0.9401
2026-02-09,NOVA-CPT-02,DC-WEST,West,212,87,125,0.8795
2026-02-09,NOVA-WBL-01,DC-NORTH,North,297,130,167,0.9095
2026-02-09,NOVA-WBL-01,DC-SOUTH,South,269,69,200,0.9221
2026-02-09,NOVA-WBL-01,DC-EAST,East,309,122,187,0.92
2026-02-09,NOVA-WBL-01,DC-WEST,West,281,112,169,0.9019
2026-02-09,NOVA-WBL-02,DC-NORTH,North,361,98,263,0.9151
2026-02-09,NOVA-WBL-02,DC-SOUTH,South,381,170,211,0.9473
2026-02-09,NOVA-WBL-02,DC-EAST,East,423,127,296,0.8574
2026-02-09,NOVA-WBL-02,DC-WEST,West,458,150,308,0.944
2026-02-09,NOVA-ACC-01,DC-NORTH,North,857,362,495,0.9121
2026-02-09,NOVA-ACC-01,DC-SOUTH,South,854,240,614,0.9262
2026-02-09,NOVA-ACC-01,DC-EAST,East,794,338,456,0.9109
2026-02-09,NOVA-ACC-01,DC-WEST,West,813,251,562,0.9479
2026-02-09,NOVA-ACC-02,DC-NORTH,North,487,137,350,0.9314
2026-02-09,NOVA-ACC-02,DC-SOUTH,South,522,219,303,0.8809
2026-02-09,NOVA-ACC-02,DC-EAST,East,615,228,387,0.9104
2026-02-09,NOVA-ACC-02,DC-WEST,West,630,217,413,0.883
2026-02-10,NOVA-AUD-01,DC-NORTH,North,378,158,220,0.9276
2026-02-10,NOVA-AUD-01,DC-SOUTH,South,390,170,220,0.8522
2026-02-10,NOVA-AUD-01,DC-EAST,East,408,178,230,0.8836
2026-02-10,NOVA-AUD-01,DC-WEST,West,434,193,241,0.8937
2026-02-10,NOVA-AUD-02,DC-NORTH,North,427,164,263,0.8578
2026-02-10,NOVA-AUD-02,DC-SOUTH,South,532,163,369,0.8715
2026-02-10,NOVA-AUD-02,DC-EAST,East,487,168,319,0.887
2026-02-10,NOVA-AUD-02,DC-WEST,West,488,157,331,0.9086
2026-02-10,NOVA-MOB-01,DC-NORTH,North,266,77,189,0.8599
2026-02-10,NOVA-MOB-01,DC-SOUTH,South,286,87,199,0.911
2026-02-10,NOVA-MOB-01,DC-EAST,East,250,85,165,0.9097
2026-02-10,NOVA-MOB-01,DC-WEST,West,249,78,171,0.8948
2026-02-10,NOVA-MOB-02,DC-NORTH,North,352,144,208,0.8493
2026-02-10,NOVA-MOB-02,DC-SOUTH,South,317,100,217,0.9184
2026-02-10,NOVA-MOB-02,DC-EAST,East,347,124,223,0.9135
2026-02-10,NOVA-MOB-02,DC-WEST,West,325,139,186,0.868
2026-02-10,NOVA-CPT-01,DC-NORTH,North,189,67,122,0.8867
2026-02-10,NOVA-CPT-01,DC-SOUTH,South,172,56,116,0.8761
2026-02-10,NOVA-CPT-01,DC-EAST,East,148,56,92,0.8878
2026-02-10,NOVA-CPT-01,DC-WEST,West,156,56,100,0.8921
2026-02-10,NOVA-CPT-02,DC-NORTH,North,210,94,116,0.8882
2026-02-10,NOVA-CPT-02,DC-SOUTH,South,233,82,151,0.8977
2026-02-10,NOVA-CPT-02,DC-EAST,East,205,74,131,0.8545
2026-02-10,NOVA-CPT-02,DC-WEST,West,238,65,173,0.9208
2026-02-10,NOVA-WBL-01,DC-NORTH,North,265,68,197,0.9243
2026-02-10,NOVA-WBL-01,DC-SOUTH,South,290,107,183,0.9202
2026-02-10,NOVA-WBL-01,DC-EAST,East,304,91,213,0.8761
2026-02-10,NOVA-WBL-01,DC-WEST,West,276,93,183,0.8851
2026-02-10,NOVA-WBL-02,DC-NORTH,North,391,154,237,0.8979
2026-02-10,NOVA-WBL-02,DC-SOUTH,South,408,106,302,0.8821
2026-02-10,NOVA-WBL-02,DC-EAST,East,414,157,257,0.9054
2026-02-10,NOVA-WBL-02,DC-WEST,West,391,102,289,0.8803
2026-02-10,NOVA-ACC-01,DC-NORTH,North,675,251,424,0.912
2026-02-10,NOVA-ACC-01,DC-SOUTH,South,869,283,586,0.8468
2026-02-10,NOVA-ACC-01,DC-EAST,East,758,215,543,0.9064
2026-02-10,NOVA-ACC-01,DC-WEST,West,858,253,605,0.8907
2026-02-10,NOVA-ACC-02,DC-NORTH,North,635,236,399,0.8584
2026-02-10,NOVA-ACC-02,DC-SOUTH,South,627,226,401,0.9158
2026-02-10,NOVA-ACC-02,DC-EAST,East,565,195,370,0.846
2026-02-10,NOVA-ACC-02,DC-WEST,West,596,191,405,0.8575
2026-02-11,NOVA-AUD-01,DC-NORTH,North,400,153,247,0.8693
2026-02-11,NOVA-AUD-01,DC-SOUTH,South,427,160,267,0.9524
2026-02-11,NOVA-AUD-01,DC-EAST,East,379,166,213,0.9365
2026-02-11,NOVA-AUD-01,DC-WEST,West,442,198,244,0.8976
2026-02-11,NOVA-AUD-02,DC-NORTH,North,529,214,315,0.9335
2026-02-11,NOVA-AUD-02,DC-SOUTH,South,536,143,393,0.9521
2026-02-11,NOVA-AUD-02,DC-EAST,East,530,139,391,0.8896
2026-02-11,NOVA-AUD-02,DC-WEST,West,476,188,288,0.9254
2026-02-11,NOVA-MOB-01,DC-NORTH,North,278,92,186,0.8896
2026-02-11,NOVA-MOB-01,DC-SOUTH,South,231,68,163,0.9067
2026-02-11,NOVA-MOB-01,DC-EAST,East,229,81,148,0.8721
2026-02-11,NOVA-MOB-01,DC-WEST,West,285,79,206,0.9323
2026-02-11,NOVA-MOB-02,DC-NORTH,North,273,105,168,0.9124
2026-02-11,NOVA-MOB-02,DC-SOUTH,South,300,76,224,0.8733
2026-02-11,NOVA-MOB-02,DC-EAST,East,298,122,176,0.8759
2026-02-11,NOVA-MOB-02,DC-WEST,West,306,78,228,0.8798
2026-02-11,NOVA-CPT-01,DC-NORTH,North,162,49,113,0.9492
2026-02-11,NOVA-CPT-01,DC-SOUTH,South,155,46,109,0.9068
2026-02-11,NOVA-CPT-01,DC-EAST,East,159,43,116,0.8578
2026-02-11,NOVA-CPT-01,DC-WEST,West,166,47,119,0.9437
2026-02-11,NOVA-CPT-02,DC-NORTH,North,219,91,128,0.9217
2026-02-11,NOVA-CPT-02,DC-SOUTH,South,232,86,146,0.9428
2026-02-11,NOVA-CPT-02,DC-EAST,East,236,66,170,0.847
2026-02-11,NOVA-CPT-02,DC-WEST,West,179,68,111,0.8636
2026-02-11,NOVA-WBL-01,DC-NORTH,North,239,71,168,0.8876
2026-02-11,NOVA-WBL-01,DC-SOUTH,South,240,90,150,0.8891
2026-02-11,NOVA-WBL-01,DC-EAST,East,273,91,182,0.8503
2026-02-11,NOVA-WBL-01,DC-WEST,West,315,116,199,0.9407
2026-02-11,NOVA-WBL-02,DC-NORTH,North,380,154,226,0.8801
2026-02-11,NOVA-WBL-02,DC-SOUTH,South,458,115,343,0.8754
2026-02-11,NOVA-WBL-02,DC-EAST,East,477,207,270,0.9148
2026-02-11,NOVA-WBL-02,DC-WEST,West,398,154,244,0.9211
2026-02-11,NOVA-ACC-01,DC-NORTH,North,688,230,458,0.8911
2026-02-11,NOVA-ACC-01,DC-SOUTH,South,849,322,527,0.8649
2026-02-11,NOVA-ACC-01,DC-EAST,East,758,328,430,0.9491
2026-02-11,NOVA-ACC-01,DC-WEST,West,786,330,456,0.9329
2026-02-11,NOVA-ACC-02,DC-NORTH,North,514,213,301,0.8931
2026-02-11,NOVA-ACC-02,DC-SOUTH,South,617,192,425,0.8627
2026-02-11,NOVA-ACC-02,DC-EAST,East,491,149,342,0.932
2026-02-11,NOVA-ACC-02,DC-WEST,West,551,243,308,0.8551
2026-02-12,NOVA-AUD-01,DC-NORTH,North,435,171,264,0.948
2026-02-12,NOVA-AUD-01,DC-SOUTH,South,437,182,255,0.9447
2026-02-12,NOVA-AUD-01,DC-EAST,East,423,110,313,0.8908
2026-02-12,NOVA-AUD-01,DC-WEST,West,340,99,241,0.9037
2026-02-12,NOVA-AUD-02,DC-NORTH,North,425,161,264,0.9408
2026-02-12,NOVA-AUD-02,DC-SOUTH,South,488,145,343,0.8655
2026-02-12,NOVA-AUD-02,DC-EAST,East,476,197,279,0.8689
2026-02-12,NOVA-AUD-02,DC-WEST,West,509,170,339,0.9217
2026-02-12,NOVA-MOB-01,DC-NORTH,North,282,86,196,0.9268
2026-02-12,NOVA-MOB-01,DC-SOUTH,South,223,85,138,0.8526
2026-02-12,NOVA-MOB-01,DC-EAST,East,271,97,174,0.9256
2026-02-12,NOVA-MOB-01,DC-WEST,West,245,94,151,0.893
2026-02-12,NOVA-MOB-02,DC-NORTH,North,289,75,214,0.9403
2026-02-12,NOVA-MOB-02,DC-SOUTH,South,348,139,209,0.9127
2026-02-12,NOVA-MOB-02,DC-EAST,East,326,114,212,0.911
2026-02-12,NOVA-MOB-02,DC-WEST,West,344,132,212,0.9354
2026-02-12,NOVA-CPT-01,DC-NORTH,North,192,61,131,0.9341
2026-02-12,NOVA-CPT-01,DC-SOUTH,South,156,44,112,0.914
2026-02-12,NOVA-CPT-01,DC-EAST,East,191,64,127,0.9356
2026-02-12,NOVA-CPT-01,DC-WEST,West,169,71,98,0.9331
2026-02-12,NOVA-CPT-02,DC-NORTH,North,219,76,143,0.9529
2026-02-12,NOVA-CPT-02,DC-SOUTH,South,183,73,110,0.9305
2026-02-12,NOVA-CPT-02,DC-EAST,East,241,73,168,0.9229
2026-02-12,NOVA-CPT-02,DC-WEST,West,228,95,133,0.8724
2026-02-12,NOVA-WBL-01,DC-NORTH,North,302,122,180,0.896
2026-02-12,NOVA-WBL-01,DC-SOUTH,South,260,69,191,0.9399
2026-02-12,NOVA-WBL-01,DC-EAST,East,264,85,179,0.9407
2026-02-12,NOVA-WBL-01,DC-WEST,West,312,86,226,0.8741
2026-02-12,NOVA-WBL-02,DC-NORTH,North,452,173,279,0.88
2026-02-12,NOVA-WBL-02,DC-SOUTH,South,390,153,237,0.8544
2026-02-12,NOVA-WBL-02,DC-EAST,East,364,135,229,0.9175
2026-02-12,NOVA-WBL-02,DC-WEST,West,438,119,319,0.9134
2026-02-12,NOVA-ACC-01,DC-NORTH,North,835,266,569,0.9099
2026-02-12,NOVA-ACC-01,DC-SOUTH,South,704,237,467,0.8814
2026-02-12,NOVA-ACC-01,DC-EAST,East,837,248,589,0.8801
2026-02-12,NOVA-ACC-01,DC-WEST,West,717,223,494,0.9503
2026-02-12,NOVA-ACC-02,DC-NORTH,North,576,172,404,0.9423
2026-02-12,NOVA-ACC-02,DC-SOUTH,South,603,216,387,0.9203
2026-02-12,NOVA-ACC-02,DC-EAST,East,518,131,387,0.9091
2026-02-12,NOVA-ACC-02,DC-WEST,West,503,217,286,0.9275
2026-02-13,NOVA-AUD-01,DC-NORTH,North,345,110,235,0.9459
2026-02-13,NOVA-AUD-01,DC-SOUTH,South,445,161,284,0.8722
2026-02-13,NOVA-AUD-01,DC-EAST,East,436,138,298,0.8664
2026-02-13,NOVA-AUD-01,DC-WEST,West,336,86,250,0.928
2026-02-13,NOVA-AUD-02,DC-NORTH,North,509,204,305,0.8686
2026-02-13,NOVA-AUD-02,DC-SOUTH,South,443,165,278,0.941
2026-02-13,NOVA-AUD-02,DC-EAST,East,437,187,250,0.9196
2026-02-13,NOVA-AUD-02,DC-WEST,West,529,171,358,0.8834
2026-02-13,NOVA-MOB-01,DC-NORTH,North,284,127,157,0.9344
2026-02-13,NOVA-MOB-01,DC-SOUTH,South,281,87,194,0.8998
2026-02-13,NOVA-MOB-01,DC-EAST,East,243,77,166,0.9458
2026-02-13,NOVA-MOB-01,DC-WEST,West,255,74,181,0.9523
2026-02-13,NOVA-MOB-02,DC-NORTH,North,282,84,198,0.9087
2026-02-13,NOVA-MOB-02,DC-SOUTH,South,288,76,212,0.9085
2026-02-13,NOVA-MOB-02,DC-EAST,East,294,130,164,0.9005
2026-02-13,NOVA-MOB-02,DC-WEST,West,294,99,195,0.8935
2026-02-13,NOVA-CPT-01,DC-NORTH,North,189,76,113,0.9032
2026-02-13,NOVA-CPT-01,DC-SOUTH,South,185,71,114,0.9071
2026-02-13,NOVA-CPT-01,DC-EAST,East,167,65,102,0.9357
2026-02-13,NOVA-CPT-01,DC-WEST,West,155,52,103,0.8674
2026-02-13,NOVA-CPT-02,DC-NORTH,North,221,58,163,0.9111
2026-02-13,NOVA-CPT-02,DC-SOUTH,South,205,66,139,0.9155
2026-02-13,NOVA-CPT-02,DC-EAST,East,232,89,143,0.8776
2026-02-13,NOVA-CPT-02,DC-WEST,West,226,85,141,0.925
2026-02-13,NOVA-WBL-01,DC-NORTH,North,307,123,184,0.8829
2026-02-13,NOVA-WBL-01,DC-SOUTH,South,273,104,169,0.9193
2026-02-13,NOVA-WBL-01,DC-EAST,East,269,92,177,0.9428
2026-02-13,NOVA-WBL-01,DC-WEST,West,314,106,208,0.9474
2026-02-13,NOVA-WBL-02,DC-NORTH,North,458,160,298,0.8845
2026-02-13,NOVA-WBL-02,DC-SOUTH,South,413,130,283,0.9318
2026-02-13,NOVA-WBL-02,DC-EAST,East,426,109,317,0.8603
2026-02-13,NOVA-WBL-02,DC-WEST,West,418,178,240,0.9176
2026-02-13,NOVA-ACC-01,DC-NORTH,North,683,205,478,0.9317
2026-02-13,NOVA-ACC-01,DC-SOUTH,South,789,204,585,0.896
2026-02-13,NOVA-ACC-01,DC-EAST,East,720,263,457,0.9143
2026-02-13,NOVA-ACC-01,DC-WEST,West,845,366,479,0.8732
2026-02-13,NOVA-ACC-02,DC-NORTH,North,643,185,458,0.8641
2026-02-13,NOVA-ACC-02,DC-SOUTH,South,501,188,313,0.8736
2026-02-13,NOVA-ACC-02,DC-EAST,East,626,190,436,0.9197
2026-02-13,NOVA-ACC-02,DC-WEST,West,515,139,376,0.8982
2026-02-14,NOVA-AUD-01,DC-NORTH,North,440,167,273,0.9269
2026-02-14,NOVA-AUD-01,DC-SOUTH,South,333,87,246,0.8523
2026-02-14,NOVA-AUD-01,DC-EAST,East,356,117,239,0.9443
2026-02-14,NOVA-AUD-01,DC-WEST,West,404,179,225,0.8538
2026-02-14,NOVA-AUD-02,DC-NORTH,North,474,194,280,0.8733
2026-02-14,NOVA-AUD-02,DC-SOUTH,South,434,146,288,0.9517
2026-02-14,NOVA-AUD-02,DC-EAST,East,530,174,356,0.9175
2026-02-14,NOVA-AUD-02,DC-WEST,West,456,120,336,0.8492
2026-02-14,NOVA-MOB-01,DC-NORTH,North,266,78,188,0.8658
2026-02-14,NOVA-MOB-01,DC-SOUTH,South,240,77,163,0.9528
2026-02-14,NOVA-MOB-01,DC-EAST,East,267,95,172,0.8575
2026-02-14,NOVA-MOB-01,DC-WEST,West,265,113,152,0.9271
2026-02-14,NOVA-MOB-02,DC-NORTH,North,262,65,197,0.9255
2026-02-14,NOVA-MOB-02,DC-SOUTH,South,269,113,156,0.8699
2026-02-14,NOVA-MOB-02,DC-EAST,East,270,76,194,0.9074
2026-02-14,NOVA-MOB-02,DC-WEST,West,266,111,155,0.8992
2026-02-14,NOVA-CPT-01,DC-NORTH,North,146,58,88,0.9406
2026-02-14,NOVA-CPT-01,DC-SOUTH,South,178,54,124,0.9485
2026-02-14,NOVA-CPT-01,DC-EAST,East,170,43,127,0.8781
2026-02-14,NOVA-CPT-01,DC-WEST,West,170,65,105,0.8564
2026-02-14,NOVA-CPT-02,DC-NORTH,North,209,61,148,0.9379
2026-02-14,NOVA-CPT-02,DC-SOUTH,South,197,82,115,0.8732
2026-02-14,NOVA-CPT-02,DC-EAST,East,196,53,143,0.8871
2026-02-14,NOVA-CPT-02,DC-WEST,West,228,59,169,0.8951
2026-02-14,NOVA-WBL-01,DC-NORTH,North,292,101,191,0.8949
2026-02-14,NOVA-WBL-01,DC-SOUTH,South,282,105,177,0.8538
2026-02-14,NOVA-WBL-01,DC-EAST,East,248,67,181,0.8525
2026-02-14,NOVA-WBL-01,DC-WEST,West,251,93,158,0.9004
2026-02-14,NOVA-WBL-02,DC-NORTH,North,389,145,244,0.948
2026-02-14,NOVA-WBL-02,DC-SOUTH,South,424,109,315,0.8573
2026-02-14,NOVA-WBL-02,DC-EAST,East,368,96,272,0.8832
2026-02-14,NOVA-WBL-02,DC-WEST,West,406,139,267,0.9399
2026-02-14,NOVA-ACC-01,DC-NORTH,North,753,238,515,0.914
2026-02-14,NOVA-ACC-01,DC-SOUTH,South,759,245,514,0.91
2026-02-14,NOVA-ACC-01,DC-EAST,East,859,353,506,0.8703
2026-02-14,NOVA-ACC-01,DC-WEST,West,799,338,461,0.8806
2026-02-14,NOVA-ACC-02,DC-NORTH,North,574,227,347,0.8762
2026-02-14,NOVA-ACC-02,DC-SOUTH,South,558,206,352,0.855
2026-02-14,NOVA-ACC-02,DC-EAST,East,639,264,375,0.9282
2026-02-14,NOVA-ACC-02,DC-WEST,West,596,218,378,0.9136
2026-02-15,NOVA-AUD-01,DC-NORTH,North,420,184,236,0.9032
2026-02-15,NOVA-AUD-01,DC-SOUTH,South,396,166,230,0.88
2026-02-15,NOVA-AUD-01,DC-EAST,East,358,92,266,0.8465
2026-02-15,NOVA-AUD-01,DC-WEST,West,370,108,262,0.8746
2026-02-15,NOVA-AUD-02,DC-NORTH,North,447,135,312,0.9343
2026-02-15,NOVA-AUD-02,DC-SOUTH,South,442,180,262,0.9377
2026-02-15,NOVA-AUD-02,DC-EAST,East,416,116,300,0.9489
2026-02-15,NOVA-AUD-02,DC-WEST,West,485,153,332,0.8942
2026-02-15,NOVA-MOB-01,DC-NORTH,North,229,89,140,0.9125
2026-02-15,NOVA-MOB-01,DC-SOUTH,South,275,112,163,0.8557
2026-02-15,NOVA-MOB-01,DC-EAST,East,246,87,159,0.8829
2026-02-15,NOVA-MOB-01,DC-WEST,West,222,93,129,0.8612
2026-02-15,NOVA-MOB-02,DC-NORTH,North,352,102,250,0.8668
2026-02-15,NOVA-MOB-02,DC-SOUTH,South,336,118,218,0.8557
2026-02-15,NOVA-MOB-02,DC-EAST,East,335,95,240,0.8879
2026-02-15,NOVA-MOB-02,DC-WEST,West,282,84,198,0.8492
2026-02-15,NOVA-CPT-01,DC-NORTH,North,181,47,134,0.9482
2026-02-15,NOVA-CPT-01,DC-SOUTH,South,189,68,121,0.9511
2026-02-15,NOVA-CPT-01,DC-EAST,East,183,81,102,0.8474
2026-02-15,NOVA-CPT-01,DC-WEST,West,187,66,121,0.8924
2026-02-15,NOVA-CPT-02,DC-NORTH,North,222,60,162,0.9294
2026-02-15,NOVA-CPT-02,DC-SOUTH,South,210,65,145,0.9218
2026-02-15,NOVA-CPT-02,DC-EAST,East,193,63,130,0.8804
2026-02-15,NOVA-CPT-02,DC-WEST,West,230,78,152,0.8982
2026-02-15,NOVA-WBL-01,DC-NORTH,North,245,67,178,0.8576
2026-02-15,NOVA-WBL-01,DC-SOUTH,South,271,73,198,0.907
2026-02-15,NOVA-WBL-01,DC-EAST,East,313,138,175,0.9379
2026-02-15,NOVA-WBL-01,DC-WEST,West,311,139,172,0.9432
2026-02-15,NOVA-WBL-02,DC-NORTH,North,479,207,272,0.8599
2026-02-15,NOVA-WBL-02,DC-SOUTH,South,399,174,225,0.8983
2026-02-15,NOVA-WBL-02,DC-EAST,East,461,156,305,0.8539
2026-02-15,NOVA-WBL-02,DC-WEST,West,413,103,310,0.8887
2026-02-15,NOVA-ACC-01,DC-NORTH,North,749,283,466,0.8756
2026-02-15,NOVA-ACC-01,DC-SOUTH,South,883,367,516,0.8569
2026-02-15,NOVA-ACC-01,DC-EAST,East,763,226,537,0.9405
2026-02-15,NOVA-ACC-01,DC-WEST,West,848,284,564,0.9075
2026-02-15,NOVA-ACC-02,DC-NORTH,North,508,174,334,0.9515
2026-02-15,NOVA-ACC-02,DC-SOUTH,South,533,167,366,0.894
2026-02-15,NOVA-ACC-02,DC-EAST,East,539,197,342,0.9075
2026-02-15,NOVA-ACC-02,DC-WEST,West,592,232,360,0.9336
2026-02-16,NOVA-AUD-01,DC-NORTH,North,359,149,210,0.8864
2026-02-16,NOVA-AUD-01,DC-SOUTH,South,378,162,216,0.8497
2026-02-16,NOVA-AUD-01,DC-EAST,East,418,185,233,0.9163
2026-02-16,NOVA-AUD-01,DC-WEST,West,410,163,247,0.8493
2026-02-16,NOVA-AUD-02,DC-NORTH,North,455,179,276,0.9412
2026-02-16,NOVA-AUD-02,DC-SOUTH,South,468,177,291,0.8527
2026-02-16,NOVA-AUD-02,DC-EAST,East,481,182,299,0.8543
2026-02-16,NOVA-AUD-02,DC-WEST,West,511,206,305,0.9131
2026-02-16,NOVA-MOB-01,DC-NORTH,North,285,112,173,0.9142
2026-02-16,NOVA-MOB-01,DC-SOUTH,South,231,68,163,0.9163
2026-02-16,NOVA-MOB-01,DC-EAST,East,251,87,164,0.8824
2026-02-16,NOVA-MOB-01,DC-WEST,West,258,68,190,0.8559
2026-02-16,NOVA-MOB-02,DC-NORTH,North,320,121,199,0.9515
2026-02-16,NOVA-MOB-02,DC-SOUTH,South,293,113,180,0.9387
2026-02-16,NOVA-MOB-02,DC-EAST,East,283,114,169,0.9295
2026-02-16,NOVA-MOB-02,DC-WEST,West,270,74,196,0.9277
2026-02-16,NOVA-CPT-01,DC-NORTH,North,177,64,113,0.951
2026-02-16,NOVA-CPT-01,DC-SOUTH,South,188,47,141,0.866
2026-02-16,NOVA-CPT-01,DC-EAST,East,179,62,117,0.8807
2026-02-16,NOVA-CPT-01,DC-WEST,West,177,58,119,0.8518
2026-02-16,NOVA-CPT-02,DC-NORTH,North,230,99,131,0.8489
2026-02-16,NOVA-CPT-02,DC-SOUTH,South,237,84,153,0.8839
2026-02-16,NOVA-CPT-02,DC-EAST,East,183,64,119,0.8744
2026-02-16,NOVA-CPT-02,DC-WEST,West,191,78,113,0.8681
2026-02-16,NOVA-WBL-01,DC-NORTH,North,258,86,172,0.8526
2026-02-16,NOVA-WBL-01,DC-SOUTH,South,321,113,208,0.8938
2026-02-16,NOVA-WBL-01,DC-EAST,East,290,116,174,0.9455
2026-02-16,NOVA-WBL-01,DC-WEST,West,261,72,189,0.9434
2026-02-16,NOVA-WBL-02,DC-NORTH,North,389,152,237,0.8961
2026-02-16,NOVA-WBL-02,DC-SOUTH,South,375,153,222,0.899
2026-02-16,NOVA-WBL-02,DC-EAST,East,393,99,294,0.89
2026-02-16,NOVA-WBL-02,DC-WEST,West,419,115,304,0.9152
2026-02-16,NOVA-ACC-01,DC-NORTH,North,686,243,443,0.9248
2026-02-16,NOVA-ACC-01,DC-SOUTH,South,775,197,578,0.9237
2026-02-16,NOVA-ACC-01,DC-EAST,East,801,293,508,0.8822
2026-02-16,NOVA-ACC-01,DC-WEST,West,751,213,538,0.9226
2026-02-16,NOVA-ACC-02,DC-NORTH,North,482,150,332,0.8746
2026-02-16,NOVA-ACC-02,DC-SOUTH,South,608,197,411,0.8933
2026-02-16,NOVA-ACC-02,DC-EAST,East,628,185,443,0.939
2026-02-16,NOVA-ACC-02,DC-WEST,West,507,179,328,0.8601
2026-02-17,NOVA-AUD-01,DC-NORTH,North,423,176,247,0.9444
2026-02-17,NOVA-AUD-01,DC-SOUTH,South,379,125,254,0.8747
2026-02-17,NOVA-AUD-01,DC-EAST,East,363,98,265,0.8938
2026-02-17,NOVA-AUD-01,DC-WEST,West,435,130,305,0.9454
2026-02-17,NOVA-AUD-02,DC-NORTH,North,485,154,331,0.8657
2026-02-17,NOVA-AUD-02,DC-SOUTH,South,529,164,365,0.9372
2026-02-17,NOVA-AUD-02,DC-EAST,East,475,194,281,0.9475
2026-02-17,NOVA-AUD-02,DC-WEST,West,433,159,274,0.8532
2026-02-17,NOVA-MOB-01,DC-NORTH,North,242,82,160,0.8727
2026-02-17,NOVA-MOB-01,DC-SOUTH,South,266,74,192,0.9058
2026-02-17,NOVA-MOB-01,DC-EAST,East,238,90,148,0.8491
2026-02-17,NOVA-MOB-01,DC-WEST,West,261,82,179,0.9136
2026-02-17,NOVA-MOB-02,DC-NORTH,North,294,125,169,0.8741
2026-02-17,NOVA-MOB-02,DC-SOUTH,South,292,103,189,0.8507
2026-02-17,NOVA-MOB-02,DC-EAST,East,300,93,207,0.8956
2026-02-17,NOVA-MOB-02,DC-WEST,West,289,85,204,0.918
2026-02-17,NOVA-CPT-01,DC-NORTH,North,148,50,98,0.851
2026-02-17,NOVA-CPT-01,DC-SOUTH,South,169,50,119,0.8838
2026-02-17,NOVA-CPT-01,DC-EAST,East,157,44,113,0.9451
2026-02-17,NOVA-CPT-01,DC-WEST,West,182,78,104,0.8851
2026-02-17,NOVA-CPT-02,DC-NORTH,North,196,86,110,0.9278
2026-02-17,NOVA-CPT-02,DC-SOUTH,South,212,69,143,0.8477
2026-02-17,NOVA-CPT-02,DC-EAST,East,190,61,129,0.8728
2026-02-17,NOVA-CPT-02,DC-WEST,West,185,61,124,0.9356
2026-02-17,NOVA-WBL-01,DC-NORTH,North,264,71,193,0.8743
2026-02-17,NOVA-WBL-01,DC-SOUTH,South,246,99,147,0.9168
2026-02-17,NOVA-WBL-01,DC-EAST,East,240,64,176,0.9187
2026-02-17,NOVA-WBL-01,DC-WEST,West,276,81,195,0.9152
2026-02-17,NOVA-WBL-02,DC-NORTH,North,442,117,325,0.8643
2026-02-17,NOVA-WBL-02,DC-SOUTH,South,429,177,252,0.8714
2026-02-17,NOVA-WBL-02,DC-EAST,East,458,162,296,0.8764
2026-02-17,NOVA-WBL-02,DC-WEST,West,480,188,292,0.9188
2026-02-17,NOVA-ACC-01,DC-NORTH,North,685,236,449,0.8606
2026-02-17,NOVA-ACC-01,DC-SOUTH,South,756,263,493,0.8574
2026-02-17,NOVA-ACC-01,DC-EAST,East,728,276,452,0.9535
2026-02-17,NOVA-ACC-01,DC-WEST,West,699,291,408,0.8465
2026-02-17,NOVA-ACC-02,DC-NORTH,North,575,222,353,0.8764
2026-02-17,NOVA-ACC-02,DC-SOUTH,South,557,240,317,0.8733
2026-02-17,NOVA-ACC-02,DC-EAST,East,629,157,472,0.8668
2026-02-17,NOVA-ACC-02,DC-WEST,West,609,270,339,0.9277
2026-02-18,NOVA-AUD-01,DC-NORTH,North,403,113,290,0.9071
2026-02-18,NOVA-AUD-01,DC-SOUTH,South,338,111,227,0.9354
2026-02-18,NOVA-AUD-01,DC-EAST,East,404,162,242,0.8812
2026-02-18,NOVA-AUD-01,DC-WEST,West,421,108,313,0.921
2026-02-18,NOVA-AUD-02,DC-NORTH,North,452,151,301,0.8808
2026-02-18,NOVA-AUD-02,DC-SOUTH,South,537,202,335,0.906
2026-02-18,NOVA-AUD-02,DC-EAST,East,558,198,360,0.9463
2026-02-18,NOVA-AUD-02,DC-WEST,West,451,191,260,0.8806
2026-02-18,NOVA-MOB-01,DC-NORTH,North,227,75,152,0.9527
2026-02-18,NOVA-MOB-01,DC-SOUTH,South,256,82,174,0.9047
2026-02-18,NOVA-MOB-01,DC-EAST,East,264,72,192,0.9028
2026-02-18,NOVA-MOB-01,DC-WEST,West,255,64,191,0.9215
2026-02-18,NOVA-MOB-02,DC-NORTH,North,261,82,179,0.8671
2026-02-18,NOVA-MOB-02,DC-SOUTH,South,311,111,200,0.8889
2026-02-18,NOVA-MOB-02,DC-EAST,East,310,107,203,0.8633
2026-02-18,NOVA-MOB-02,DC-WEST,West,328,137,191,0.8627
2026-02-18,NOVA-CPT-01,DC-NORTH,North,188,84,104,0.8471
2026-02-18,NOVA-CPT-01,DC-SOUTH,South,146,65,81,0.9046
2026-02-18,NOVA-CPT-01,DC-EAST,East,188,62,126,0.9257
2026-02-18,NOVA-CPT-01,DC-WEST,West,190,55,135,0.9224
2026-02-18,NOVA-CPT-02,DC-NORTH,North,207,90,117,0.8883
2026-02-18,NOVA-CPT-02,DC-SOUTH,South,185,56,129,0.8836
2026-02-18,NOVA-CPT-02,DC-EAST,East,240,63,177,0.9085
2026-02-18,NOVA-CPT-02,DC-WEST,West,213,72,141,0.9365
2026-02-18,NOVA-WBL-01,DC-NORTH,North,295,81,214,0.9253
2026-02-18,NOVA-WBL-01,DC-SOUTH,South,290,82,208,0.9347
2026-02-18,NOVA-WBL-01,DC-EAST,East,287,120,167,0.9467
2026-02-18,NOVA-WBL-01,DC-WEST,West,293,97,196,0.8819
2026-02-18,NOVA-WBL-02,DC-NORTH,North,453,134,319,0.909
2026-02-18,NOVA-WBL-02,DC-SOUTH,South,445,145,300,0.9064
2026-02-18,NOVA-WBL-02,DC-EAST,East,454,171,283,0.9044
2026-02-18,NOVA-WBL-02,DC-WEST,West,438,133,305,0.881
2026-02-18,NOVA-ACC-01,DC-NORTH,North,795,207,588,0.8612
2026-02-18,NOVA-ACC-01,DC-SOUTH,South,833,246,587,0.8719
2026-02-18,NOVA-ACC-01,DC-EAST,East,738,261,477,0.8836
2026-02-18,NOVA-ACC-01,DC-WEST,West,849,237,612,0.9017
2026-02-18,NOVA-ACC-02,DC-NORTH,North,513,169,344,0.8693
2026-02-18,NOVA-ACC-02,DC-SOUTH,South,562,208,354,0.9418
2026-02-18,NOVA-ACC-02,DC-EAST,East,489,180,309,0.8838
2026-02-18,NOVA-ACC-02,DC-WEST,West,637,229,408,0.8855
2026-02-19,NOVA-AUD-01,DC-NORTH,North,335,126,209,0.9094
2026-02-19,NOVA-AUD-01,DC-SOUTH,South,343,135,208,0.911
2026-02-19,NOVA-AUD-01,DC-EAST,East,422,188,234,0.9405
2026-02-19,NOVA-AUD-01,DC-WEST,West,434,189,245,0.8781
2026-02-19,NOVA-AUD-02,DC-NORTH,North,479,174,305,0.9137
2026-02-19,NOVA-AUD-02,DC-SOUTH,South,439,113,326,0.8961
2026-02-19,NOVA-AUD-02,DC-EAST,East,531,186,345,0.9197
2026-02-19,NOVA-AUD-02,DC-WEST,West,517,157,360,0.9379
2026-02-19,NOVA-MOB-01,DC-NORTH,North,283,75,208,0.8537
2026-02-19,NOVA-MOB-01,DC-SOUTH,South,286,126,160,0.8971
2026-02-19,NOVA-MOB-01,DC-EAST,East,226,69,157,0.9306
2026-02-19,NOVA-MOB-01,DC-WEST,West,236,93,143,0.8752
2026-02-19,NOVA-MOB-02,DC-NORTH,North,285,119,166,0.9082
2026-02-19,NOVA-MOB-02,DC-SOUTH,South,277,79,198,0.9444
2026-02-19,NOVA-MOB-02,DC-EAST,East,309,101,208,0.9254
2026-02-19,NOVA-MOB-02,DC-WEST,West,339,151,188,0.8993
2026-02-19,NOVA-CPT-01,DC-NORTH,North,152,38,114,0.852
2026-02-19,NOVA-CPT-01,DC-SOUTH,South,174,44,130,0.8953
2026-02-19,NOVA-CPT-01,DC-EAST,East,143,52,91,0.8998
2026-02-19,NOVA-CPT-01,DC-WEST,West,186,82,104,0.917
2026-02-19,NOVA-CPT-02,DC-NORTH,North,241,81,160,0.92
2026-02-19,NOVA-CPT-02,DC-SOUTH,South,219,81,138,0.8817
2026-02-19,NOVA-CPT-02,DC-EAST,East,241,103,138,0.928
2026-02-19,NOVA-CPT-02,DC-WEST,West,233,77,156,0.8486
2026-02-19,NOVA-WBL-01,DC-NORTH,North,295,89,206,0.9343
2026-02-19,NOVA-WBL-01,DC-SOUTH,South,299,74,225,0.8827
2026-02-19,NOVA-WBL-01,DC-EAST,East,292,79,213,0.9303
2026-02-19,NOVA-WBL-01,DC-WEST,West,269,75,194,0.922
2026-02-19,NOVA-WBL-02,DC-NORTH,North,393,148,245,0.9198
2026-02-19,NOVA-WBL-02,DC-SOUTH,South,455,175,280,0.8465
2026-02-19,NOVA-WBL-02,DC-EAST,East,479,152,327,0.9078
2026-02-19,NOVA-WBL-02,DC-WEST,West,362,155,207,0.8944
2026-02-19,NOVA-ACC-01,DC-NORTH,North,686,266,420,0.9304
2026-02-19,NOVA-ACC-01,DC-SOUTH,South,666,291,375,0.9334
2026-02-19,NOVA-ACC-01,DC-EAST,East,763,264,499,0.8632
2026-02-19,NOVA-ACC-01,DC-WEST,West,720,249,471,0.8772
2026-02-19,NOVA-ACC-02,DC-NORTH,North,540,237,303,0.9494
2026-02-19,NOVA-ACC-02,DC-SOUTH,South,634,225,409,0.882
2026-02-19,NOVA-ACC-02,DC-EAST,East,498,177,321,0.8492
2026-02-19,NOVA-ACC-02,DC-WEST,West,579,244,335,0.9188
2026-02-20,NOVA-AUD-01,DC-NORTH,North,337,130,207,0.8911
2026-02-20,NOVA-AUD-01,DC-SOUTH,South,364,124,240,0.9138
2026-02-20,NOVA-AUD-01,DC-EAST,East,412,144,268,0.9346
2026-02-20,NOVA-AUD-01,DC-WEST,West,437,121,316,0.9192
2026-02-20,NOVA-AUD-02,DC-NORTH,North,439,111,328,0.9303
2026-02-20,NOVA-AUD-02,DC-SOUTH,South,499,212,287,0.8953
2026-02-20,NOVA-AUD-02,DC-EAST,East,448,181,267,0.8927
2026-02-20,NOVA-AUD-02,DC-WEST,West,498,189,309,0.8662
2026-02-20,NOVA-MOB-01,DC-NORTH,North,252,87,165,0.8832
2026-02-20,NOVA-MOB-01,DC-SOUTH,South,248,98,150,0.8835
2026-02-20,NOVA-MOB-01,DC-EAST,East,239,79,160,0.881
2026-02-20,NOVA-MOB-01,DC-WEST,West,243,87,156,0.8486
2026-02-20,NOVA-MOB-02,DC-NORTH,North,350,140,210,0.8749
2026-02-20,NOVA-MOB-02,DC-SOUTH,South,351,121,230,0.8641
2026-02-20,NOVA-MOB-02,DC-EAST,East,298,126,172,0.9011
2026-02-20,NOVA-MOB-02,DC-WEST,West,272,70,202,0.8518
2026-02-20,NOVA-CPT-01,DC-NORTH,North,160,48,112,0.9152
2026-02-20,NOVA-CPT-01,DC-SOUTH,South,159,47,112,0.8769
2026-02-20,NOVA-CPT-01,DC-EAST,East,174,55,119,0.9092
2026-02-20,NOVA-CPT-01,DC-WEST,West,174,77,97,0.8769
2026-02-20,NOVA-CPT-02,DC-NORTH,North,207,63,144,0.8588
2026-02-20,NOVA-CPT-02,DC-SOUTH,South,222,72,150,0.8815
2026-02-20,NOVA-CPT-02,DC-EAST,East,225,65,160,0.8671
2026-02-20,NOVA-CPT-02,DC-WEST,West,181,67,114,0.8822
2026-02-20,NOVA-WBL-01,DC-NORTH,North,246,64,182,0.8573
2026-02-20,NOVA-WBL-01,DC-SOUTH,South,271,74,197,0.9038
2026-02-20,NOVA-WBL-01,DC-EAST,East,275,116,159,0.9167
2026-02-20,NOVA-WBL-01,DC-WEST,West,267,96,171,0.8637
2026-02-20,NOVA-WBL-02,DC-NORTH,North,429,187,242,0.9178
2026-02-20,NOVA-WBL-02,DC-SOUTH,South,388,169,219,0.8624
2026-02-20,NOVA-WBL-02,DC-EAST,East,366,140,226,0.8957
2026-02-20,NOVA-WBL-02,DC-WEST,West,478,163,315,0.8554
2026-02-20,NOVA-ACC-01,DC-NORTH,North,774,326,448,0.9231
2026-02-20,NOVA-ACC-01,DC-SOUTH,South,741,288,453,0.8958
2026-02-20,NOVA-ACC-01,DC-EAST,East,871,251,620,0.8516
2026-02-20,NOVA-ACC-01,DC-WEST,West,715,267,448,0.8463
2026-02-20,NOVA-ACC-02,DC-NORTH,North,575,181,394,0.8628
2026-02-20,NOVA-ACC-02,DC-SOUTH,South,492,148,344,0.9199
2026-02-20,NOVA-ACC-02,DC-EAST,East,572,174,398,0.8733
2026-02-20,NOVA-ACC-02,DC-WEST,West,577,256,321,0.879
2026-02-21,NOVA-AUD-01,DC-NORTH,North,389,151,238,0.9018
2026-02-21,NOVA-AUD-01,DC-SOUTH,South,401,157,244,0.8911
2026-02-21,NOVA-AUD-01,DC-EAST,East,379,150,229,0.9217
2026-02-21,NOVA-AUD-01,DC-WEST,West,395,136,259,0.8956
2026-02-21,NOVA-AUD-02,DC-NORTH,North,461,182,279,0.9025
2026-02-21,NOVA-AUD-02,DC-SOUTH,South,424,130,294,0.8548
2026-02-21,NOVA-AUD-02,DC-EAST,East,507,191,316,0.8636
2026-02-21,NOVA-AUD-02,DC-WEST,West,426,165,261,0.9364
2026-02-21,NOVA-MOB-01,DC-NORTH,North,269,101,168,0.849
2026-02-21,NOVA-MOB-01,DC-SOUTH,South,238,91,147,0.8605
2026-02-21,NOVA-MOB-01,DC-EAST,East,245,79,166,0.9213
2026-02-21,NOVA-MOB-01,DC-WEST,West,251,65,186,0.9439
2026-02-21,NOVA-MOB-02,DC-NORTH,North,353,125,228,0.9464
2026-02-21,NOVA-MOB-02,DC-SOUTH,South,347,129,218,0.9041
2026-02-21,NOVA-MOB-02,DC-EAST,East,351,118,233,0.9079
2026-02-21,NOVA-MOB-02,DC-WEST,West,296,125,171,0.8562
2026-02-21,NOVA-CPT-01,DC-NORTH,North,151,53,98,0.8705
2026-02-21,NOVA-CPT-01,DC-SOUTH,South,167,49,118,0.9396
2026-02-21,NOVA-CPT-01,DC-EAST,East,148,52,96,0.9205
2026-02-21,NOVA-CPT-01,DC-WEST,West,160,69,91,0.8578
2026-02-21,NOVA-CPT-02,DC-NORTH,North,224,90,134,0.9528
2026-02-21,NOVA-CPT-02,DC-SOUTH,South,199,78,121,0.8678
2026-02-21,NOVA-CPT-02,DC-EAST,East,229,88,141,0.852
2026-02-21,NOVA-CPT-02,DC-WEST,West,225,69,156,0.8805
2026-02-21,NOVA-WBL-01,DC-NORTH,North,279,120,159,0.9287
2026-02-21,NOVA-WBL-01,DC-SOUTH,South,321,132,189,0.8962
2026-02-21,NOVA-WBL-01,DC-EAST,East,302,95,207,0.9443
2026-02-21,NOVA-WBL-01,DC-WEST,West,261,71,190,0.9347
2026-02-21,NOVA-WBL-02,DC-NORTH,North,382,133,249,0.8519
2026-02-21,NOVA-WBL-02,DC-SOUTH,South,382,131,251,0.9145
2026-02-21,NOVA-WBL-02,DC-EAST,East,477,131,346,0.9263
2026-02-21,NOVA-WBL-02,DC-WEST,West,362,118,244,0.9304
2026-02-21,NOVA-ACC-01,DC-NORTH,North,851,278,573,0.9357
2026-02-21,NOVA-ACC-01,DC-SOUTH,South,717,209,508,0.9194
2026-02-21,NOVA-ACC-01,DC-EAST,East,654,248,406,0.9504
2026-02-21,NOVA-ACC-01,DC-WEST,West,827,367,460,0.8685
2026-02-21,NOVA-ACC-02,DC-NORTH,North,597,196,401,0.854
2026-02-21,NOVA-ACC-02,DC-SOUTH,South,543,155,388,0.9329
2026-02-21,NOVA-ACC-02,DC-EAST,East,587,204,383,0.9336
2026-02-21,NOVA-ACC-02,DC-WEST,West,531,142,389,0.9239
2026-02-22,NOVA-AUD-01,DC-NORTH,North,436,132,304,0.9151
2026-02-22,NOVA-AUD-01,DC-SOUTH,South,418,183,235,0.9383
2026-02-22,NOVA-AUD-01,DC-EAST,East,344,94,250,0.8674
2026-02-22,NOVA-AUD-01,DC-WEST,West,378,132,246,0.8507
2026-02-22,NOVA-AUD-02,DC-NORTH,North,523,213,310,0.8797
2026-02-22,NOVA-AUD-02,DC-SOUTH,South,469,153,316,0.9144
2026-02-22,NOVA-AUD-02,DC-EAST,East,526,217,309,0.9531
2026-02-22,NOVA-AUD-02,DC-WEST,West,465,177,288,0.8626
2026-02-22,NOVA-MOB-01,DC-NORTH,North,226,58,168,0.8805
2026-02-22,NOVA-MOB-01,DC-SOUTH,South,268,86,182,0.9338
2026-02-22,NOVA-MOB-01,DC-EAST,East,232,93,139,0.9426
2026-02-22,NOVA-MOB-01,DC-WEST,West,286,128,158,0.9122
2026-02-22,NOVA-MOB-02,DC-NORTH,North,262,84,178,0.9033
2026-02-22,NOVA-MOB-02,DC-SOUTH,South,317,109,208,0.9373
2026-02-22,NOVA-MOB-02,DC-EAST,East,277,84,193,0.9007
2026-02-22,NOVA-MOB-02,DC-WEST,West,265,86,179,0.9067
2026-02-22,NOVA-CPT-01,DC-NORTH,North,188,84,104,0.8704
2026-02-22,NOVA-CPT-01,DC-SOUTH,South,159,69,90,0.8894
2026-02-22,NOVA-CPT-01,DC-EAST,East,168,61,107,0.8528
2026-02-22,NOVA-CPT-01,DC-WEST,West,181,65,116,0.9414
2026-02-22,NOVA-CPT-02,DC-NORTH,North,217,88,129,0.8781
2026-02-22,NOVA-CPT-02,DC-SOUTH,South,228,83,145,0.8506
2026-02-22,NOVA-CPT-02,DC-EAST,East,233,91,142,0.8987
2026-02-22,NOVA-CPT-02,DC-WEST,West,238,98,140,0.9368
2026-02-22,NOVA-WBL-01,DC-NORTH,North,314,78,236,0.9134
2026-02-22,NOVA-WBL-01,DC-SOUTH,South,299,82,217,0.914
2026-02-22,NOVA-WBL-01,DC-EAST,East,238,91,147,0.8471
2026-02-22,NOVA-WBL-01,DC-WEST,West,259,110,149,0.886
2026-02-22,NOVA-WBL-02,DC-NORTH,North,369,151,218,0.8477
2026-02-22,NOVA-WBL-02,DC-SOUTH,South,408,170,238,0.8835
2026-02-22,NOVA-WBL-02,DC-EAST,East,397,146,251,0.9121
2026-02-22,NOVA-WBL-02,DC-WEST,West,478,123,355,0.889
2026-02-22,NOVA-ACC-01,DC-NORTH,North,778,256,522,0.9098
2026-02-22,NOVA-ACC-01,DC-SOUTH,South,854,341,513,0.923
2026-02-22,NOVA-ACC-01,DC-EAST,East,692,196,496,0.8656
2026-02-22,NOVA-ACC-01,DC-WEST,West,712,180,532,0.8891
2026-02-22,NOVA-ACC-02,DC-NORTH,North,591,215,376,0.9397
2026-02-22,NOVA-ACC-02,DC-SOUTH,South,614,258,356,0.8967
2026-02-22,NOVA-ACC-02,DC-EAST,East,618,245,373,0.8726
2026-02-22,NOVA-ACC-02,DC-WEST,West,603,191,412,0.8545
2026-02-23,NOVA-AUD-01,DC-NORTH,North,412,169,243,0.9373
2026-02-23,NOVA-AUD-01,DC-SOUTH,South,448,125,323,0.8513
2026-02-23,NOVA-AUD-01,DC-EAST,East,431,154,277,0.8578
2026-02-23,NOVA-AUD-01,DC-WEST,West,429,125,304,0.9058
2026-02-23,NOVA-AUD-02,DC-NORTH,North,516,223,293,0.9281
2026-02-23,NOVA-AUD-02,DC-SOUTH,South,456,179,277,0.8602
2026-02-23,NOVA-AUD-02,DC-EAST,East,458,144,314,0.8607
2026-02-23,NOVA-AUD-02,DC-WEST,West,454,167,287,0.8644
2026-02-23,NOVA-MOB-01,DC-NORTH,North,232,64,168,0.9207
2026-02-23,NOVA-MOB-01,DC-SOUTH,South,272,71,201,0.8489
2026-02-23,NOVA-MOB-01,DC-EAST,East,228,77,151,0.9473
2026-02-23,NOVA-MOB-01,DC-WEST,West,227,86,141,0.8634
2026-02-23,NOVA-MOB-02,DC-NORTH,North,322,101,221,0.9152
2026-02-23,NOVA-MOB-02,DC-SOUTH,South,339,123,216,0.9231
2026-02-23,NOVA-MOB-02,DC-EAST,East,283,83,200,0.8635
2026-02-23,NOVA-MOB-02,DC-WEST,West,291,94,197,0.9147
2026-02-23,NOVA-CPT-01,DC-NORTH,North,167,55,112,0.9095
2026-02-23,NOVA-CPT-01,DC-SOUTH,South,187,72,115,0.8757
2026-02-23,NOVA-CPT-01,DC-EAST,East,179,73,106,0.8769
2026-02-23,NOVA-CPT-01,DC-WEST,West,188,67,121,0.9504
2026-02-23,NOVA-CPT-02,DC-NORTH,North,232,98,134,0.8955
2026-02-23,NOVA-CPT-02,DC-SOUTH,South,237,69,168,0.8535
2026-02-23,NOVA-CPT-02,DC-EAST,East,195,70,125,0.846
2026-02-23,NOVA-CPT-02,DC-WEST,West,207,76,131,0.8883
2026-02-23,NOVA-WBL-01,DC-NORTH,North,313,93,220,0.8519
2026-02-23,NOVA-WBL-01,DC-SOUTH,South,278,79,199,0.8592
2026-02-23,NOVA-WBL-01,DC-EAST,East,319,106,213,0.9367
2026-02-23,NOVA-WBL-01,DC-WEST,West,251,66,185,0.9266
2026-02-23,NOVA-WBL-02,DC-NORTH,North,472,136,336,0.8662
2026-02-23,NOVA-WBL-02,DC-SOUTH,South,375,117,258,0.9106
2026-02-23,NOVA-WBL-02,DC-EAST,East,425,146,279,0.8947
2026-02-23,NOVA-WBL-02,DC-WEST,West,414,148,266,0.9261
2026-02-23,NOVA-ACC-01,DC-NORTH,North,814,235,579,0.9003
2026-02-23,NOVA-ACC-01,DC-SOUTH,South,669,225,444,0.9102
2026-02-23,NOVA-ACC-01,DC-EAST,East,692,310,382,0.9482
2026-02-23,NOVA-ACC-01,DC-WEST,West,851,246,605,0.9238
2026-02-23,NOVA-ACC-02,DC-NORTH,North,489,171,318,0.9462
2026-02-23,NOVA-ACC-02,DC-SOUTH,South,505,142,363,0.8825
2026-02-23,NOVA-ACC-02,DC-EAST,East,643,210,433,0.8984
2026-02-23,NOVA-ACC-02,DC-WEST,West,480,175,305,0.9222
2026-02-24,NOVA-AUD-01,DC-NORTH,North,441,182,259,0.8506
2026-02-24,NOVA-AUD-01,DC-SOUTH,South,417,112,305,0.876
2026-02-24,NOVA-AUD-01,DC-EAST,East,341,106,235,0.9458
2026-02-24,NOVA-AUD-01,DC-WEST,West,355,158,197,0.8732
2026-02-24,NOVA-AUD-02,DC-NORTH,North,470,159,311,0.8488
2026-02-24,NOVA-AUD-02,DC-SOUTH,South,514,194,320,0.8698
2026-02-24,NOVA-AUD-02,DC-EAST,East,520,224,296,0.9213
2026-02-24,NOVA-AUD-02,DC-WEST,West,467,142,325,0.9442
2026-02-24,NOVA-MOB-01,DC-NORTH,North,266,99,167,0.8664
2026-02-24,NOVA-MOB-01,DC-SOUTH,South,262,89,173,0.8582
2026-02-24,NOVA-MOB-01,DC-EAST,East,283,119,164,0.9057
2026-02-24,NOVA-MOB-01,DC-WEST,West,275,117,158,0.9393
2026-02-24,NOVA-MOB-02,DC-NORTH,North,280,99,181,0.9009
2026-02-24,NOVA-MOB-02,DC-SOUTH,South,348,112,236,0.9134
2026-02-24,NOVA-MOB-02,DC-EAST,East,329,135,194,0.9118
2026-02-24,NOVA-MOB-02,DC-WEST,West,293,117,176,0.9086
2026-02-24,NOVA-CPT-01,DC-NORTH,North,180,57,123,0.8981
2026-02-24,NOVA-CPT-01,DC-SOUTH,South,171,44,127,0.9215
2026-02-24,NOVA-CPT-01,DC-EAST,East,152,62,90,0.8975
2026-02-24,NOVA-CPT-01,DC-WEST,West,154,61,93,0.9195
2026-02-24,NOVA-CPT-02,DC-NORTH,North,179,62,117,0.9064
2026-02-24,NOVA-CPT-02,DC-SOUTH,South,233,61,172,0.8931
2026-02-24,NOVA-CPT-02,DC-EAST,East,229,80,149,0.8782
2026-02-24,NOVA-CPT-02,DC-WEST,West,221,67,154,0.9237
2026-02-24,NOVA-WBL-01,DC-NORTH,North,301,85,216,0.9129
2026-02-24,NOVA-WBL-01,DC-SOUTH,South,260,77,183,0.8856
2026-02-24,NOVA-WBL-01,DC-EAST,East,292,123,169,0.8505
2026-02-24,NOVA-WBL-01,DC-WEST,West,291,94,197,0.8607
2026-02-24,NOVA-WBL-02,DC-NORTH,North,462,157,305,0.9474
2026-02-24,NOVA-WBL-02,DC-SOUTH,South,474,118,356,0.8647
2026-02-24,NOVA-WBL-02,DC-EAST,East,460,177,283,0.8859
2026-02-24,NOVA-WBL-02,DC-WEST,West,458,175,283,0.8745
2026-02-24,NOVA-ACC-01,DC-NORTH,North,799,326,473,0.9266
2026-02-24,NOVA-ACC-01,DC-SOUTH,South,668,267,401,0.8857
2026-02-24,NOVA-ACC-01,DC-EAST,East,825,235,590,0.8788
2026-02-24,NOVA-ACC-01,DC-WEST,West,671,224,447,0.8901
2026-02-24,NOVA-ACC-02,DC-NORTH,North,546,206,340,0.8488
2026-02-24,NOVA-ACC-02,DC-SOUTH,South,584,212,372,0.8747
2026-02-24,NOVA-ACC-02,DC-EAST,East,484,151,333,0.8894
2026-02-24,NOVA-ACC-02,DC-WEST,West,557,166,391,0.8918
2026-02-25,NOVA-AUD-01,DC-NORTH,North,364,152,212,0.937
2026-02-25,NOVA-AUD-01,DC-SOUTH,South,371,107,264,0.9232
2026-02-25,NOVA-AUD-01,DC-EAST,East,335,105,230,0.9378
2026-02-25,NOVA-AUD-01,DC-WEST,West,419,116,303,0.8901
2026-02-25,NOVA-AUD-02,DC-NORTH,North,426,190,236,0.8782
2026-02-25,NOVA-AUD-02,DC-SOUTH,South,425,162,263,0.9426
2026-02-25,NOVA-AUD-02,DC-EAST,East,529,220,309,0.8977
2026-02-25,NOVA-AUD-02,DC-WEST,West,467,199,268,0.9228
2026-02-25,NOVA-MOB-01,DC-NORTH,North,228,62,166,0.9117
2026-02-25,NOVA-MOB-01,DC-SOUTH,South,239,100,139,0.8904
2026-02-25,NOVA-MOB-01,DC-EAST,East,232,100,132,0.9129
2026-02-25,NOVA-MOB-01,DC-WEST,West,281,90,191,0.9245
2026-02-25,NOVA-MOB-02,DC-NORTH,North,349,139,210,0.8661
2026-02-25,NOVA-MOB-02,DC-SOUTH,South,353,99,254,0.9389
2026-02-25,NOVA-MOB-02,DC-EAST,East,298,109,189,0.8764
2026-02-25,NOVA-MOB-02,DC-WEST,West,312,81,231,0.8933
2026-02-25,NOVA-CPT-01,DC-NORTH,North,174,56,118,0.8764
2026-02-25,NOVA-CPT-01,DC-SOUTH,South,168,63,105,0.9399
2026-02-25,NOVA-CPT-01,DC-EAST,East,144,64,80,0.9256
2026-02-25,NOVA-CPT-01,DC-WEST,West,165,43,122,0.8503
2026-02-25,NOVA-CPT-02,DC-NORTH,North,182,46,136,0.8606
2026-02-25,NOVA-CPT-02,DC-SOUTH,South,241,107,134,0.9026
2026-02-25,NOVA-CPT-02,DC-EAST,East,179,58,121,0.9151
2026-02-25,NOVA-CPT-02,DC-WEST,West,237,64,173,0.9258
2026-02-25,NOVA-WBL-01,DC-NORTH,North,278,109,169,0.9165
2026-02-25,NOVA-WBL-01,DC-SOUTH,South,240,72,168,0.8535
2026-02-25,NOVA-WBL-01,DC-EAST,East,242,107,135,0.9241
2026-02-25,NOVA-WBL-01,DC-WEST,West,274,106,168,0.9203
2026-02-25,NOVA-WBL-02,DC-NORTH,North,449,184,265,0.9451
2026-02-25,NOVA-WBL-02,DC-SOUTH,South,378,96,282,0.9074
2026-02-25,NOVA-WBL-02,DC-EAST,East,383,150,233,0.8907
2026-02-25,NOVA-WBL-02,DC-WEST,West,364,110,254,0.86
2026-02-25,NOVA-ACC-01,DC-NORTH,North,668,172,496,0.9375
2026-02-25,NOVA-ACC-01,DC-SOUTH,South,812,236,576,0.8492
2026-02-25,NOVA-ACC-01,DC-EAST,East,734,298,436,0.8694
2026-02-25,NOVA-ACC-01,DC-WEST,West,738,261,477,0.8952
2026-02-25,NOVA-ACC-02,DC-NORTH,North,529,173,356,0.8477
2026-02-25,NOVA-ACC-02,DC-SOUTH,South,548,242,306,0.8846
2026-02-25,NOVA-ACC-02,DC-EAST,East,495,135,360,0.9024
2026-02-25,NOVA-ACC-02,DC-WEST,West,534,141,393,0.8895
2026-02-26,NOVA-AUD-01,DC-NORTH,North,399,109,290,0.9237
2026-02-26,NOVA-AUD-01,DC-SOUTH,South,442,152,290,0.92
2026-02-26,NOVA-AUD-01,DC-EAST,East,340,137,203,0.9043
2026-02-26,NOVA-AUD-01,DC-WEST,West,346,153,193,0.8592
2026-02-26,NOVA-AUD-02,DC-NORTH,North,428,167,261,0.8648
2026-02-26,NOVA-AUD-02,DC-SOUTH,South,523,219,304,0.8737
2026-02-26,NOVA-AUD-02,DC-EAST,East,526,196,330,0.8744
2026-02-26,NOVA-AUD-02,DC-WEST,West,421,114,307,0.9386
2026-02-26,NOVA-MOB-01,DC-NORTH,North,287,72,215,0.8735
2026-02-26,NOVA-MOB-01,DC-SOUTH,South,266,93,173,0.9483
2026-02-26,NOVA-MOB-01,DC-EAST,East,240,65,175,0.9215
2026-02-26,NOVA-MOB-01,DC-WEST,West,251,87,164,0.854
2026-02-26,NOVA-MOB-02,DC-NORTH,North,275,92,183,0.8808
2026-02-26,NOVA-MOB-02,DC-SOUTH,South,264,100,164,0.8791
2026-02-26,NOVA-MOB-02,DC-EAST,East,336,134,202,0.8785
2026-02-26,NOVA-MOB-02,DC-WEST,West,263,92,171,0.9237
2026-02-26,NOVA-CPT-01,DC-NORTH,North,144,53,91,0.9188
2026-02-26,NOVA-CPT-01,DC-SOUTH,South,149,60,89,0.8709
2026-02-26,NOVA-CPT-01,DC-EAST,East,154,39,115,0.9186
2026-02-26,NOVA-CPT-01,DC-WEST,West,189,69,120,0.9167
2026-02-26,NOVA-CPT-02,DC-NORTH,North,214,86,128,0.936
2026-02-26,NOVA-CPT-02,DC-SOUTH,South,215,57,158,0.9295
2026-02-26,NOVA-CPT-02,DC-EAST,East,231,93,138,0.8488
2026-02-26,NOVA-CPT-02,DC-WEST,West,215,83,132,0.8583
2026-02-26,NOVA-WBL-01,DC-NORTH,North,308,130,178,0.8948
2026-02-26,NOVA-WBL-01,DC-SOUTH,South,297,133,164,0.9094
2026-02-26,NOVA-WBL-01,DC-EAST,East,293,122,171,0.9154
2026-02-26,NOVA-WBL-01,DC-WEST,West,281,95,186,0.9431
2026-02-26,NOVA-WBL-02,DC-NORTH,North,449,142,307,0.9098
2026-02-26,NOVA-WBL-02,DC-SOUTH,South,470,176,294,0.9325
2026-02-26,NOVA-WBL-02,DC-EAST,East,390,112,278,0.9224
2026-02-26,NOVA-WBL-02,DC-WEST,West,460,128,332,0.892
2026-02-26,NOVA-ACC-01,DC-NORTH,North,803,277,526,0.9035
2026-02-26,NOVA-ACC-01,DC-SOUTH,South,818,306,512,0.9383
2026-02-26,NOVA-ACC-01,DC-EAST,East,848,363,485,0.9053
2026-02-26,NOVA-ACC-01,DC-WEST,West,857,220,637,0.8536
2026-02-26,NOVA-ACC-02,DC-NORTH,North,604,219,385,0.9248
2026-02-26,NOVA-ACC-02,DC-SOUTH,South,593,203,390,0.9345
2026-02-26,NOVA-ACC-02,DC-EAST,East,507,201,306,0.8992
2026-02-26,NOVA-ACC-02,DC-WEST,West,559,197,362,0.9176
2026-02-27,NOVA-AUD-01,DC-NORTH,North,386,135,251,0.8472
2026-02-27,NOVA-AUD-01,DC-SOUTH,South,333,129,204,0.8606
2026-02-27,NOVA-AUD-01,DC-EAST,East,446,156,290,0.9316
2026-02-27,NOVA-AUD-01,DC-WEST,West,407,108,299,0.921
2026-02-27,NOVA-AUD-02,DC-NORTH,North,546,157,389,0.9283
2026-02-27,NOVA-AUD-02,DC-SOUTH,South,562,191,371,0.8653
2026-02-27,NOVA-AUD-02,DC-EAST,East,499,191,308,0.9315
2026-02-27,NOVA-AUD-02,DC-WEST,West,473,196,277,0.8878
2026-02-27,NOVA-MOB-01,DC-NORTH,North,226,60,166,0.9352
2026-02-27,NOVA-MOB-01,DC-SOUTH,South,283,104,179,0.9505
2026-02-27,NOVA-MOB-01,DC-EAST,East,269,103,166,0.8872
2026-02-27,NOVA-MOB-01,DC-WEST,West,277,91,186,0.9412
2026-02-27,NOVA-MOB-02,DC-NORTH,North,313,132,181,0.9487
2026-02-27,NOVA-MOB-02,DC-SOUTH,South,300,81,219,0.8554
2026-02-27,NOVA-MOB-02,DC-EAST,East,350,126,224,0.8462
2026-02-27,NOVA-MOB-02,DC-WEST,West,283,72,211,0.9073
2026-02-27,NOVA-CPT-01,DC-NORTH,North,175,67,108,0.9539
2026-02-27,NOVA-CPT-01,DC-SOUTH,South,162,56,106,0.9278
2026-02-27,NOVA-CPT-01,DC-EAST,East,143,50,93,0.8707
2026-02-27,NOVA-CPT-01,DC-WEST,West,183,53,130,0.909
2026-02-27,NOVA-CPT-02,DC-NORTH,North,219,69,150,0.8882
2026-02-27,NOVA-CPT-02,DC-SOUTH,South,222,84,138,0.8993
2026-02-27,NOVA-CPT-02,DC-EAST,East,179,70,109,0.8843
2026-02-27,NOVA-CPT-02,DC-WEST,West,211,53,158,0.85
2026-02-27,NOVA-WBL-01,DC-NORTH,North,307,79,228,0.9117
2026-02-27,NOVA-WBL-01,DC-SOUTH,South,284,73,211,0.9136
2026-02-27,NOVA-WBL-01,DC-EAST,East,253,65,188,0.9226
2026-02-27,NOVA-WBL-01,DC-WEST,West,301,125,176,0.884
2026-02-27,NOVA-WBL-02,DC-NORTH,North,479,155,324,0.8926
2026-02-27,NOVA-WBL-02,DC-SOUTH,South,394,161,233,0.9092
2026-02-27,NOVA-WBL-02,DC-EAST,East,451,182,269,0.9372
2026-02-27,NOVA-WBL-02,DC-WEST,West,389,129,260,0.8884
2026-02-27,NOVA-ACC-01,DC-NORTH,North,740,288,452,0.9104
2026-02-27,NOVA-ACC-01,DC-SOUTH,South,828,303,525,0.9506
2026-02-27,NOVA-ACC-01,DC-EAST,East,756,202,554,0.8587
2026-02-27,NOVA-ACC-01,DC-WEST,West,800,217,583,0.943
2026-02-27,NOVA-ACC-02,DC-NORTH,North,528,224,304,0.8687
2026-02-27,NOVA-ACC-02,DC-SOUTH,South,558,168,390,0.8475
2026-02-27,NOVA-ACC-02,DC-EAST,East,498,218,280,0.8946
2026-02-27,NOVA-ACC-02,DC-WEST,West,522,217,305,0.9211
2026-02-28,NOVA-AUD-01,DC-NORTH,North,447,180,267,0.893
2026-02-28,NOVA-AUD-01,DC-SOUTH,South,372,94,278,0.9209
2026-02-28,NOVA-AUD-01,DC-EAST,East,411,106,305,0.8663
2026-02-28,NOVA-AUD-01,DC-WEST,West,391,147,244,0.8675
2026-02-28,NOVA-AUD-02,DC-NORTH,North,545,172,373,0.8941
2026-02-28,NOVA-AUD-02,DC-SOUTH,South,511,195,316,0.8603
2026-02-28,NOVA-AUD-02,DC-EAST,East,442,138,304,0.9233
2026-02-28,NOVA-AUD-02,DC-WEST,West,452,163,289,0.8499
2026-02-28,NOVA-MOB-01,DC-NORTH,North,229,83,146,0.869
2026-02-28,NOVA-MOB-01,DC-SOUTH,South,251,90,161,0.8937
2026-02-28,NOVA-MOB-01,DC-EAST,East,241,79,162,0.9488
2026-02-28,NOVA-MOB-01,DC-WEST,West,278,112,166,0.8811
2026-02-28,NOVA-MOB-02,DC-NORTH,North,268,83,185,0.8739
2026-02-28,NOVA-MOB-02,DC-SOUTH,South,326,145,181,0.8767
2026-02-28,NOVA-MOB-02,DC-EAST,East,317,87,230,0.8461
2026-02-28,NOVA-MOB-02,DC-WEST,West,271,70,201,0.9049
2026-02-28,NOVA-CPT-01,DC-NORTH,North,181,71,110,0.8684
2026-02-28,NOVA-CPT-01,DC-SOUTH,South,170,71,99,0.8585
2026-02-28,NOVA-CPT-01,DC-EAST,East,155,43,112,0.9395
2026-02-28,NOVA-CPT-01,DC-WEST,West,168,70,98,0.8738
2026-02-28,NOVA-CPT-02,DC-NORTH,North,184,74,110,0.847
2026-02-28,NOVA-CPT-02,DC-SOUTH,South,221,56,165,0.8961
2026-02-28,NOVA-CPT-02,DC-EAST,East,209,73,136,0.9331
2026-02-28,NOVA-CPT-02,DC-WEST,West,200,85,115,0.889
2026-02-28,NOVA-WBL-01,DC-NORTH,North,285,99,186,0.8888
2026-02-28,NOVA-WBL-01,DC-SOUTH,South,264,113,151,0.8512
2026-02-28,NOVA-WBL-01,DC-EAST,East,256,94,162,0.9264
2026-02-28,NOVA-WBL-01,DC-WEST,West,297,126,171,0.9235
2026-02-28,NOVA-WBL-02,DC-NORTH,North,411,155,256,0.8595
2026-02-28,NOVA-WBL-02,DC-SOUTH,South,378,129,249,0.9367
2026-02-28,NOVA-WBL-02,DC-EAST,East,412,138,274,0.848
2026-02-28,NOVA-WBL-02,DC-WEST,West,390,148,242,0.9386
2026-02-28,NOVA-ACC-01,DC-NORTH,North,663,261,402,0.8481
2026-02-28,NOVA-ACC-01,DC-SOUTH,South,850,301,549,0.8786
2026-02-28,NOVA-ACC-01,DC-EAST,East,838,269,569,0.8818
2026-02-28,NOVA-ACC-01,DC-WEST,West,687,184,503,0.9033
2026-02-28,NOVA-ACC-02,DC-NORTH,North,529,189,340,0.9333
2026-02-28,NOVA-ACC-02,DC-SOUTH,South,627,266,361,0.9135
2026-02-28,NOVA-ACC-02,DC-EAST,East,626,262,364,0.9182
2026-02-28,NOVA-ACC-02,DC-WEST,West,551,167,384,0.8665
2026-03-01,NOVA-AUD-01,DC-NORTH,North,404,106,298,0.8506
2026-03-01,NOVA-AUD-01,DC-SOUTH,South,360,111,249,0.8936
2026-03-01,NOVA-AUD-01,DC-EAST,East,343,129,214,0.8788
2026-03-01,NOVA-AUD-01,DC-WEST,West,359,141,218,0.8703
2026-03-01,NOVA-AUD-02,DC-NORTH,North,515,174,341,0.871
2026-03-01,NOVA-AUD-02,DC-SOUTH,South,529,200,329,0.913
2026-03-01,NOVA-AUD-02,DC-EAST,East,540,190,350,0.8933
2026-03-01,NOVA-AUD-02,DC-WEST,West,449,178,271,0.9111
2026-03-01,NOVA-MOB-01,DC-NORTH,North,247,98,149,0.8573
2026-03-01,NOVA-MOB-01,DC-SOUTH,South,268,102,166,0.8654
2026-03-01,NOVA-MOB-01,DC-EAST,East,257,64,193,0.8768
2026-03-01,NOVA-MOB-01,DC-WEST,West,259,98,161,0.904
2026-03-01,NOVA-MOB-02,DC-NORTH,North,335,94,241,0.8679
2026-03-01,NOVA-MOB-02,DC-SOUTH,South,298,131,167,0.8545
2026-03-01,NOVA-MOB-02,DC-EAST,East,268,119,149,0.9497
2026-03-01,NOVA-MOB-02,DC-WEST,West,272,112,160,0.8991
2026-03-01,NOVA-CPT-01,DC-NORTH,North,179,74,105,0.9466
2026-03-01,NOVA-CPT-01,DC-SOUTH,South,163,43,120,0.8868
2026-03-01,NOVA-CPT-01,DC-EAST,East,187,79,108,0.9006
2026-03-01,NOVA-CPT-01,DC-WEST,West,174,60,114,0.8633
2026-03-01,NOVA-CPT-02,DC-NORTH,North,198,78,120,0.9375
2026-03-01,NOVA-CPT-02,DC-SOUTH,South,201,55,146,0.9083
2026-03-01,NOVA-CPT-02,DC-EAST,East,213,67,146,0.9219
2026-03-01,NOVA-CPT-02,DC-WEST,West,236,88,148,0.8785
2026-03-01,NOVA-WBL-01,DC-NORTH,North,262,83,179,0.9205
2026-03-01,NOVA-WBL-01,DC-SOUTH,South,312,112,200,0.8669
2026-03-01,NOVA-WBL-01,DC-EAST,East,312,90,222,0.8734
2026-03-01,NOVA-WBL-01,DC-WEST,West,320,143,177,0.9111
2026-03-01,NOVA-WBL-02,DC-NORTH,North,359,98,261,0.8738
2026-03-01,NOVA-WBL-02,DC-SOUTH,South,433,142,291,0.8507
2026-03-01,NOVA-WBL-02,DC-EAST,East,433,143,290,0.8817
2026-03-01,NOVA-WBL-02,DC-WEST,West,385,149,236,0.9226
2026-03-01,NOVA-ACC-01,DC-NORTH,North,705,187,518,0.9176
2026-03-01,NOVA-ACC-01,DC-SOUTH,South,701,242,459,0.8964
2026-03-01,NOVA-ACC-01,DC-EAST,East,793,355,438,0.9127
2026-03-01,NOVA-ACC-01,DC-WEST,West,838,327,511,0.9212
2026-03-01,NOVA-ACC-02,DC-NORTH,North,562,246,316,0.8542
2026-03-01,NOVA-ACC-02,DC-SOUTH,South,486,190,296,0.9148
2026-03-01,NOVA-ACC-02,DC-EAST,East,513,226,287,0.9464
2026-03-01,NOVA-ACC-02,DC-WEST,West,522,163,359,0.8654
2026-03-02,NOVA-AUD-01,DC-NORTH,North,395,146,249,0.9157
2026-03-02,NOVA-AUD-01,DC-SOUTH,South,362,110,252,0.8554
2026-03-02,NOVA-AUD-01,DC-EAST,East,357,144,213,0.9065
2026-03-02,NOVA-AUD-01,DC-WEST,West,345,131,214,0.9273
2026-03-02,NOVA-AUD-02,DC-NORTH,North,520,145,375,0.8838
2026-03-02,NOVA-AUD-02,DC-SOUTH,South,483,209,274,0.87
2026-03-02,NOVA-AUD-02,DC-EAST,East,540,139,401,0.8676
2026-03-02,NOVA-AUD-02,DC-WEST,West,468,180,288,0.9162
2026-03-02,NOVA-MOB-01,DC-NORTH,North,274,92,182,0.8922
2026-03-02,NOVA-MOB-01,DC-SOUTH,South,247,78,169,0.8461
2026-03-02,NOVA-MOB-01,DC-EAST,East,272,78,194,0.927
2026-03-02,NOVA-MOB-01,DC-WEST,West,250,107,143,0.9148
2026-03-02,NOVA-MOB-02,DC-NORTH,North,344,112,232,0.8524
2026-03-02,NOVA-MOB-02,DC-SOUTH,South,282,118,164,0.8686
2026-03-02,NOVA-MOB-02,DC-EAST,East,353,93,260,0.8655
2026-03-02,NOVA-MOB-02,DC-WEST,West,285,87,198,0.9535
2026-03-02,NOVA-CPT-01,DC-NORTH,North,181,48,133,0.8929
2026-03-02,NOVA-CPT-01,DC-SOUTH,South,154,57,97,0.8932
2026-03-02,NOVA-CPT-01,DC-EAST,East,178,67,111,0.9009
2026-03-02,NOVA-CPT-01,DC-WEST,West,181,74,107,0.8629
2026-03-02,NOVA-CPT-02,DC-NORTH,North,222,84,138,0.891
2026-03-02,NOVA-CPT-02,DC-SOUTH,South,212,56,156,0.903
2026-03-02,NOVA-CPT-02,DC-EAST,East,222,85,137,0.9264
2026-03-02,NOVA-CPT-02,DC-WEST,West,208,54,154,0.8878
2026-03-02,NOVA-WBL-01,DC-NORTH,North,259,112,147,0.8492
2026-03-02,NOVA-WBL-01,DC-SOUTH,South,279,83,196,0.8553
2026-03-02,NOVA-WBL-01,DC-EAST,East,269,68,201,0.9244
2026-03-02,NOVA-WBL-01,DC-WEST,West,243,96,147,0.8627
2026-03-02,NOVA-WBL-02,DC-NORTH,North,408,143,265,0.8678
2026-03-02,NOVA-WBL-02,DC-SOUTH,South,463,146,317,0.9109
2026-03-02,NOVA-WBL-02,DC-EAST,East,473,196,277,0.8942
2026-03-02,NOVA-WBL-02,DC-WEST,West,388,159,229,0.9061
2026-03-02,NOVA-ACC-01,DC-NORTH,North,764,249,515,0.8742
2026-03-02,NOVA-ACC-01,DC-SOUTH,South,685,212,473,0.9537
2026-03-02,NOVA-ACC-01,DC-EAST,East,830,254,576,0.8584
2026-03-02,NOVA-ACC-01,DC-WEST,West,699,212,487,0.9408
2026-03-02,NOVA-ACC-02,DC-NORTH,North,606,215,391,0.9304
2026-03-02,NOVA-ACC-02,DC-SOUTH,South,546,175,371,0.9338
2026-03-02,NOVA-ACC-02,DC-EAST,East,605,267,338,0.8655
2026-03-02,NOVA-ACC-02,DC-WEST,West,513,196,317,0.8977
2026-03-03,NOVA-AUD-01,DC-NORTH,North,378,128,250,0.9283
2026-03-03,NOVA-AUD-01,DC-SOUTH,South,373,154,219,0.8475
2026-03-03,NOVA-AUD-01,DC-EAST,East,424,155,269,0.9506
2026-03-03,NOVA-AUD-01,DC-WEST,West,422,187,235,0.8727
2026-03-03,NOVA-AUD-02,DC-NORTH,North,482,180,302,0.8816
2026-03-03,NOVA-AUD-02,DC-SOUTH,South,475,147,328,0.9474
2026-03-03,NOVA-AUD-02,DC-EAST,East,443,115,328,0.9085
2026-03-03,NOVA-AUD-02,DC-WEST,West,480,151,329,0.9416
2026-03-03,NOVA-MOB-01,DC-NORTH,North,251,82,169,0.9005
2026-03-03,NOVA-MOB-01,DC-SOUTH,South,267,77,190,0.9174
2026-03-03,NOVA-MOB-01,DC-EAST,East,272,114,158,0.8472
2026-03-03,NOVA-MOB-01,DC-WEST,West,285,112,173,0.8966
2026-03-03,NOVA-MOB-02,DC-NORTH,North,333,141,192,0.8638
2026-03-03,NOVA-MOB-02,DC-SOUTH,South,303,92,211,0.8719
2026-03-03,NOVA-MOB-02,DC-EAST,East,311,134,177,0.8618
2026-03-03,NOVA-MOB-02,DC-WEST,West,342,116,226,0.9379
2026-03-03,NOVA-CPT-01,DC-NORTH,North,160,62,98,0.8712
2026-03-03,NOVA-CPT-01,DC-SOUTH,South,175,66,109,0.8748
2026-03-03,NOVA-CPT-01,DC-EAST,East,144,59,85,0.9129
2026-03-03,NOVA-CPT-01,DC-WEST,West,176,75,101,0.8719
2026-03-03,NOVA-CPT-02,DC-NORTH,North,198,60,138,0.9375
2026-03-03,NOVA-CPT-02,DC-SOUTH,South,229,60,169,0.9125
2026-03-03,NOVA-CPT-02,DC-EAST,East,241,72,169,0.9419
2026-03-03,NOVA-CPT-02,DC-WEST,West,226,70,156,0.8918
2026-03-03,NOVA-WBL-01,DC-NORTH,North,282,110,172,0.9421
2026-03-03,NOVA-WBL-01,DC-SOUTH,South,290,128,162,0.9147
2026-03-03,NOVA-WBL-01,DC-EAST,East,241,94,147,0.8893
2026-03-03,NOVA-WBL-01,DC-WEST,West,312,130,182,0.9473
2026-03-03,NOVA-WBL-02,DC-NORTH,North,378,107,271,0.8934
2026-03-03,NOVA-WBL-02,DC-SOUTH,South,415,112,303,0.8941
2026-03-03,NOVA-WBL-02,DC-EAST,East,414,143,271,0.9478
2026-03-03,NOVA-WBL-02,DC-WEST,West,367,157,210,0.8592
2026-03-03,NOVA-ACC-01,DC-NORTH,North,858,241,617,0.926
2026-03-03,NOVA-ACC-01,DC-SOUTH,South,703,306,397,0.9372
2026-03-03,NOVA-ACC-01,DC-EAST,East,708,251,457,0.8995
2026-03-03,NOVA-ACC-01,DC-WEST,West,669,169,500,0.9151
2026-03-03,NOVA-ACC-02,DC-NORTH,North,512,135,377,0.9206
2026-03-03,NOVA-ACC-02,DC-SOUTH,South,495,165,330,0.9397
2026-03-03,NOVA-ACC-02,DC-EAST,East,596,199,397,0.8796
2026-03-03,NOVA-ACC-02,DC-WEST,West,589,194,395,0.9242
2026-03-04,NOVA-AUD-01,DC-NORTH,North,394,143,251,0.9251
2026-03-04,NOVA-AUD-01,DC-SOUTH,South,389,169,220,0.8646
2026-03-04,NOVA-AUD-01,DC-EAST,East,419,146,273,0.8655
2026-03-04,NOVA-AUD-01,DC-WEST,West,387,172,215,0.914
2026-03-04,NOVA-AUD-02,DC-NORTH,North,435,151,284,0.9164
2026-03-04,NOVA-AUD-02,DC-SOUTH,South,547,197,350,0.8935
2026-03-04,NOVA-AUD-02,DC-EAST,East,561,191,370,0.8884
2026-03-04,NOVA-AUD-02,DC-WEST,West,481,181,300,0.902
2026-03-04,NOVA-MOB-01,DC-NORTH,North,257,87,170,0.8612
2026-03-04,NOVA-MOB-01,DC-SOUTH,South,248,80,168,0.8646
2026-03-04,NOVA-MOB-01,DC-EAST,East,286,128,158,0.9105
2026-03-04,NOVA-MOB-01,DC-WEST,West,218,97,121,0.9308
2026-03-04,NOVA-MOB-02,DC-NORTH,North,279,112,167,0.8701
2026-03-04,NOVA-MOB-02,DC-SOUTH,South,302,90,212,0.8751
2026-03-04,NOVA-MOB-02,DC-EAST,East,353,122,231,0.9402
2026-03-04,NOVA-MOB-02,DC-WEST,West,331,146,185,0.8834
2026-03-04,NOVA-CPT-01,DC-NORTH,North,158,70,88,0.9386
2026-03-04,NOVA-CPT-01,DC-SOUTH,South,190,68,122,0.9353
2026-03-04,NOVA-CPT-01,DC-EAST,East,159,53,106,0.9305
2026-03-04,NOVA-CPT-01,DC-WEST,West,191,64,127,0.8488
2026-03-04,NOVA-CPT-02,DC-NORTH,North,207,78,129,0.9513
2026-03-04,NOVA-CPT-02,DC-SOUTH,South,216,89,127,0.8586
2026-03-04,NOVA-CPT-02,DC-EAST,East,184,77,107,0.9434
2026-03-04,NOVA-CPT-02,DC-WEST,West,197,58,139,0.8672
2026-03-04,NOVA-WBL-01,DC-NORTH,North,271,83,188,0.8837
2026-03-04,NOVA-WBL-01,DC-SOUTH,South,320,134,186,0.9498
2026-03-04,NOVA-WBL-01,DC-EAST,East,258,100,158,0.9257
2026-03-04,NOVA-WBL-01,DC-WEST,West,298,84,214,0.9251
2026-03-04,NOVA-WBL-02,DC-NORTH,North,361,101,260,0.9484
2026-03-04,NOVA-WBL-02,DC-SOUTH,South,444,151,293,0.9291
2026-03-04,NOVA-WBL-02,DC-EAST,East,432,133,299,0.9096
2026-03-04,NOVA-WBL-02,DC-WEST,West,433,181,252,0.9284
2026-03-04,NOVA-ACC-01,DC-NORTH,North,829,285,544,0.8711
2026-03-04,NOVA-ACC-01,DC-SOUTH,South,816,282,534,0.8849
2026-03-04,NOVA-ACC-01,DC-EAST,East,777,307,470,0.8859
2026-03-04,NOVA-ACC-01,DC-WEST,West,699,180,519,0.9431
2026-03-04,NOVA-ACC-02,DC-NORTH,North,610,178,432,0.8791
2026-03-04,NOVA-ACC-02,DC-SOUTH,South,541,234,307,0.8668
2026-03-04,NOVA-ACC-02,DC-EAST,East,542,186,356,0.9011
2026-03-04,NOVA-ACC-02,DC-WEST,West,591,263,328,0.8709
2026-03-05,NOVA-AUD-01,DC-NORTH,North,392,116,276,0.9143
2026-03-05,NOVA-AUD-01,DC-SOUTH,South,431,192,239,0.8797
2026-03-05,NOVA-AUD-01,DC-EAST,East,369,135,234,0.9406
2026-03-05,NOVA-AUD-01,DC-WEST,West,336,111,225,0.9491
2026-03-05,NOVA-AUD-02,DC-NORTH,North,526,213,313,0.9388
2026-03-05,NOVA-AUD-02,DC-SOUTH,South,528,191,337,0.9144
2026-03-05,NOVA-AUD-02,DC-EAST,East,471,184,287,0.8485
2026-03-05,NOVA-AUD-02,DC-WEST,West,437,195,242,0.8778
2026-03-05,NOVA-MOB-01,DC-NORTH,North,260,109,151,0.9277
2026-03-05,NOVA-MOB-01,DC-SOUTH,South,220,91,129,0.8748
2026-03-05,NOVA-MOB-01,DC-EAST,East,234,68,166,0.9282
2026-03-05,NOVA-MOB-01,DC-WEST,West,261,67,194,0.911
2026-03-05,NOVA-MOB-02,DC-NORTH,North,306,131,175,0.8525
2026-03-05,NOVA-MOB-02,DC-SOUTH,South,315,91,224,0.8979
2026-03-05,NOVA-MOB-02,DC-EAST,East,342,91,251,0.9466
2026-03-05,NOVA-MOB-02,DC-WEST,West,281,78,203,0.9099
2026-03-05,NOVA-CPT-01,DC-NORTH,North,168,61,107,0.9346
2026-03-05,NOVA-CPT-01,DC-SOUTH,South,172,71,101,0.8504
2026-03-05,NOVA-CPT-01,DC-EAST,East,161,40,121,0.918
2026-03-05,NOVA-CPT-01,DC-WEST,West,182,81,101,0.9131
2026-03-05,NOVA-CPT-02,DC-NORTH,North,237,82,155,0.892
2026-03-05,NOVA-CPT-02,DC-SOUTH,South,205,91,114,0.8526
2026-03-05,NOVA-CPT-02,DC-EAST,East,218,71,147,0.8497
2026-03-05,NOVA-CPT-02,DC-WEST,West,193,60,133,0.9504
2026-03-05,NOVA-WBL-01,DC-NORTH,North,240,101,139,0.8813
2026-03-05,NOVA-WBL-01,DC-SOUTH,South,320,97,223,0.8914
2026-03-05,NOVA-WBL-01,DC-EAST,East,239,98,141,0.929
2026-03-05,NOVA-WBL-01,DC-WEST,West,247,104,143,0.8756
2026-03-05,NOVA-WBL-02,DC-NORTH,North,472,157,315,0.9449
2026-03-05,NOVA-WBL-02,DC-SOUTH,South,419,121,298,0.8571
2026-03-05,NOVA-WBL-02,DC-EAST,East,468,128,340,0.9525
2026-03-05,NOVA-WBL-02,DC-WEST,West,390,123,267,0.9142
2026-03-05,NOVA-ACC-01,DC-NORTH,North,805,301,504,0.9084
2026-03-05,NOVA-ACC-01,DC-SOUTH,South,829,285,544,0.9254
2026-03-05,NOVA-ACC-01,DC-EAST,East,679,221,458,0.953
2026-03-05,NOVA-ACC-01,DC-WEST,West,858,351,507,0.8511
2026-03-05,NOVA-ACC-02,DC-NORTH,North,621,184,437,0.8776
2026-03-05,NOVA-ACC-02,DC-SOUTH,South,558,185,373,0.9491
2026-03-05,NOVA-ACC-02,DC-EAST,East,571,144,427,0.9368
2026-03-05,NOVA-ACC-02,DC-WEST,West,537,195,342,0.9045
2026-03-06,NOVA-AUD-01,DC-NORTH,North,357,117,240,0.9433
2026-03-06,NOVA-AUD-01,DC-SOUTH,South,449,192,257,0.9526
2026-03-06,NOVA-AUD-01,DC-EAST,East,382,135,247,0.8576
2026-03-06,NOVA-AUD-01,DC-WEST,West,342,146,196,0.935
2026-03-06,NOVA-AUD-02,DC-NORTH,North,448,178,270,0.8479
2026-03-06,NOVA-AUD-02,DC-SOUTH,South,473,138,335,0.8783
2026-03-06,NOVA-AUD-02,DC-EAST,East,509,227,282,0.9168
2026-03-06,NOVA-AUD-02,DC-WEST,West,548,191,357,0.8596
2026-03-06,NOVA-MOB-01,DC-NORTH,North,214,78,136,0.8496
2026-03-06,NOVA-MOB-01,DC-SOUTH,South,223,64,159,0.8678
2026-03-06,NOVA-MOB-01,DC-EAST,East,261,116,145,0.8491
2026-03-06,NOVA-MOB-01,DC-WEST,West,230,94,136,0.8831
2026-03-06,NOVA-MOB-02,DC-NORTH,North,301,85,216,0.8793
2026-03-06,NOVA-MOB-02,DC-SOUTH,South,353,127,226,0.9261
2026-03-06,NOVA-MOB-02,DC-EAST,East,313,138,175,0.9346
2026-03-06,NOVA-MOB-02,DC-WEST,West,311,131,180,0.8784
2026-03-06,NOVA-CPT-01,DC-NORTH,North,172,44,128,0.8905
2026-03-06,NOVA-CPT-01,DC-SOUTH,South,170,66,104,0.8809
2026-03-06,NOVA-CPT-01,DC-EAST,East,192,51,141,0.8897
2026-03-06,NOVA-CPT-01,DC-WEST,West,179,50,129,0.8765
2026-03-06,NOVA-CPT-02,DC-NORTH,North,231,98,133,0.915
2026-03-06,NOVA-CPT-02,DC-SOUTH,South,206,84,122,0.949
2026-03-06,NOVA-CPT-02,DC-EAST,East,196,52,144,0.9151
2026-03-06,NOVA-CPT-02,DC-WEST,West,191,55,136,0.8566
2026-03-06,NOVA-WBL-01,DC-NORTH,North,238,83,155,0.9298
2026-03-06,NOVA-WBL-01,DC-SOUTH,South,244,80,164,0.9291
2026-03-06,NOVA-WBL-01,DC-EAST,East,279,108,171,0.9134
2026-03-06,NOVA-WBL-01,DC-WEST,West,294,94,200,0.8538
2026-03-06,NOVA-WBL-02,DC-NORTH,North,420,174,246,0.9191
2026-03-06,NOVA-WBL-02,DC-SOUTH,South,464,151,313,0.9405
2026-03-06,NOVA-WBL-02,DC-EAST,East,362,140,222,0.8664
2026-03-06,NOVA-WBL-02,DC-WEST,West,389,143,246,0.8495
2026-03-06,NOVA-ACC-01,DC-NORTH,North,837,322,515,0.9034
2026-03-06,NOVA-ACC-01,DC-SOUTH,South,882,278,604,0.9445
2026-03-06,NOVA-ACC-01,DC-EAST,East,779,293,486,0.8983
2026-03-06,NOVA-ACC-01,DC-WEST,West,837,311,526,0.9344
2026-03-06,NOVA-ACC-02,DC-NORTH,North,567,163,404,0.8486
2026-03-06,NOVA-ACC-02,DC-SOUTH,South,551,160,391,0.8549
2026-03-06,NOVA-ACC-02,DC-EAST,East,484,214,270,0.9313
2026-03-06,NOVA-ACC-02,DC-WEST,West,544,205,339,0.879
2026-03-07,NOVA-AUD-01,DC-NORTH,North,374,145,229,0.8953
2026-03-07,NOVA-AUD-01,DC-SOUTH,South,394,173,221,0.8544
2026-03-07,NOVA-AUD-01,DC-EAST,East,355,157,198,0.9241
2026-03-07,NOVA-AUD-01,DC-WEST,West,374,142,232,0.9458
2026-03-07,NOVA-AUD-02,DC-NORTH,North,418,109,309,0.8538
2026-03-07,NOVA-AUD-02,DC-SOUTH,South,431,168,263,0.9226
2026-03-07,NOVA-AUD-02,DC-EAST,East,427,181,246,0.8463
2026-03-07,NOVA-AUD-02,DC-WEST,West,558,196,362,0.8846
2026-03-07,NOVA-MOB-01,DC-NORTH,North,269,73,196,0.9378
2026-03-07,NOVA-MOB-01,DC-SOUTH,South,287,79,208,0.8668
2026-03-07,NOVA-MOB-01,DC-EAST,East,233,101,132,0.8469
2026-03-07,NOVA-MOB-01,DC-WEST,West,269,82,187,0.8811
2026-03-07,NOVA-MOB-02,DC-NORTH,North,291,124,167,0.9216
2026-03-07,NOVA-MOB-02,DC-SOUTH,South,297,93,204,0.885
2026-03-07,NOVA-MOB-02,DC-EAST,East,269,81,188,0.9472
2026-03-07,NOVA-MOB-02,DC-WEST,West,323,127,196,0.9208
2026-03-07,NOVA-CPT-01,DC-NORTH,North,179,64,115,0.8941
2026-03-07,NOVA-CPT-01,DC-SOUTH,South,145,60,85,0.9121
2026-03-07,NOVA-CPT-01,DC-EAST,East,176,48,128,0.8617
2026-03-07,NOVA-CPT-01,DC-WEST,West,155,54,101,0.8926
2026-03-07,NOVA-CPT-02,DC-NORTH,North,185,78,107,0.8793
2026-03-07,NOVA-CPT-02,DC-SOUTH,South,239,67,172,0.927
2026-03-07,NOVA-CPT-02,DC-EAST,East,180,59,121,0.883
2026-03-07,NOVA-CPT-02,DC-WEST,West,226,98,128,0.8904
2026-03-07,NOVA-WBL-01,DC-NORTH,North,244,67,177,0.9343
2026-03-07,NOVA-WBL-01,DC-SOUTH,South,272,106,166,0.8782
2026-03-07,NOVA-WBL-01,DC-EAST,East,245,95,150,0.9148
2026-03-07,NOVA-WBL-01,DC-WEST,West,238,62,176,0.9226
2026-03-07,NOVA-WBL-02,DC-NORTH,North,384,149,235,0.8592
2026-03-07,NOVA-WBL-02,DC-SOUTH,South,414,171,243,0.8824
2026-03-07,NOVA-WBL-02,DC-EAST,East,403,180,223,0.9163
2026-03-07,NOVA-WBL-02,DC-WEST,West,471,135,336,0.9052
2026-03-07,NOVA-ACC-01,DC-NORTH,North,803,358,445,0.8668
2026-03-07,NOVA-ACC-01,DC-SOUTH,South,771,208,563,0.872
2026-03-07,NOVA-ACC-01,DC-EAST,East,719,307,412,0.8649
2026-03-07,NOVA-ACC-01,DC-WEST,West,771,308,463,0.8745
2026-03-07,NOVA-ACC-02,DC-NORTH,North,577,150,427,0.952
2026-03-07,NOVA-ACC-02,DC-SOUTH,South,562,252,310,0.9249
2026-03-07,NOVA-ACC-02,DC-EAST,East,606,153,453,0.9249
2026-03-07,NOVA-ACC-02,DC-WEST,West,537,200,337,0.9436
2026-03-08,NOVA-AUD-01,DC-NORTH,North,418,127,291,0.9027
2026-03-08,NOVA-AUD-01,DC-SOUTH,South,341,122,219,0.8889
2026-03-08,NOVA-AUD-01,DC-EAST,East,372,126,246,0.8653
2026-03-08,NOVA-AUD-01,DC-WEST,West,336,117,219,0.866
2026-03-08,NOVA-AUD-02,DC-NORTH,North,458,199,259,0.949
2026-03-08,NOVA-AUD-02,DC-SOUTH,South,538,174,364,0.8546
2026-03-08,NOVA-AUD-02,DC-EAST,East,557,178,379,0.8957
2026-03-08,NOVA-AUD-02,DC-WEST,West,544,191,353,0.9364
2026-03-08,NOVA-MOB-01,DC-NORTH,North,280,90,190,0.8823
2026-03-08,NOVA-MOB-01,DC-SOUTH,South,255,93,162,0.9236
2026-03-08,NOVA-MOB-01,DC-EAST,East,273,77,196,0.8918
2026-03-08,NOVA-MOB-01,DC-WEST,West,232,72,160,0.8609
2026-03-08,NOVA-MOB-02,DC-NORTH,North,306,84,222,0.879
2026-03-08,NOVA-MOB-02,DC-SOUTH,South,286,101,185,0.946
2026-03-08,NOVA-MOB-02,DC-EAST,East,323,117,206,0.8524
2026-03-08,NOVA-MOB-02,DC-WEST,West,276,118,158,0.9127
2026-03-08,NOVA-CPT-01,DC-NORTH,North,175,59,116,0.8646
2026-03-08,NOVA-CPT-01,DC-SOUTH,South,158,42,116,0.916
2026-03-08,NOVA-CPT-01,DC-EAST,East,179,49,130,0.8797
2026-03-08,NOVA-CPT-01,DC-WEST,West,159,55,104,0.9274
2026-03-08,NOVA-CPT-02,DC-NORTH,North,240,71,169,0.8774
2026-03-08,NOVA-CPT-02,DC-SOUTH,South,238,100,138,0.8608
2026-03-08,NOVA-CPT-02,DC-EAST,East,201,52,149,0.8525
2026-03-08,NOVA-CPT-02,DC-WEST,West,187,78,109,0.8697
2026-03-08,NOVA-WBL-01,DC-NORTH,North,239,65,174,0.8531
2026-03-08,NOVA-WBL-01,DC-SOUTH,South,273,113,160,0.866
2026-03-08,NOVA-WBL-01,DC-EAST,East,261,89,172,0.8976
2026-03-08,NOVA-WBL-01,DC-WEST,West,294,113,181,0.9502
2026-03-08,NOVA-WBL-02,DC-NORTH,North,403,154,249,0.9127
2026-03-08,NOVA-WBL-02,DC-SOUTH,South,450,192,258,0.9503
2026-03-08,NOVA-WBL-02,DC-EAST,East,359,137,222,0.8922
2026-03-08,NOVA-WBL-02,DC-WEST,West,450,163,287,0.8891
2026-03-08,NOVA-ACC-01,DC-NORTH,North,870,299,571,0.909
2026-03-08,NOVA-ACC-01,DC-SOUTH,South,877,383,494,0.9211
2026-03-08,NOVA-ACC-01,DC-EAST,East,735,282,453,0.8931
2026-03-08,NOVA-ACC-01,DC-WEST,West,834,221,613,0.8689
2026-03-08,NOVA-ACC-02,DC-NORTH,North,478,162,316,0.8929
2026-03-08,NOVA-ACC-02,DC-SOUTH,South,524,196,328,0.8948
2026-03-08,NOVA-ACC-02,DC-EAST,East,593,232,361,0.8665
2026-03-08,NOVA-ACC-02,DC-WEST,West,570,200,370,0.9481
2026-03-09,NOVA-AUD-01,DC-NORTH,North,385,166,219,0.9125
2026-03-09,NOVA-AUD-01,DC-SOUTH,South,366,114,252,0.9171
2026-03-09,NOVA-AUD-01,DC-EAST,East,425,160,265,0.8598
2026-03-09,NOVA-AUD-01,DC-WEST,West,344,95,249,0.9371
2026-03-09,NOVA-AUD-02,DC-NORTH,North,538,222,316,0.9511
2026-03-09,NOVA-AUD-02,DC-SOUTH,South,524,145,379,0.9493
2026-03-09,NOVA-AUD-02,DC-EAST,East,470,171,299,0.8701
2026-03-09,NOVA-AUD-02,DC-WEST,West,511,220,291,0.8687
2026-03-09,NOVA-MOB-01,DC-NORTH,North,255,104,151,0.8711
2026-03-09,NOVA-MOB-01,DC-SOUTH,South,222,95,127,0.9486
2026-03-09,NOVA-MOB-01,DC-EAST,East,246,81,165,0.9392
2026-03-09,NOVA-MOB-01,DC-WEST,West,280,96,184,0.9192
2026-03-09,NOVA-MOB-02,DC-NORTH,North,345,114,231,0.8985
2026-03-09,NOVA-MOB-02,DC-SOUTH,South,306,83,223,0.9536
2026-03-09,NOVA-MOB-02,DC-EAST,East,336,122,214,0.9429
2026-03-09,NOVA-MOB-02,DC-WEST,West,334,91,243,0.8994
2026-03-09,NOVA-CPT-01,DC-NORTH,North,188,51,137,0.909
2026-03-09,NOVA-CPT-01,DC-SOUTH,South,188,65,123,0.8808
2026-03-09,NOVA-CPT-01,DC-EAST,East,161,69,92,0.8893
2026-03-09,NOVA-CPT-01,DC-WEST,West,151,46,105,0.8687
2026-03-09,NOVA-CPT-02,DC-NORTH,North,233,91,142,0.8787
2026-03-09,NOVA-CPT-02,DC-SOUTH,South,228,81,147,0.9519
2026-03-09,NOVA-CPT-02,DC-EAST,East,223,88,135,0.9379
2026-03-09,NOVA-CPT-02,DC-WEST,West,206,84,122,0.8959
2026-03-09,NOVA-WBL-01,DC-NORTH,North,284,90,194,0.8488
2026-03-09,NOVA-WBL-01,DC-SOUTH,South,294,94,200,0.9209
2026-03-09,NOVA-WBL-01,DC-EAST,East,290,76,214,0.9513
2026-03-09,NOVA-WBL-01,DC-WEST,West,308,109,199,0.9143
2026-03-09,NOVA-WBL-02,DC-NORTH,North,392,102,290,0.9252
2026-03-09,NOVA-WBL-02,DC-SOUTH,South,460,186,274,0.9111
2026-03-09,NOVA-WBL-02,DC-EAST,East,378,117,261,0.871
2026-03-09,NOVA-WBL-02,DC-WEST,West,433,125,308,0.8881
2026-03-09,NOVA-ACC-01,DC-NORTH,North,875,268,607,0.9042
2026-03-09,NOVA-ACC-01,DC-SOUTH,South,746,335,411,0.8955
2026-03-09,NOVA-ACC-01,DC-EAST,East,682,241,441,0.89
2026-03-09,NOVA-ACC-01,DC-WEST,West,776,308,468,0.9234
2026-03-09,NOVA-ACC-02,DC-NORTH,North,584,180,404,0.8941
2026-03-09,NOVA-ACC-02,DC-SOUTH,South,524,174,350,0.951
2026-03-09,NOVA-ACC-02,DC-EAST,East,600,194,406,0.8595
2026-03-09,NOVA-ACC-02,DC-WEST,West,626,243,383,0.8722
2026-03-10,NOVA-AUD-01,DC-NORTH,North,407,110,297,0.9018
2026-03-10,NOVA-AUD-01,DC-SOUTH,South,427,151,276,0.8803
2026-03-10,NOVA-AUD-01,DC-EAST,East,391,164,227,0.8591
2026-03-10,NOVA-AUD-01,DC-WEST,West,358,113,245,0.9138
2026-03-10,NOVA-AUD-02,DC-NORTH,North,545,174,371,0.9175
2026-03-10,NOVA-AUD-02,DC-SOUTH,South,504,190,314,0.8492
2026-03-10,NOVA-AUD-02,DC-EAST,East,484,196,288,0.8526
2026-03-10,NOVA-AUD-02,DC-WEST,West,547,206,341,0.9359
2026-03-10,NOVA-MOB-01,DC-NORTH,North,261,84,177,0.9506
2026-03-10,NOVA-MOB-01,DC-SOUTH,South,216,54,162,0.8984
2026-03-10,NOVA-MOB-01,DC-EAST,East,222,96,126,0.8573
2026-03-10,NOVA-MOB-01,DC-WEST,West,249,110,139,0.9095
2026-03-10,NOVA-MOB-02,DC-NORTH,North,271,77,194,0.9136
2026-03-10,NOVA-MOB-02,DC-SOUTH,South,294,99,195,0.8597
2026-03-10,NOVA-MOB-02,DC-EAST,East,266,85,181,0.9311
2026-03-10,NOVA-MOB-02,DC-WEST,West,346,97,249,0.9379
2026-03-10,NOVA-CPT-01,DC-NORTH,North,148,50,98,0.9145
2026-03-10,NOVA-CPT-01,DC-SOUTH,South,160,50,110,0.9457
2026-03-10,NOVA-CPT-01,DC-EAST,East,163,70,93,0.928
2026-03-10,NOVA-CPT-01,DC-WEST,West,180,52,128,0.8792
2026-03-10,NOVA-CPT-02,DC-NORTH,North,210,58,152,0.8626
2026-03-10,NOVA-CPT-02,DC-SOUTH,South,190,49,141,0.8539
2026-03-10,NOVA-CPT-02,DC-EAST,East,204,87,117,0.8898
2026-03-10,NOVA-CPT-02,DC-WEST,West,207,67,140,0.8629
2026-03-10,NOVA-WBL-01,DC-NORTH,North,243,101,142,0.9201
2026-03-10,NOVA-WBL-01,DC-SOUTH,South,298,105,193,0.8913
2026-03-10,NOVA-WBL-01,DC-EAST,East,290,98,192,0.871
2026-03-10,NOVA-WBL-01,DC-WEST,West,252,64,188,0.9079
2026-03-10,NOVA-WBL-02,DC-NORTH,North,481,213,268,0.9254
2026-03-10,NOVA-WBL-02,DC-SOUTH,South,400,157,243,0.9529
2026-03-10,NOVA-WBL-02,DC-EAST,East,381,108,273,0.8864
2026-03-10,NOVA-WBL-02,DC-WEST,West,357,141,216,0.8505
2026-03-10,NOVA-ACC-01,DC-NORTH,North,860,281,579,0.9139
2026-03-10,NOVA-ACC-01,DC-SOUTH,South,809,326,483,0.8823
2026-03-10,NOVA-ACC-01,DC-EAST,East,779,234,545,0.9183
2026-03-10,NOVA-ACC-01,DC-WEST,West,683,224,459,0.9087
2026-03-10,NOVA-ACC-02,DC-NORTH,North,520,140,380,0.9262
2026-03-10,NOVA-ACC-02,DC-SOUTH,South,610,249,361,0.9192
2026-03-10,NOVA-ACC-02,DC-EAST,East,481,175,306,0.8991
2026-03-10,NOVA-ACC-02,DC-WEST,West,601,186,415,0.9483
2026-03-11,NOVA-AUD-01,DC-NORTH,North,381,113,268,0.8661
2026-03-11,NOVA-AUD-01,DC-SOUTH,South,431,118,313,0.95
2026-03-11,NOVA-AUD-01,DC-EAST,East,388,106,282,0.8866
2026-03-11,NOVA-AUD-01,DC-WEST,West,402,114,288,0.9083
2026-03-11,NOVA-AUD-02,DC-NORTH,North,420,148,272,0.8842
2026-03-11,NOVA-AUD-02,DC-SOUTH,South,428,130,298,0.932
2026-03-11,NOVA-AUD-02,DC-EAST,East,456,130,326,0.8495
2026-03-11,NOVA-AUD-02,DC-WEST,West,538,231,307,0.8694
2026-03-11,NOVA-MOB-01,DC-NORTH,North,273,70,203,0.8952
2026-03-11,NOVA-MOB-01,DC-SOUTH,South,226,62,164,0.8964
2026-03-11,NOVA-MOB-01,DC-EAST,East,260,114,146,0.94
2026-03-11,NOVA-MOB-01,DC-WEST,West,283,102,181,0.9253
2026-03-11,NOVA-MOB-02,DC-NORTH,North,306,94,212,0.9044
2026-03-11,NOVA-MOB-02,DC-SOUTH,South,298,79,219,0.9296
2026-03-11,NOVA-MOB-02,DC-EAST,East,352,136,216,0.8969
2026-03-11,NOVA-MOB-02,DC-WEST,West,341,115,226,0.869
2026-03-11,NOVA-CPT-01,DC-NORTH,North,168,71,97,0.8522
2026-03-11,NOVA-CPT-01,DC-SOUTH,South,148,60,88,0.8496
2026-03-11,NOVA-CPT-01,DC-EAST,East,160,61,99,0.9087
2026-03-11,NOVA-CPT-01,DC-WEST,West,190,67,123,0.8853
2026-03-11,NOVA-CPT-02,DC-NORTH,North,239,66,173,0.8963
2026-03-11,NOVA-CPT-02,DC-SOUTH,South,199,60,139,0.9319
2026-03-11,NOVA-CPT-02,DC-EAST,East,229,75,154,0.8722
2026-03-11,NOVA-CPT-02,DC-WEST,West,190,58,132,0.9196
2026-03-11,NOVA-WBL-01,DC-NORTH,North,271,81,190,0.8497
2026-03-11,NOVA-WBL-01,DC-SOUTH,South,308,134,174,0.923
2026-03-11,NOVA-WBL-01,DC-EAST,East,273,89,184,0.9263
2026-03-11,NOVA-WBL-01,DC-WEST,West,265,82,183,0.8964
2026-03-11,NOVA-WBL-02,DC-NORTH,North,388,148,240,0.9076
2026-03-11,NOVA-WBL-02,DC-SOUTH,South,364,99,265,0.9415
2026-03-11,NOVA-WBL-02,DC-EAST,East,441,117,324,0.8876
2026-03-11,NOVA-WBL-02,DC-WEST,West,461,185,276,0.8797
2026-03-11,NOVA-ACC-01,DC-NORTH,North,809,214,595,0.8621
2026-03-11,NOVA-ACC-01,DC-SOUTH,South,795,266,529,0.9278
2026-03-11,NOVA-ACC-01,DC-EAST,East,804,259,545,0.8777
2026-03-11,NOVA-ACC-01,DC-WEST,West,790,204,586,0.932
2026-03-11,NOVA-ACC-02,DC-NORTH,North,509,174,335,0.8496
2026-03-11,NOVA-ACC-02,DC-SOUTH,South,579,192,387,0.9459
2026-03-11,NOVA-ACC-02,DC-EAST,East,481,121,360,0.8807
2026-03-11,NOVA-ACC-02,DC-WEST,West,606,252,354,0.8717
2026-03-12,NOVA-AUD-01,DC-NORTH,North,386,110,276,0.9273
2026-03-12,NOVA-AUD-01,DC-SOUTH,South,379,115,264,0.8812
2026-03-12,NOVA-AUD-01,DC-EAST,East,449,147,302,0.8778
2026-03-12,NOVA-AUD-01,DC-WEST,West,422,180,242,0.9402
2026-03-12,NOVA-AUD-02,DC-NORTH,North,428,157,271,0.9444
2026-03-12,NOVA-AUD-02,DC-SOUTH,South,463,152,311,0.8714
2026-03-12,NOVA-AUD-02,DC-EAST,East,543,208,335,0.8984
2026-03-12,NOVA-AUD-02,DC-WEST,West,426,116,310,0.9339
2026-03-12,NOVA-MOB-01,DC-NORTH,North,252,68,184,0.8835
2026-03-12,NOVA-MOB-01,DC-SOUTH,South,267,103,164,0.8653
2026-03-12,NOVA-MOB-01,DC-EAST,East,287,76,211,0.9105
2026-03-12,NOVA-MOB-01,DC-WEST,West,285,114,171,0.8601
2026-03-12,NOVA-MOB-02,DC-NORTH,North,340,94,246,0.8836
2026-03-12,NOVA-MOB-02,DC-SOUTH,South,312,82,230,0.8939
2026-03-12,NOVA-MOB-02,DC-EAST,East,334,115,219,0.9463
2026-03-12,NOVA-MOB-02,DC-WEST,West,269,89,180,0.9194
2026-03-12,NOVA-CPT-01,DC-NORTH,North,150,57,93,0.9392
2026-03-12,NOVA-CPT-01,DC-SOUTH,South,189,79,110,0.943
2026-03-12,NOVA-CPT-01,DC-EAST,East,169,71,98,0.8714
2026-03-12,NOVA-CPT-01,DC-WEST,West,164,57,107,0.9064
2026-03-12,NOVA-CPT-02,DC-NORTH,North,193,73,120,0.8511
2026-03-12,NOVA-CPT-02,DC-SOUTH,South,191,78,113,0.867
2026-03-12,NOVA-CPT-02,DC-EAST,East,210,68,142,0.9146
2026-03-12,NOVA-CPT-02,DC-WEST,West,200,75,125,0.8657
2026-03-12,NOVA-WBL-01,DC-NORTH,North,270,95,175,0.8873
2026-03-12,NOVA-WBL-01,DC-SOUTH,South,281,100,181,0.8484
2026-03-12,NOVA-WBL-01,DC-EAST,East,287,95,192,0.8718
2026-03-12,NOVA-WBL-01,DC-WEST,West,240,68,172,0.8615
2026-03-12,NOVA-WBL-02,DC-NORTH,North,482,121,361,0.8678
2026-03-12,NOVA-WBL-02,DC-SOUTH,South,408,168,240,0.8763
2026-03-12,NOVA-WBL-02,DC-EAST,East,467,174,293,0.9065
2026-03-12,NOVA-WBL-02,DC-WEST,West,386,113,273,0.9326
2026-03-12,NOVA-ACC-01,DC-NORTH,North,715,276,439,0.8693
2026-03-12,NOVA-ACC-01,DC-SOUTH,South,763,259,504,0.8651
2026-03-12,NOVA-ACC-01,DC-EAST,East,845,249,596,0.8649
2026-03-12,NOVA-ACC-01,DC-WEST,West,687,227,460,0.9242
2026-03-12,NOVA-ACC-02,DC-NORTH,North,560,171,389,0.9076
2026-03-12,NOVA-ACC-02,DC-SOUTH,South,519,181,338,0.891
2026-03-12,NOVA-ACC-02,DC-EAST,East,623,231,392,0.9247
2026-03-12,NOVA-ACC-02,DC-WEST,West,603,264,339,0.9249
2026-03-13,NOVA-AUD-01,DC-NORTH,North,435,153,282,0.8613
2026-03-13,NOVA-AUD-01,DC-SOUTH,South,369,142,227,0.8648
2026-03-13,NOVA-AUD-01,DC-EAST,East,440,117,323,0.9532
2026-03-13,NOVA-AUD-01,DC-WEST,West,430,160,270,0.8573
2026-03-13,NOVA-AUD-02,DC-NORTH,North,550,183,367,0.8541
2026-03-13,NOVA-AUD-02,DC-SOUTH,South,490,180,310,0.9007
2026-03-13,NOVA-AUD-02,DC-EAST,East,526,194,332,0.9066
2026-03-13,NOVA-AUD-02,DC-WEST,West,425,107,318,0.8684
2026-03-13,NOVA-MOB-01,DC-NORTH,North,243,69,174,0.8618
2026-03-13,NOVA-MOB-01,DC-SOUTH,South,234,72,162,0.9355
2026-03-13,NOVA-MOB-01,DC-EAST,East,228,73,155,0.874
2026-03-13,NOVA-MOB-01,DC-WEST,West,243,72,171,0.8605
2026-03-13,NOVA-MOB-02,DC-NORTH,North,326,127,199,0.8654
2026-03-13,NOVA-MOB-02,DC-SOUTH,South,344,93,251,0.8801
2026-03-13,NOVA-MOB-02,DC-EAST,East,293,81,212,0.8514
2026-03-13,NOVA-MOB-02,DC-WEST,West,270,100,170,0.9085
2026-03-13,NOVA-CPT-01,DC-NORTH,North,181,51,130,0.9467
2026-03-13,NOVA-CPT-01,DC-SOUTH,South,165,53,112,0.8552
2026-03-13,NOVA-CPT-01,DC-EAST,East,176,55,121,0.9218
2026-03-13,NOVA-CPT-01,DC-WEST,West,182,47,135,0.8465
2026-03-13,NOVA-CPT-02,DC-NORTH,North,203,82,121,0.878
2026-03-13,NOVA-CPT-02,DC-SOUTH,South,215,67,148,0.8575
2026-03-13,NOVA-CPT-02,DC-EAST,East,191,63,128,0.9338
2026-03-13,NOVA-CPT-02,DC-WEST,West,178,70,108,0.8828
2026-03-13,NOVA-WBL-01,DC-NORTH,North,277,115,162,0.9153
2026-03-13,NOVA-WBL-01,DC-SOUTH,South,272,108,164,0.9439
2026-03-13,NOVA-WBL-01,DC-EAST,East,278,123,155,0.8561
2026-03-13,NOVA-WBL-01,DC-WEST,West,245,105,140,0.8605
2026-03-13,NOVA-WBL-02,DC-NORTH,North,357,100,257,0.9256
2026-03-13,NOVA-WBL-02,DC-SOUTH,South,371,145,226,0.904
2026-03-13,NOVA-WBL-02,DC-EAST,East,479,151,328,0.8854
2026-03-13,NOVA-WBL-02,DC-WEST,West,363,120,243,0.8695
2026-03-13,NOVA-ACC-01,DC-NORTH,North,788,301,487,0.9009
2026-03-13,NOVA-ACC-01,DC-SOUTH,South,884,360,524,0.9508
2026-03-13,NOVA-ACC-01,DC-EAST,East,760,302,458,0.8914
2026-03-13,NOVA-ACC-01,DC-WEST,West,856,274,582,0.9128
2026-03-13,NOVA-ACC-02,DC-NORTH,North,602,159,443,0.9495
2026-03-13,NOVA-ACC-02,DC-SOUTH,South,539,223,316,0.9092
2026-03-13,NOVA-ACC-02,DC-EAST,East,544,216,328,0.8609
2026-03-13,NOVA-ACC-02,DC-WEST,West,539,240,299,0.9078
2026-03-14,NOVA-AUD-01,DC-NORTH,North,400,163,237,0.9201
2026-03-14,NOVA-AUD-01,DC-SOUTH,South,432,128,304,0.918
2026-03-14,NOVA-AUD-01,DC-EAST,East,419,121,298,0.9194
2026-03-14,NOVA-AUD-01,DC-WEST,West,447,138,309,0.8572
2026-03-14,NOVA-AUD-02,DC-NORTH,North,477,160,317,0.8589
2026-03-14,NOVA-AUD-02,DC-SOUTH,South,485,195,290,0.9225
2026-03-14,NOVA-AUD-02,DC-EAST,East,456,130,326,0.8567
2026-03-14,NOVA-AUD-02,DC-WEST,West,443,137,306,0.9504
2026-03-14,NOVA-MOB-01,DC-NORTH,North,222,87,135,0.9098
2026-03-14,NOVA-MOB-01,DC-SOUTH,South,250,111,139,0.856
2026-03-14,NOVA-MOB-01,DC-EAST,East,269,110,159,0.9082
2026-03-14,NOVA-MOB-01,DC-WEST,West,283,85,198,0.868
2026-03-14,NOVA-MOB-02,DC-NORTH,North,303,81,222,0.9175
2026-03-14,NOVA-MOB-02,DC-SOUTH,South,316,102,214,0.8715
2026-03-14,NOVA-MOB-02,DC-EAST,East,313,79,234,0.9254
2026-03-14,NOVA-MOB-02,DC-WEST,West,283,97,186,0.8486
2026-03-14,NOVA-CPT-01,DC-NORTH,North,158,62,96,0.8808
2026-03-14,NOVA-CPT-01,DC-SOUTH,South,191,59,132,0.8921
2026-03-14,NOVA-CPT-01,DC-EAST,East,152,58,94,0.8778
2026-03-14,NOVA-CPT-01,DC-WEST,West,154,59,95,0.95
2026-03-14,NOVA-CPT-02,DC-NORTH,North,216,95,121,0.9504
2026-03-14,NOVA-CPT-02,DC-SOUTH,South,234,76,158,0.9464
2026-03-14,NOVA-CPT-02,DC-EAST,East,190,60,130,0.8942
2026-03-14,NOVA-CPT-02,DC-WEST,West,183,58,125,0.8741
2026-03-14,NOVA-WBL-01,DC-NORTH,North,321,95,226,0.915
2026-03-14,NOVA-WBL-01,DC-SOUTH,South,280,120,160,0.881
2026-03-14,NOVA-WBL-01,DC-EAST,East,247,101,146,0.9048
2026-03-14,NOVA-WBL-01,DC-WEST,West,318,123,195,0.8619
2026-03-14,NOVA-WBL-02,DC-NORTH,North,407,145,262,0.9075
2026-03-14,NOVA-WBL-02,DC-SOUTH,South,438,188,250,0.8735
2026-03-14,NOVA-WBL-02,DC-EAST,East,454,175,279,0.8648
2026-03-14,NOVA-WBL-02,DC-WEST,West,421,130,291,0.8958
2026-03-14,NOVA-ACC-01,DC-NORTH,North,810,270,540,0.949
2026-03-14,NOVA-ACC-01,DC-SOUTH,South,880,353,527,0.9177
2026-03-14,NOVA-ACC-01,DC-EAST,East,773,206,567,0.9263
2026-03-14,NOVA-ACC-01,DC-WEST,West,739,228,511,0.9113
2026-03-14,NOVA-ACC-02,DC-NORTH,North,493,153,340,0.8729
2026-03-14,NOVA-ACC-02,DC-SOUTH,South,546,147,399,0.8694
2026-03-14,NOVA-ACC-02,DC-EAST,East,562,189,373,0.931
2026-03-14,NOVA-ACC-02,DC-WEST,West,545,211,334,0.9377
2026-03-15,NOVA-AUD-01,DC-NORTH,North,342,92,250,0.9352
2026-03-15,NOVA-AUD-01,DC-SOUTH,South,370,110,260,0.8949
2026-03-15,NOVA-AUD-01,DC-EAST,East,335,134,201,0.9317
2026-03-15,NOVA-AUD-01,DC-WEST,West,430,140,290,0.8544
2026-03-15,NOVA-AUD-02,DC-NORTH,North,489,147,342,0.8464
2026-03-15,NOVA-AUD-02,DC-SOUTH,South,505,218,287,0.8865
2026-03-15,NOVA-AUD-02,DC-EAST,East,451,119,332,0.8577
2026-03-15,NOVA-AUD-02,DC-WEST,West,532,219,313,0.9102
2026-03-15,NOVA-MOB-01,DC-NORTH,North,278,106,172,0.8879
2026-03-15,NOVA-MOB-01,DC-SOUTH,South,272,75,197,0.9102
2026-03-15,NOVA-MOB-01,DC-EAST,East,247,68,179,0.8517
2026-03-15,NOVA-MOB-01,DC-WEST,West,220,73,147,0.9122
2026-03-15,NOVA-MOB-02,DC-NORTH,North,267,107,160,0.8574
2026-03-15,NOVA-MOB-02,DC-SOUTH,South,296,100,196,0.946
2026-03-15,NOVA-MOB-02,DC-EAST,East,320,100,220,0.9205
2026-03-15,NOVA-MOB-02,DC-WEST,West,313,121,192,0.8991
2026-03-15,NOVA-CPT-01,DC-NORTH,North,155,66,89,0.9414
2026-03-15,NOVA-CPT-01,DC-SOUTH,South,173,48,125,0.8853
2026-03-15,NOVA-CPT-01,DC-EAST,East,155,42,113,0.9512
2026-03-15,NOVA-CPT-01,DC-WEST,West,159,39,120,0.8882
2026-03-15,NOVA-CPT-02,DC-NORTH,North,184,50,134,0.9222
2026-03-15,NOVA-CPT-02,DC-SOUTH,South,212,84,128,0.9465
2026-03-15,NOVA-CPT-02,DC-EAST,East,181,67,114,0.8963
2026-03-15,NOVA-CPT-02,DC-WEST,West,231,79,152,0.8764
2026-03-15,NOVA-WBL-01,DC-NORTH,North,274,113,161,0.9143
2026-03-15,NOVA-WBL-01,DC-SOUTH,South,286,76,210,0.86
2026-03-15,NOVA-WBL-01,DC-EAST,East,316,126,190,0.9126
2026-03-15,NOVA-WBL-01,DC-WEST,West,270,89,181,0.925
2026-03-15,NOVA-WBL-02,DC-NORTH,North,384,121,263,0.8808
2026-03-15,NOVA-WBL-02,DC-SOUTH,South,420,148,272,0.8665
2026-03-15,NOVA-WBL-02,DC-EAST,East,475,132,343,0.9129
2026-03-15,NOVA-WBL-02,DC-WEST,West,410,144,266,0.9426
2026-03-15,NOVA-ACC-01,DC-NORTH,North,853,247,606,0.8848
2026-03-15,NOVA-ACC-01,DC-SOUTH,South,816,313,503,0.9127
2026-03-15,NOVA-ACC-01,DC-EAST,East,679,252,427,0.9413
2026-03-15,NOVA-ACC-01,DC-WEST,West,762,228,534,0.8851
2026-03-15,NOVA-ACC-02,DC-NORTH,North,632,246,386,0.917
2026-03-15,NOVA-ACC-02,DC-SOUTH,South,500,158,342,0.9159
2026-03-15,NOVA-ACC-02,DC-EAST,East,642,189,453,0.9208
2026-03-15,NOVA-ACC-02,DC-WEST,West,508,168,340,0.9003
2026-03-16,NOVA-AUD-01,DC-NORTH,North,344,117,227,0.8585
2026-03-16,NOVA-AUD-01,DC-SOUTH,South,428,138,290,0.8689
2026-03-16,NOVA-AUD-01,DC-EAST,East,408,150,258,0.8819
2026-03-16,NOVA-AUD-01,DC-WEST,West,448,166,282,0.9459
2026-03-16,NOVA-AUD-02,DC-NORTH,North,535,179,356,0.9074
2026-03-16,NOVA-AUD-02,DC-SOUTH,South,506,177,329,0.917
2026-03-16,NOVA-AUD-02,DC-EAST,East,505,180,325,0.8714
2026-03-16,NOVA-AUD-02,DC-WEST,West,534,198,336,0.9249
2026-03-16,NOVA-MOB-01,DC-NORTH,North,267,94,173,0.8811
2026-03-16,NOVA-MOB-01,DC-SOUTH,South,261,71,190,0.9087
2026-03-16,NOVA-MOB-01,DC-EAST,East,267,107,160,0.8783
2026-03-16,NOVA-MOB-01,DC-WEST,West,230,71,159,0.9071
2026-03-16,NOVA-MOB-02,DC-NORTH,North,272,76,196,0.8537
2026-03-16,NOVA-MOB-02,DC-SOUTH,South,285,112,173,0.9517
2026-03-16,NOVA-MOB-02,DC-EAST,East,264,87,177,0.937
2026-03-16,NOVA-MOB-02,DC-WEST,West,275,118,157,0.9054
2026-03-16,NOVA-CPT-01,DC-NORTH,North,190,66,124,0.8496
2026-03-16,NOVA-CPT-01,DC-SOUTH,South,143,58,85,0.8632
2026-03-16,NOVA-CPT-01,DC-EAST,East,176,61,115,0.9206
2026-03-16,NOVA-CPT-01,DC-WEST,West,192,78,114,0.8677
2026-03-16,NOVA-CPT-02,DC-NORTH,North,194,66,128,0.8871
2026-03-16,NOVA-CPT-02,DC-SOUTH,South,229,94,135,0.8514
2026-03-16,NOVA-CPT-02,DC-EAST,East,207,91,116,0.9412
2026-03-16,NOVA-CPT-02,DC-WEST,West,214,79,135,0.8806
2026-03-16,NOVA-WBL-01,DC-NORTH,North,294,73,221,0.849
2026-03-16,NOVA-WBL-01,DC-SOUTH,South,297,95,202,0.9342
2026-03-16,NOVA-WBL-01,DC-EAST,East,314,117,197,0.8766
2026-03-16,NOVA-WBL-01,DC-WEST,West,278,115,163,0.9504
2026-03-16,NOVA-WBL-02,DC-NORTH,North,392,161,231,0.8571
2026-03-16,NOVA-WBL-02,DC-SOUTH,South,448,136,312,0.9229
2026-03-16,NOVA-WBL-02,DC-EAST,East,364,94,270,0.8625
2026-03-16,NOVA-WBL-02,DC-WEST,West,376,97,279,0.8615
2026-03-16,NOVA-ACC-01,DC-NORTH,North,727,291,436,0.8687
2026-03-16,NOVA-ACC-01,DC-SOUTH,South,661,188,473,0.9203
2026-03-16,NOVA-ACC-01,DC-EAST,East,664,269,395,0.8561
2026-03-16,NOVA-ACC-01,DC-WEST,West,756,325,431,0.9355
2026-03-16,NOVA-ACC-02,DC-NORTH,North,550,205,345,0.8519
2026-03-16,NOVA-ACC-02,DC-SOUTH,South,534,173,361,0.8597
2026-03-16,NOVA-ACC-02,DC-EAST,East,556,159,397,0.9127
2026-03-16,NOVA-ACC-02,DC-WEST,West,518,228,290,0.8994
2026-03-17,NOVA-AUD-01,DC-NORTH,North,389,157,232,0.8798
2026-03-17,NOVA-AUD-01,DC-SOUTH,South,442,135,307,0.8607
2026-03-17,NOVA-AUD-01,DC-EAST,East,378,109,269,0.9349
2026-03-17,NOVA-AUD-01,DC-WEST,West,362,155,207,0.9145
2026-03-17,NOVA-AUD-02,DC-NORTH,North,496,154,342,0.9249
2026-03-17,NOVA-AUD-02,DC-SOUTH,South,477,125,352,0.9452
2026-03-17,NOVA-AUD-02,DC-EAST,East,446,137,309,0.8676
2026-03-17,NOVA-AUD-02,DC-WEST,West,424,117,307,0.8556
2026-03-17,NOVA-MOB-01,DC-NORTH,North,217,72,145,0.8513
2026-03-17,NOVA-MOB-01,DC-SOUTH,South,264,107,157,0.9174
2026-03-17,NOVA-MOB-01,DC-EAST,East,270,110,160,0.8504
2026-03-17,NOVA-MOB-01,DC-WEST,West,241,96,145,0.8723
2026-03-17,NOVA-MOB-02,DC-NORTH,North,353,153,200,0.8588
2026-03-17,NOVA-MOB-02,DC-SOUTH,South,306,106,200,0.9415
2026-03-17,NOVA-MOB-02,DC-EAST,East,352,102,250,0.9236
2026-03-17,NOVA-MOB-02,DC-WEST,West,321,140,181,0.9225
2026-03-17,NOVA-CPT-01,DC-NORTH,North,144,57,87,0.9361
2026-03-17,NOVA-CPT-01,DC-SOUTH,South,188,51,137,0.9237
2026-03-17,NOVA-CPT-01,DC-EAST,East,150,66,84,0.9136
2026-03-17,NOVA-CPT-01,DC-WEST,West,169,45,124,0.8874
2026-03-17,NOVA-CPT-02,DC-NORTH,North,179,60,119,0.8663
2026-03-17,NOVA-CPT-02,DC-SOUTH,South,188,55,133,0.903
2026-03-17,NOVA-CPT-02,DC-EAST,East,202,90,112,0.9179
2026-03-17,NOVA-CPT-02,DC-WEST,West,185,49,136,0.933
2026-03-17,NOVA-WBL-01,DC-NORTH,North,240,98,142,0.9463
2026-03-17,NOVA-WBL-01,DC-SOUTH,South,250,106,144,0.9452
2026-03-17,NOVA-WBL-01,DC-EAST,East,284,121,163,0.9537
2026-03-17,NOVA-WBL-01,DC-WEST,West,295,127,168,0.9292
2026-03-17,NOVA-WBL-02,DC-NORTH,North,374,156,218,0.9317
2026-03-17,NOVA-WBL-02,DC-SOUTH,South,413,176,237,0.8719
2026-03-17,NOVA-WBL-02,DC-EAST,East,402,125,277,0.9172
2026-03-17,NOVA-WBL-02,DC-WEST,West,470,174,296,0.9196
2026-03-17,NOVA-ACC-01,DC-NORTH,North,735,317,418,0.8947
2026-03-17,NOVA-ACC-01,DC-SOUTH,South,697,228,469,0.9099
2026-03-17,NOVA-ACC-01,DC-EAST,East,785,257,528,0.8791
2026-03-17,NOVA-ACC-01,DC-WEST,West,658,185,473,0.9002
2026-03-17,NOVA-ACC-02,DC-NORTH,North,520,194,326,0.8522
2026-03-17,NOVA-ACC-02,DC-SOUTH,South,487,183,304,0.9133
2026-03-17,NOVA-ACC-02,DC-EAST,East,519,130,389,0.8508
2026-03-17,NOVA-ACC-02,DC-WEST,West,583,222,361,0.9132
2026-03-18,NOVA-AUD-01,DC-NORTH,North,376,130,246,0.9023
2026-03-18,NOVA-AUD-01,DC-SOUTH,South,377,112,265,0.8827
2026-03-18,NOVA-AUD-01,DC-EAST,East,400,151,249,0.9476
2026-03-18,NOVA-AUD-01,DC-WEST,West,431,109,322,0.9378
2026-03-18,NOVA-AUD-02,DC-NORTH,North,487,143,344,0.9453
2026-03-18,NOVA-AUD-02,DC-SOUTH,South,443,144,299,0.9525
2026-03-18,NOVA-AUD-02,DC-EAST,East,537,236,301,0.8779
2026-03-18,NOVA-AUD-02,DC-WEST,West,514,216,298,0.9208
2026-03-18,NOVA-MOB-01,DC-NORTH,North,257,84,173,0.9125
2026-03-18,NOVA-MOB-01,DC-SOUTH,South,267,79,188,0.9062
2026-03-18,NOVA-MOB-01,DC-EAST,East,255,100,155,0.9258
2026-03-18,NOVA-MOB-01,DC-WEST,West,216,54,162,0.9457
2026-03-18,NOVA-MOB-02,DC-NORTH,North,352,137,215,0.9436
2026-03-18,NOVA-MOB-02,DC-SOUTH,South,347,133,214,0.9193
2026-03-18,NOVA-MOB-02,DC-EAST,East,289,90,199,0.9377
2026-03-18,NOVA-MOB-02,DC-WEST,West,307,85,222,0.8942
2026-03-18,NOVA-CPT-01,DC-NORTH,North,145,39,106,0.9246
2026-03-18,NOVA-CPT-01,DC-SOUTH,South,177,74,103,0.8964
2026-03-18,NOVA-CPT-01,DC-EAST,East,191,73,118,0.8644
2026-03-18,NOVA-CPT-01,DC-WEST,West,179,60,119,0.8814
2026-03-18,NOVA-CPT-02,DC-NORTH,North,217,60,157,0.93
2026-03-18,NOVA-CPT-02,DC-SOUTH,South,225,84,141,0.9473
2026-03-18,NOVA-CPT-02,DC-EAST,East,211,76,135,0.8488
2026-03-18,NOVA-CPT-02,DC-WEST,West,240,68,172,0.9206
2026-03-18,NOVA-WBL-01,DC-NORTH,North,246,64,182,0.9151
2026-03-18,NOVA-WBL-01,DC-SOUTH,South,249,100,149,0.8519
2026-03-18,NOVA-WBL-01,DC-EAST,East,250,100,150,0.9105
2026-03-18,NOVA-WBL-01,DC-WEST,West,252,80,172,0.9359
2026-03-18,NOVA-WBL-02,DC-NORTH,North,398,127,271,0.9507
2026-03-18,NOVA-WBL-02,DC-SOUTH,South,376,110,266,0.852
2026-03-18,NOVA-WBL-02,DC-EAST,East,364,146,218,0.892
2026-03-18,NOVA-WBL-02,DC-WEST,West,473,180,293,0.8688
2026-03-18,NOVA-ACC-01,DC-NORTH,North,816,334,482,0.8631
2026-03-18,NOVA-ACC-01,DC-SOUTH,South,678,221,457,0.8932
2026-03-18,NOVA-ACC-01,DC-EAST,East,777,289,488,0.8588
2026-03-18,NOVA-ACC-01,DC-WEST,West,692,212,480,0.8633
2026-03-18,NOVA-ACC-02,DC-NORTH,North,619,181,438,0.8854
2026-03-18,NOVA-ACC-02,DC-SOUTH,South,625,199,426,0.8651
2026-03-18,NOVA-ACC-02,DC-EAST,East,580,187,393,0.889
2026-03-18,NOVA-ACC-02,DC-WEST,West,534,150,384,0.9086
2026-03-19,NOVA-AUD-01,DC-NORTH,North,353,154,199,0.8812
2026-03-19,NOVA-AUD-01,DC-SOUTH,South,403,147,256,0.9253
2026-03-19,NOVA-AUD-01,DC-EAST,East,368,113,255,0.9271
2026-03-19,NOVA-AUD-01,DC-WEST,West,391,169,222,0.9282
2026-03-19,NOVA-AUD-02,DC-NORTH,North,479,138,341,0.8948
2026-03-19,NOVA-AUD-02,DC-SOUTH,South,498,195,303,0.9349
2026-03-19,NOVA-AUD-02,DC-EAST,East,467,155,312,0.8775
2026-03-19,NOVA-AUD-02,DC-WEST,West,491,176,315,0.9443
2026-03-19,NOVA-MOB-01,DC-NORTH,North,289,97,192,0.909
2026-03-19,NOVA-MOB-01,DC-SOUTH,South,282,88,194,0.8996
2026-03-19,NOVA-MOB-01,DC-EAST,East,268,84,184,0.9066
2026-03-19,NOVA-MOB-01,DC-WEST,West,279,122,157,0.8516
2026-03-19,NOVA-MOB-02,DC-NORTH,North,304,120,184,0.9088
2026-03-19,NOVA-MOB-02,DC-SOUTH,South,347,146,201,0.8532
2026-03-19,NOVA-MOB-02,DC-EAST,East,296,111,185,0.8798
2026-03-19,NOVA-MOB-02,DC-WEST,West,274,123,151,0.8818
2026-03-19,NOVA-CPT-01,DC-NORTH,North,168,42,126,0.9402
2026-03-19,NOVA-CPT-01,DC-SOUTH,South,164,53,111,0.9119
2026-03-19,NOVA-CPT-01,DC-EAST,East,173,44,129,0.9248
2026-03-19,NOVA-CPT-01,DC-WEST,West,145,58,87,0.9204
2026-03-19,NOVA-CPT-02,DC-NORTH,North,204,51,153,0.9488
2026-03-19,NOVA-CPT-02,DC-SOUTH,South,203,71,132,0.9305
2026-03-19,NOVA-CPT-02,DC-EAST,East,230,80,150,0.8494
2026-03-19,NOVA-CPT-02,DC-WEST,West,197,65,132,0.9284
2026-03-19,NOVA-WBL-01,DC-NORTH,North,265,111,154,0.914
2026-03-19,NOVA-WBL-01,DC-SOUTH,South,251,94,157,0.8631
2026-03-19,NOVA-WBL-01,DC-EAST,East,266,72,194,0.9287
2026-03-19,NOVA-WBL-01,DC-WEST,West,306,110,196,0.8649
2026-03-19,NOVA-WBL-02,DC-NORTH,North,459,180,279,0.8747
2026-03-19,NOVA-WBL-02,DC-SOUTH,South,460,205,255,0.9409
2026-03-19,NOVA-WBL-02,DC-EAST,East,373,129,244,0.8723
2026-03-19,NOVA-WBL-02,DC-WEST,West,477,128,349,0.9401
2026-03-19,NOVA-ACC-01,DC-NORTH,North,772,233,539,0.9381
2026-03-19,NOVA-ACC-01,DC-SOUTH,South,800,250,550,0.8565
2026-03-19,NOVA-ACC-01,DC-EAST,East,809,355,454,0.8758
2026-03-19,NOVA-ACC-01,DC-WEST,West,828,299,529,0.872
2026-03-19,NOVA-ACC-02,DC-NORTH,North,641,200,441,0.9429
2026-03-19,NOVA-ACC-02,DC-SOUTH,South,642,189,453,0.9
2026-03-19,NOVA-ACC-02,DC-EAST,East,587,213,374,0.9138
2026-03-19,NOVA-ACC-02,DC-WEST,West,577,215,362,0.9273
2026-03-20,NOVA-AUD-01,DC-NORTH,North,384,122,262,0.948
2026-03-20,NOVA-AUD-01,DC-SOUTH,South,441,167,274,0.9108
2026-03-20,NOVA-AUD-01,DC-EAST,East,373,103,270,0.9233
2026-03-20,NOVA-AUD-01,DC-WEST,West,409,128,281,0.86
2026-03-20,NOVA-AUD-02,DC-NORTH,North,417,162,255,0.8531
2026-03-20,NOVA-AUD-02,DC-SOUTH,South,429,164,265,0.9274
2026-03-20,NOVA-AUD-02,DC-EAST,East,483,194,289,0.8592
2026-03-20,NOVA-AUD-02,DC-WEST,West,458,170,288,0.8718
2026-03-20,NOVA-MOB-01,DC-NORTH,North,246,62,184,0.9046
2026-03-20,NOVA-MOB-01,DC-SOUTH,South,268,116,152,0.8518
2026-03-20,NOVA-MOB-01,DC-EAST,East,264,80,184,0.9535
2026-03-20,NOVA-MOB-01,DC-WEST,West,238,95,143,0.9146
2026-03-20,NOVA-MOB-02,DC-NORTH,North,271,103,168,0.9432
2026-03-20,NOVA-MOB-02,DC-SOUTH,South,350,91,259,0.9375
2026-03-20,NOVA-MOB-02,DC-EAST,East,295,102,193,0.9299
2026-03-20,NOVA-MOB-02,DC-WEST,West,281,121,160,0.9531
2026-03-20,NOVA-CPT-01,DC-NORTH,North,160,63,97,0.8641
2026-03-20,NOVA-CPT-01,DC-SOUTH,South,143,44,99,0.8478
2026-03-20,NOVA-CPT-01,DC-EAST,East,168,51,117,0.8557
2026-03-20,NOVA-CPT-01,DC-WEST,West,168,60,108,0.946
2026-03-20,NOVA-CPT-02,DC-NORTH,North,204,62,142,0.8499
2026-03-20,NOVA-CPT-02,DC-SOUTH,South,207,70,137,0.881
2026-03-20,NOVA-CPT-02,DC-EAST,East,180,58,122,0.8589
2026-03-20,NOVA-CPT-02,DC-WEST,West,241,66,175,0.8512
2026-03-20,NOVA-WBL-01,DC-NORTH,North,255,82,173,0.8944
2026-03-20,NOVA-WBL-01,DC-SOUTH,South,277,69,208,0.9363
2026-03-20,NOVA-WBL-01,DC-EAST,East,275,111,164,0.9535
2026-03-20,NOVA-WBL-01,DC-WEST,West,293,74,219,0.9386
2026-03-20,NOVA-WBL-02,DC-NORTH,North,407,175,232,0.8918
2026-03-20,NOVA-WBL-02,DC-SOUTH,South,391,114,277,0.8854
2026-03-20,NOVA-WBL-02,DC-EAST,East,369,152,217,0.8744
2026-03-20,NOVA-WBL-02,DC-WEST,West,465,135,330,0.9376
2026-03-20,NOVA-ACC-01,DC-NORTH,North,726,294,432,0.8849
2026-03-20,NOVA-ACC-01,DC-SOUTH,South,846,302,544,0.8633
2026-03-20,NOVA-ACC-01,DC-EAST,East,761,199,562,0.8902
2026-03-20,NOVA-ACC-01,DC-WEST,West,797,220,577,0.8607
2026-03-20,NOVA-ACC-02,DC-NORTH,North,576,219,357,0.9346
2026-03-20,NOVA-ACC-02,DC-SOUTH,South,541,208,333,0.9422
2026-03-20,NOVA-ACC-02,DC-EAST,East,576,194,382,0.8483
2026-03-20,NOVA-ACC-02,DC-WEST,West,563,160,403,0.8919
2026-03-21,NOVA-AUD-01,DC-NORTH,North,335,95,240,0.8703
2026-03-21,NOVA-AUD-01,DC-SOUTH,South,428,163,265,0.8489
2026-03-21,NOVA-AUD-01,DC-EAST,East,406,171,235,0.8855
2026-03-21,NOVA-AUD-01,DC-WEST,West,402,163,239,0.909
2026-03-21,NOVA-AUD-02,DC-NORTH,North,465,188,277,0.8682
2026-03-21,NOVA-AUD-02,DC-SOUTH,South,454,137,317,0.867
2026-03-21,NOVA-AUD-02,DC-EAST,East,467,176,291,0.8917
2026-03-21,NOVA-AUD-02,DC-WEST,West,446,143,303,0.9396
2026-03-21,NOVA-MOB-01,DC-NORTH,North,266,80,186,0.9208
2026-03-21,NOVA-MOB-01,DC-SOUTH,South,232,83,149,0.8971
2026-03-21,NOVA-MOB-01,DC-EAST,East,267,93,174,0.8463
2026-03-21,NOVA-MOB-01,DC-WEST,West,256,68,188,0.9306
2026-03-21,NOVA-MOB-02,DC-NORTH,North,325,127,198,0.8554
2026-03-21,NOVA-MOB-02,DC-SOUTH,South,328,97,231,0.8971
2026-03-21,NOVA-MOB-02,DC-EAST,East,291,111,180,0.8633
2026-03-21,NOVA-MOB-02,DC-WEST,West,280,84,196,0.864
2026-03-21,NOVA-CPT-01,DC-NORTH,North,146,62,84,0.8473
2026-03-21,NOVA-CPT-01,DC-SOUTH,South,166,66,100,0.8566
2026-03-21,NOVA-CPT-01,DC-EAST,East,167,57,110,0.911
2026-03-21,NOVA-CPT-01,DC-WEST,West,154,61,93,0.8984
2026-03-21,NOVA-CPT-02,DC-NORTH,North,229,86,143,0.9369
2026-03-21,NOVA-CPT-02,DC-SOUTH,South,224,64,160,0.9483
2026-03-21,NOVA-CPT-02,DC-EAST,East,189,49,140,0.9008
2026-03-21,NOVA-CPT-02,DC-WEST,West,187,79,108,0.879
2026-03-21,NOVA-WBL-01,DC-NORTH,North,281,107,174,0.9234
2026-03-21,NOVA-WBL-01,DC-SOUTH,South,310,84,226,0.899
2026-03-21,NOVA-WBL-01,DC-EAST,East,303,122,181,0.8566
2026-03-21,NOVA-WBL-01,DC-WEST,West,311,114,197,0.8974
2026-03-21,NOVA-WBL-02,DC-NORTH,North,458,117,341,0.8774
2026-03-21,NOVA-WBL-02,DC-SOUTH,South,374,158,216,0.9531
2026-03-21,NOVA-WBL-02,DC-EAST,East,431,109,322,0.9304
2026-03-21,NOVA-WBL-02,DC-WEST,West,436,153,283,0.8637
2026-03-21,NOVA-ACC-01,DC-NORTH,North,718,193,525,0.8507
2026-03-21,NOVA-ACC-01,DC-SOUTH,South,683,280,403,0.9166
2026-03-21,NOVA-ACC-01,DC-EAST,East,873,257,616,0.9137
2026-03-21,NOVA-ACC-01,DC-WEST,West,676,235,441,0.919
2026-03-21,NOVA-ACC-02,DC-NORTH,North,511,131,380,0.9526
2026-03-21,NOVA-ACC-02,DC-SOUTH,South,628,262,366,0.9258
2026-03-21,NOVA-ACC-02,DC-EAST,East,555,157,398,0.9224
2026-03-21,NOVA-ACC-02,DC-WEST,West,583,203,380,0.8701
2026-03-22,NOVA-AUD-01,DC-NORTH,North,441,156,285,0.8711
2026-03-22,NOVA-AUD-01,DC-SOUTH,South,392,157,235,0.8511
2026-03-22,NOVA-AUD-01,DC-EAST,East,407,128,279,0.8628
2026-03-22,NOVA-AUD-01,DC-WEST,West,445,172,273,0.9126
2026-03-22,NOVA-AUD-02,DC-NORTH,North,497,223,274,0.8896
2026-03-22,NOVA-AUD-02,DC-SOUTH,South,428,139,289,0.8948
2026-03-22,NOVA-AUD-02,DC-EAST,East,509,169,340,0.8507
2026-03-22,NOVA-AUD-02,DC-WEST,West,436,118,318,0.8603
2026-03-22,NOVA-MOB-01,DC-NORTH,North,214,89,125,0.9169
2026-03-22,NOVA-MOB-01,DC-SOUTH,South,246,96,150,0.9147
2026-03-22,NOVA-MOB-01,DC-EAST,East,264,77,187,0.8625
2026-03-22,NOVA-MOB-01,DC-WEST,West,257,70,187,0.9212
2026-03-22,NOVA-MOB-02,DC-NORTH,North,343,108,235,0.9144
2026-03-22,NOVA-MOB-02,DC-SOUTH,South,271,80,191,0.8737
2026-03-22,NOVA-MOB-02,DC-EAST,East,317,113,204,0.9204
2026-03-22,NOVA-MOB-02,DC-WEST,West,352,145,207,0.8812
2026-03-22,NOVA-CPT-01,DC-NORTH,North,172,71,101,0.8549
2026-03-22,NOVA-CPT-01,DC-SOUTH,South,184,56,128,0.9476
2026-03-22,NOVA-CPT-01,DC-EAST,East,189,56,133,0.8753
2026-03-22,NOVA-CPT-01,DC-WEST,West,188,68,120,0.9254
2026-03-22,NOVA-CPT-02,DC-NORTH,North,206,65,141,0.8963
2026-03-22,NOVA-CPT-02,DC-SOUTH,South,187,80,107,0.8519
2026-03-22,NOVA-CPT-02,DC-EAST,East,209,85,124,0.8791
2026-03-22,NOVA-CPT-02,DC-WEST,West,186,50,136,0.9364
2026-03-22,NOVA-WBL-01,DC-NORTH,North,272,98,174,0.9094
2026-03-22,NOVA-WBL-01,DC-SOUTH,South,317,130,187,0.8812
2026-03-22,NOVA-WBL-01,DC-EAST,East,311,96,215,0.879
2026-03-22,NOVA-WBL-01,DC-WEST,West,296,95,201,0.8794
2026-03-22,NOVA-WBL-02,DC-NORTH,North,365,112,253,0.8804
2026-03-22,NOVA-WBL-02,DC-SOUTH,South,396,154,242,0.9013
2026-03-22,NOVA-WBL-02,DC-EAST,East,421,161,260,0.8885
2026-03-22,NOVA-WBL-02,DC-WEST,West,404,170,234,0.9416
2026-03-22,NOVA-ACC-01,DC-NORTH,North,795,341,454,0.873
2026-03-22,NOVA-ACC-01,DC-SOUTH,South,881,304,577,0.9063
2026-03-22,NOVA-ACC-01,DC-EAST,East,690,205,485,0.9104
2026-03-22,NOVA-ACC-01,DC-WEST,West,706,238,468,0.9118
2026-03-22,NOVA-ACC-02,DC-NORTH,North,635,201,434,0.9029
2026-03-22,NOVA-ACC-02,DC-SOUTH,South,579,201,378,0.8982
2026-03-22,NOVA-ACC-02,DC-EAST,East,643,256,387,0.9536
2026-03-22,NOVA-ACC-02,DC-WEST,West,599,269,330,0.8731
2026-03-23,NOVA-AUD-01,DC-NORTH,North,351,105,246,0.8637
2026-03-23,NOVA-AUD-01,DC-SOUTH,South,370,148,222,0.9319
2026-03-23,NOVA-AUD-01,DC-EAST,East,417,175,242,0.9192
2026-03-23,NOVA-AUD-01,DC-WEST,West,365,98,267,0.8771
2026-03-23,NOVA-AUD-02,DC-NORTH,North,436,129,307,0.9394
2026-03-23,NOVA-AUD-02,DC-SOUTH,South,483,134,349,0.894
2026-03-23,NOVA-AUD-02,DC-EAST,East,550,203,347,0.8833
2026-03-23,NOVA-AUD-02,DC-WEST,West,537,139,398,0.9189
2026-03-23,NOVA-MOB-01,DC-NORTH,North,278,82,196,0.8714
2026-03-23,NOVA-MOB-01,DC-SOUTH,South,283,104,179,0.9177
2026-03-23,NOVA-MOB-01,DC-EAST,East,256,89,167,0.8953
2026-03-23,NOVA-MOB-01,DC-WEST,West,231,74,157,0.8565
2026-03-23,NOVA-MOB-02,DC-NORTH,North,261,83,178,0.9032
2026-03-23,NOVA-MOB-02,DC-SOUTH,South,351,120,231,0.8845
2026-03-23,NOVA-MOB-02,DC-EAST,East,347,148,199,0.9308
2026-03-23,NOVA-MOB-02,DC-WEST,West,351,154,197,0.8632
2026-03-23,NOVA-CPT-01,DC-NORTH,North,147,54,93,0.9324
2026-03-23,NOVA-CPT-01,DC-SOUTH,South,181,58,123,0.8568
2026-03-23,NOVA-CPT-01,DC-EAST,East,145,51,94,0.9286
2026-03-23,NOVA-CPT-01,DC-WEST,West,171,66,105,0.9017
2026-03-23,NOVA-CPT-02,DC-NORTH,North,223,59,164,0.8592
2026-03-23,NOVA-CPT-02,DC-SOUTH,South,184,81,103,0.913
2026-03-23,NOVA-CPT-02,DC-EAST,East,189,51,138,0.9343
2026-03-23,NOVA-CPT-02,DC-WEST,West,223,66,157,0.8606
2026-03-23,NOVA-WBL-01,DC-NORTH,North,291,96,195,0.8665
2026-03-23,NOVA-WBL-01,DC-SOUTH,South,293,107,186,0.9168
2026-03-23,NOVA-WBL-01,DC-EAST,East,320,101,219,0.9336
2026-03-23,NOVA-WBL-01,DC-WEST,West,254,77,177,0.9191
2026-03-23,NOVA-WBL-02,DC-NORTH,North,446,180,266,0.894
2026-03-23,NOVA-WBL-02,DC-SOUTH,South,435,132,303,0.9355
2026-03-23,NOVA-WBL-02,DC-EAST,East,466,179,287,0.8693
2026-03-23,NOVA-WBL-02,DC-WEST,West,393,120,273,0.8672
2026-03-23,NOVA-ACC-01,DC-NORTH,North,799,323,476,0.9377
2026-03-23,NOVA-ACC-01,DC-SOUTH,South,854,318,536,0.8548
2026-03-23,NOVA-ACC-01,DC-EAST,East,825,332,493,0.8703
2026-03-23,NOVA-ACC-01,DC-WEST,West,741,218,523,0.8777
2026-03-23,NOVA-ACC-02,DC-NORTH,North,514,196,318,0.9168
2026-03-23,NOVA-ACC-02,DC-SOUTH,South,587,236,351,0.8644
2026-03-23,NOVA-ACC-02,DC-EAST,East,518,181,337,0.9366
2026-03-23,NOVA-ACC-02,DC-WEST,West,599,260,339,0.8588
2026-03-24,NOVA-AUD-01,DC-NORTH,North,349,150,199,0.864
2026-03-24,NOVA-AUD-01,DC-SOUTH,South,391,161,230,0.9478
2026-03-24,NOVA-AUD-01,DC-EAST,East,383,141,242,0.8544
2026-03-24,NOVA-AUD-01,DC-WEST,West,350,147,203,0.9074
2026-03-24,NOVA-AUD-02,DC-NORTH,North,490,202,288,0.8653
2026-03-24,NOVA-AUD-02,DC-SOUTH,South,528,237,291,0.8774
2026-03-24,NOVA-AUD-02,DC-EAST,East,508,144,364,0.85
2026-03-24,NOVA-AUD-02,DC-WEST,West,472,173,299,0.934
2026-03-24,NOVA-MOB-01,DC-NORTH,North,241,99,142,0.9044
2026-03-24,NOVA-MOB-01,DC-SOUTH,South,220,96,124,0.9071
2026-03-24,NOVA-MOB-01,DC-EAST,East,251,91,160,0.8575
2026-03-24,NOVA-MOB-01,DC-WEST,West,244,102,142,0.8521
2026-03-24,NOVA-MOB-02,DC-NORTH,North,271,96,175,0.8517
2026-03-24,NOVA-MOB-02,DC-SOUTH,South,287,127,160,0.9272
2026-03-24,NOVA-MOB-02,DC-EAST,East,304,99,205,0.8587
2026-03-24,NOVA-MOB-02,DC-WEST,West,341,100,241,0.888
2026-03-24,NOVA-CPT-01,DC-NORTH,North,159,54,105,0.8559
2026-03-24,NOVA-CPT-01,DC-SOUTH,South,192,48,144,0.8877
2026-03-24,NOVA-CPT-01,DC-EAST,East,163,58,105,0.8969
2026-03-24,NOVA-CPT-01,DC-WEST,West,158,58,100,0.9466
2026-03-24,NOVA-CPT-02,DC-NORTH,North,208,78,130,0.9053
2026-03-24,NOVA-CPT-02,DC-SOUTH,South,232,78,154,0.915
2026-03-24,NOVA-CPT-02,DC-EAST,East,228,90,138,0.9051
2026-03-24,NOVA-CPT-02,DC-WEST,West,229,74,155,0.854
2026-03-24,NOVA-WBL-01,DC-NORTH,North,270,113,157,0.946
2026-03-24,NOVA-WBL-01,DC-SOUTH,South,247,91,156,0.8544
2026-03-24,NOVA-WBL-01,DC-EAST,East,251,83,168,0.9521
2026-03-24,NOVA-WBL-01,DC-WEST,West,277,76,201,0.9351
2026-03-24,NOVA-WBL-02,DC-NORTH,North,368,135,233,0.9023
2026-03-24,NOVA-WBL-02,DC-SOUTH,South,360,152,208,0.9491
2026-03-24,NOVA-WBL-02,DC-EAST,East,447,116,331,0.8871
2026-03-24,NOVA-WBL-02,DC-WEST,West,386,98,288,0.85
2026-03-24,NOVA-ACC-01,DC-NORTH,North,835,321,514,0.9062
2026-03-24,NOVA-ACC-01,DC-SOUTH,South,869,334,535,0.8633
2026-03-24,NOVA-ACC-01,DC-EAST,East,884,322,562,0.8812
2026-03-24,NOVA-ACC-01,DC-WEST,West,850,348,502,0.8824
2026-03-24,NOVA-ACC-02,DC-NORTH,North,613,239,374,0.8761
2026-03-24,NOVA-ACC-02,DC-SOUTH,South,539,222,317,0.8927
2026-03-24,NOVA-ACC-02,DC-EAST,East,491,159,332,0.9431
2026-03-24,NOVA-ACC-02,DC-WEST,West,635,165,470,0.8876
2026-03-25,NOVA-AUD-01,DC-NORTH,North,359,161,198,0.9459
2026-03-25,NOVA-AUD-01,DC-SOUTH,South,437,123,314,0.9466
2026-03-25,NOVA-AUD-01,DC-EAST,East,385,172,213,0.8736
2026-03-25,NOVA-AUD-01,DC-WEST,West,383,162,221,0.9265
2026-03-25,NOVA-AUD-02,DC-NORTH,North,434,144,290,0.9214
2026-03-25,NOVA-AUD-02,DC-SOUTH,South,473,164,309,0.9156
2026-03-25,NOVA-AUD-02,DC-EAST,East,502,153,349,0.8844
2026-03-25,NOVA-AUD-02,DC-WEST,West,526,230,296,0.9277
2026-03-25,NOVA-MOB-01,DC-NORTH,North,236,94,142,0.9207
2026-03-25,NOVA-MOB-01,DC-SOUTH,South,241,97,144,0.8742
2026-03-25,NOVA-MOB-01,DC-EAST,East,288,93,195,0.9113
2026-03-25,NOVA-MOB-01,DC-WEST,West,254,82,172,0.8708
2026-03-25,NOVA-MOB-02,DC-NORTH,North,269,112,157,0.9497
2026-03-25,NOVA-MOB-02,DC-SOUTH,South,347,89,258,0.9159
2026-03-25,NOVA-MOB-02,DC-EAST,East,288,115,173,0.9013
2026-03-25,NOVA-MOB-02,DC-WEST,West,306,134,172,0.8535
2026-03-25,NOVA-CPT-01,DC-NORTH,North,164,45,119,0.887
2026-03-25,NOVA-CPT-01,DC-SOUTH,South,160,68,92,0.9071
2026-03-25,NOVA-CPT-01,DC-EAST,East,161,70,91,0.8564
2026-03-25,NOVA-CPT-01,DC-WEST,West,180,71,109,0.9196
2026-03-25,NOVA-CPT-02,DC-NORTH,North,196,56,140,0.8465
2026-03-25,NOVA-CPT-02,DC-SOUTH,South,200,77,123,0.8742
2026-03-25,NOVA-CPT-02,DC-EAST,East,231,79,152,0.9514
2026-03-25,NOVA-CPT-02,DC-WEST,West,182,64,118,0.9365
2026-03-25,NOVA-WBL-01,DC-NORTH,North,240,98,142,0.872
2026-03-25,NOVA-WBL-01,DC-SOUTH,South,282,112,170,0.9424
2026-03-25,NOVA-WBL-01,DC-EAST,East,320,121,199,0.9486
2026-03-25,NOVA-WBL-01,DC-WEST,West,273,85,188,0.9144
2026-03-25,NOVA-WBL-02,DC-NORTH,North,413,166,247,0.8945
2026-03-25,NOVA-WBL-02,DC-SOUTH,South,428,172,256,0.8982
2026-03-25,NOVA-WBL-02,DC-EAST,East,373,147,226,0.9456
2026-03-25,NOVA-WBL-02,DC-WEST,West,436,165,271,0.8522
2026-03-25,NOVA-ACC-01,DC-NORTH,North,832,258,574,0.8875
2026-03-25,NOVA-ACC-01,DC-SOUTH,South,693,239,454,0.8896
2026-03-25,NOVA-ACC-01,DC-EAST,East,713,317,396,0.9417
2026-03-25,NOVA-ACC-01,DC-WEST,West,776,203,573,0.9208
2026-03-25,NOVA-ACC-02,DC-NORTH,North,630,223,407,0.9152
2026-03-25,NOVA-ACC-02,DC-SOUTH,South,548,224,324,0.9461
2026-03-25,NOVA-ACC-02,DC-EAST,East,604,179,425,0.928
2026-03-25,NOVA-ACC-02,DC-WEST,West,493,175,318,0.9047
2026-03-26,NOVA-AUD-01,DC-NORTH,North,380,128,252,0.9189
2026-03-26,NOVA-AUD-01,DC-SOUTH,South,441,162,279,0.8863
2026-03-26,NOVA-AUD-01,DC-EAST,East,345,152,193,0.9111
2026-03-26,NOVA-AUD-01,DC-WEST,West,359,154,205,0.8631
2026-03-26,NOVA-AUD-02,DC-NORTH,North,458,158,300,0.9157
2026-03-26,NOVA-AUD-02,DC-SOUTH,South,510,190,320,0.8627
2026-03-26,NOVA-AUD-02,DC-EAST,East,465,136,329,0.9432
2026-03-26,NOVA-AUD-02,DC-WEST,West,419,105,314,0.8619
2026-03-26,NOVA-MOB-01,DC-NORTH,North,274,121,153,0.8858
2026-03-26,NOVA-MOB-01,DC-SOUTH,South,260,85,175,0.8804
2026-03-26,NOVA-MOB-01,DC-EAST,East,274,99,175,0.8985
2026-03-26,NOVA-MOB-01,DC-WEST,West,248,80,168,0.934
2026-03-26,NOVA-MOB-02,DC-NORTH,North,265,104,161,0.8866
2026-03-26,NOVA-MOB-02,DC-SOUTH,South,282,106,176,0.853
2026-03-26,NOVA-MOB-02,DC-EAST,East,290,96,194,0.9314
2026-03-26,NOVA-MOB-02,DC-WEST,West,271,119,152,0.863
2026-03-26,NOVA-CPT-01,DC-NORTH,North,171,75,96,0.8772
2026-03-26,NOVA-CPT-01,DC-SOUTH,South,175,51,124,0.8993
2026-03-26,NOVA-CPT-01,DC-EAST,East,169,42,127,0.9074
2026-03-26,NOVA-CPT-01,DC-WEST,West,179,50,129,0.9248
2026-03-26,NOVA-CPT-02,DC-NORTH,North,227,80,147,0.9099
2026-03-26,NOVA-CPT-02,DC-SOUTH,South,181,80,101,0.8953
2026-03-26,NOVA-CPT-02,DC-EAST,East,230,98,132,0.927
2026-03-26,NOVA-CPT-02,DC-WEST,West,238,82,156,0.9129
2026-03-26,NOVA-WBL-01,DC-NORTH,North,246,74,172,0.936
2026-03-26,NOVA-WBL-01,DC-SOUTH,South,287,103,184,0.8974
2026-03-26,NOVA-WBL-01,DC-EAST,East,296,102,194,0.9509
2026-03-26,NOVA-WBL-01,DC-WEST,West,246,81,165,0.9077
2026-03-26,NOVA-WBL-02,DC-NORTH,North,375,119,256,0.8643
2026-03-26,NOVA-WBL-02,DC-SOUTH,South,396,172,224,0.8551
2026-03-26,NOVA-WBL-02,DC-EAST,East,359,118,241,0.9118
2026-03-26,NOVA-WBL-02,DC-WEST,West,439,148,291,0.8775
2026-03-26,NOVA-ACC-01,DC-NORTH,North,654,253,401,0.8519
2026-03-26,NOVA-ACC-01,DC-SOUTH,South,773,213,560,0.914
2026-03-26,NOVA-ACC-01,DC-EAST,East,813,268,545,0.9263
2026-03-26,NOVA-ACC-01,DC-WEST,West,670,168,502,0.8561
2026-03-26,NOVA-ACC-02,DC-NORTH,North,564,179,385,0.8723
2026-03-26,NOVA-ACC-02,DC-SOUTH,South,552,138,414,0.8527
2026-03-26,NOVA-ACC-02,DC-EAST,East,479,120,359,0.8622
2026-03-26,NOVA-ACC-02,DC-WEST,West,499,197,302,0.8643
2026-03-27,NOVA-AUD-01,DC-NORTH,North,379,157,222,0.9404
2026-03-27,NOVA-AUD-01,DC-SOUTH,South,444,114,330,0.8563
2026-03-27,NOVA-AUD-01,DC-EAST,East,420,115,305,0.9504
2026-03-27,NOVA-AUD-01,DC-WEST,West,342,148,194,0.905
2026-03-27,NOVA-AUD-02,DC-NORTH,North,426,138,288,0.8672
2026-03-27,NOVA-AUD-02,DC-SOUTH,South,455,167,288,0.8466
2026-03-27,NOVA-AUD-02,DC-EAST,East,472,161,311,0.9125
2026-03-27,NOVA-AUD-02,DC-WEST,West,548,229,319,0.8503
2026-03-27,NOVA-MOB-01,DC-NORTH,North,288,88,200,0.8789
2026-03-27,NOVA-MOB-01,DC-SOUTH,South,220,90,130,0.9299
2026-03-27,NOVA-MOB-01,DC-EAST,East,246,102,144,0.9063
2026-03-27,NOVA-MOB-01,DC-WEST,West,270,87,183,0.9073
2026-03-27,NOVA-MOB-02,DC-NORTH,North,285,78,207,0.9508
2026-03-27,NOVA-MOB-02,DC-SOUTH,South,316,99,217,0.9142
2026-03-27,NOVA-MOB-02,DC-EAST,East,273,92,181,0.8577
2026-03-27,NOVA-MOB-02,DC-WEST,West,344,119,225,0.9397
2026-03-27,NOVA-CPT-01,DC-NORTH,North,150,47,103,0.9382
2026-03-27,NOVA-CPT-01,DC-SOUTH,South,182,67,115,0.8801
2026-03-27,NOVA-CPT-01,DC-EAST,East,144,40,104,0.8757
2026-03-27,NOVA-CPT-01,DC-WEST,West,180,77,103,0.855
2026-03-27,NOVA-CPT-02,DC-NORTH,North,211,93,118,0.8613
2026-03-27,NOVA-CPT-02,DC-SOUTH,South,199,81,118,0.9147
2026-03-27,NOVA-CPT-02,DC-EAST,East,181,70,111,0.9483
2026-03-27,NOVA-CPT-02,DC-WEST,West,217,96,121,0.8462
2026-03-27,NOVA-WBL-01,DC-NORTH,North,311,96,215,0.9506
2026-03-27,NOVA-WBL-01,DC-SOUTH,South,292,81,211,0.8692
2026-03-27,NOVA-WBL-01,DC-EAST,East,319,91,228,0.8585
2026-03-27,NOVA-WBL-01,DC-WEST,West,276,86,190,0.9003
2026-03-27,NOVA-WBL-02,DC-NORTH,North,419,115,304,0.9201
2026-03-27,NOVA-WBL-02,DC-SOUTH,South,381,95,286,0.8478
2026-03-27,NOVA-WBL-02,DC-EAST,East,368,107,261,0.9326
2026-03-27,NOVA-WBL-02,DC-WEST,West,373,110,263,0.93
2026-03-27,NOVA-ACC-01,DC-NORTH,North,750,251,499,0.9251
2026-03-27,NOVA-ACC-01,DC-SOUTH,South,843,257,586,0.902
2026-03-27,NOVA-ACC-01,DC-EAST,East,693,243,450,0.8988
2026-03-27,NOVA-ACC-01,DC-WEST,West,657,284,373,0.9124
2026-03-27,NOVA-ACC-02,DC-NORTH,North,483,201,282,0.8783
2026-03-27,NOVA-ACC-02,DC-SOUTH,South,548,140,408,0.9085
2026-03-27,NOVA-ACC-02,DC-EAST,East,540,177,363,0.8945
2026-03-27,NOVA-ACC-02,DC-WEST,West,616,175,441,0.8869
2026-03-28,NOVA-AUD-01,DC-NORTH,North,407,178,229,0.9226
2026-03-28,NOVA-AUD-01,DC-SOUTH,South,433,190,243,0.8797
2026-03-28,NOVA-AUD-01,DC-EAST,East,404,106,298,0.9519
2026-03-28,NOVA-AUD-01,DC-WEST,West,338,138,200,0.8992
2026-03-28,NOVA-AUD-02,DC-NORTH,North,561,173,388,0.9537
2026-03-28,NOVA-AUD-02,DC-SOUTH,South,464,139,325,0.9357
2026-03-28,NOVA-AUD-02,DC-EAST,East,463,162,301,0.8746
2026-03-28,NOVA-AUD-02,DC-WEST,West,461,152,309,0.8965
2026-03-28,NOVA-MOB-01,DC-NORTH,North,268,73,195,0.9203
2026-03-28,NOVA-MOB-01,DC-SOUTH,South,282,95,187,0.8832
2026-03-28,NOVA-MOB-01,DC-EAST,East,233,79,154,0.9266
2026-03-28,NOVA-MOB-01,DC-WEST,West,230,96,134,0.9023
2026-03-28,NOVA-MOB-02,DC-NORTH,North,340,137,203,0.8618
2026-03-28,NOVA-MOB-02,DC-SOUTH,South,334,95,239,0.8966
2026-03-28,NOVA-MOB-02,DC-EAST,East,296,130,166,0.8738
2026-03-28,NOVA-MOB-02,DC-WEST,West,329,123,206,0.8598
2026-03-28,NOVA-CPT-01,DC-NORTH,North,186,75,111,0.9292
2026-03-28,NOVA-CPT-01,DC-SOUTH,South,157,52,105,0.879
2026-03-28,NOVA-CPT-01,DC-EAST,East,174,66,108,0.8664
2026-03-28,NOVA-CPT-01,DC-WEST,West,179,70,109,0.8628
2026-03-28,NOVA-CPT-02,DC-NORTH,North,184,57,127,0.8876
2026-03-28,NOVA-CPT-02,DC-SOUTH,South,199,83,116,0.9502
2026-03-28,NOVA-CPT-02,DC-EAST,East,197,84,113,0.8677
2026-03-28,NOVA-CPT-02,DC-WEST,West,240,68,172,0.9517
2026-03-28,NOVA-WBL-01,DC-NORTH,North,249,74,175,0.9313
2026-03-28,NOVA-WBL-01,DC-SOUTH,South,265,79,186,0.8837
2026-03-28,NOVA-WBL-01,DC-EAST,East,273,112,161,0.9525
2026-03-28,NOVA-WBL-01,DC-WEST,West,303,107,196,0.95
2026-03-28,NOVA-WBL-02,DC-NORTH,North,453,187,266,0.9292
2026-03-28,NOVA-WBL-02,DC-SOUTH,South,441,136,305,0.9434
2026-03-28,NOVA-WBL-02,DC-EAST,East,375,94,281,0.931
2026-03-28,NOVA-WBL-02,DC-WEST,West,384,149,235,0.9051
2026-03-28,NOVA-ACC-01,DC-NORTH,North,680,201,479,0.9146
2026-03-28,NOVA-ACC-01,DC-SOUTH,South,802,212,590,0.912
2026-03-28,NOVA-ACC-01,DC-EAST,East,862,331,531,0.898
2026-03-28,NOVA-ACC-01,DC-WEST,West,656,283,373,0.9407
2026-03-28,NOVA-ACC-02,DC-NORTH,North,495,131,364,0.9269
2026-03-28,NOVA-ACC-02,DC-SOUTH,South,564,212,352,0.9365
2026-03-28,NOVA-ACC-02,DC-EAST,East,511,163,348,0.9118
2026-03-28,NOVA-ACC-02,DC-WEST,West,502,132,370,0.8847
2026-03-29,NOVA-AUD-01,DC-NORTH,North,387,152,235,0.8897
2026-03-29,NOVA-AUD-01,DC-SOUTH,South,337,136,201,0.8866
2026-03-29,NOVA-AUD-01,DC-EAST,East,438,148,290,0.9149
2026-03-29,NOVA-AUD-01,DC-WEST,West,335,143,192,0.9346
2026-03-29,NOVA-AUD-02,DC-NORTH,North,505,205,300,0.8608
2026-03-29,NOVA-AUD-02,DC-SOUTH,South,544,176,368,0.8502
2026-03-29,NOVA-AUD-02,DC-EAST,East,554,200,354,0.856
2026-03-29,NOVA-AUD-02,DC-WEST,West,420,153,267,0.8746
2026-03-29,NOVA-MOB-01,DC-NORTH,North,230,59,171,0.8956
2026-03-29,NOVA-MOB-01,DC-SOUTH,South,231,92,139,0.9192
2026-03-29,NOVA-MOB-01,DC-EAST,East,239,86,153,0.8618
2026-03-29,NOVA-MOB-01,DC-WEST,West,262,98,164,0.9058
2026-03-29,NOVA-MOB-02,DC-NORTH,North,338,120,218,0.8873
2026-03-29,NOVA-MOB-02,DC-SOUTH,South,280,79,201,0.8885
2026-03-29,NOVA-MOB-02,DC-EAST,East,302,119,183,0.9211
2026-03-29,NOVA-MOB-02,DC-WEST,West,271,84,187,0.8545
2026-03-29,NOVA-CPT-01,DC-NORTH,North,145,46,99,0.9388
2026-03-29,NOVA-CPT-01,DC-SOUTH,South,168,70,98,0.939
2026-03-29,NOVA-CPT-01,DC-EAST,East,192,58,134,0.8747
2026-03-29,NOVA-CPT-01,DC-WEST,West,192,55,137,0.9239
2026-03-29,NOVA-CPT-02,DC-NORTH,North,196,72,124,0.8493
2026-03-29,NOVA-CPT-02,DC-SOUTH,South,202,90,112,0.8738
2026-03-29,NOVA-CPT-02,DC-EAST,East,202,55,147,0.9476
2026-03-29,NOVA-CPT-02,DC-WEST,West,210,60,150,0.9438
2026-03-29,NOVA-WBL-01,DC-NORTH,North,280,111,169,0.8906
2026-03-29,NOVA-WBL-01,DC-SOUTH,South,263,103,160,0.9206
2026-03-29,NOVA-WBL-01,DC-EAST,East,299,124,175,0.9441
2026-03-29,NOVA-WBL-01,DC-WEST,West,311,99,212,0.8767
2026-03-29,NOVA-WBL-02,DC-NORTH,North,416,124,292,0.9314
2026-03-29,NOVA-WBL-02,DC-SOUTH,South,393,167,226,0.8604
2026-03-29,NOVA-WBL-02,DC-EAST,East,421,154,267,0.9325
2026-03-29,NOVA-WBL-02,DC-WEST,West,377,117,260,0.9342
2026-03-29,NOVA-ACC-01,DC-NORTH,North,760,275,485,0.9478
2026-03-29,NOVA-ACC-01,DC-SOUTH,South,779,223,556,0.9321
2026-03-29,NOVA-ACC-01,DC-EAST,East,733,284,449,0.8488
2026-03-29,NOVA-ACC-01,DC-WEST,West,804,245,559,0.8592
2026-03-29,NOVA-ACC-02,DC-NORTH,North,477,147,330,0.9099
2026-03-29,NOVA-ACC-02,DC-SOUTH,South,543,147,396,0.9356
2026-03-29,NOVA-ACC-02,DC-EAST,East,555,197,358,0.9324
2026-03-29,NOVA-ACC-02,DC-WEST,West,538,195,343,0.9363
2026-03-30,NOVA-AUD-01,DC-NORTH,North,336,107,229,0.922
2026-03-30,NOVA-AUD-01,DC-SOUTH,South,397,129,268,0.8598
2026-03-30,NOVA-AUD-01,DC-EAST,East,420,154,266,0.9378
2026-03-30,NOVA-AUD-01,DC-WEST,West,358,130,228,0.9325
2026-03-30,NOVA-AUD-02,DC-NORTH,North,552,218,334,0.8469
2026-03-30,NOVA-AUD-02,DC-SOUTH,South,526,197,329,0.8598
2026-03-30,NOVA-AUD-02,DC-EAST,East,467,149,318,0.8671
2026-03-30,NOVA-AUD-02,DC-WEST,West,465,177,288,0.9396
2026-03-30,NOVA-MOB-01,DC-NORTH,North,242,94,148,0.8951
2026-03-30,NOVA-MOB-01,DC-SOUTH,South,276,105,171,0.8696
2026-03-30,NOVA-MOB-01,DC-EAST,East,227,73,154,0.8796
2026-03-30,NOVA-MOB-01,DC-WEST,West,254,106,148,0.9331
2026-03-30,NOVA-MOB-02,DC-NORTH,North,273,122,151,0.9257
2026-03-30,NOVA-MOB-02,DC-SOUTH,South,272,92,180,0.8592
2026-03-30,NOVA-MOB-02,DC-EAST,East,283,82,201,0.9062
2026-03-30,NOVA-MOB-02,DC-WEST,West,299,128,171,0.9359
2026-03-30,NOVA-CPT-01,DC-NORTH,North,174,47,127,0.8553
2026-03-30,NOVA-CPT-01,DC-SOUTH,South,164,51,113,0.8698
2026-03-30,NOVA-CPT-01,DC-EAST,East,167,60,107,0.8536
2026-03-30,NOVA-CPT-01,DC-WEST,West,189,55,134,0.9487
2026-03-30,NOVA-CPT-02,DC-NORTH,North,234,68,166,0.9428
2026-03-30,NOVA-CPT-02,DC-SOUTH,South,220,84,136,0.8551
2026-03-30,NOVA-CPT-02,DC-EAST,East,182,58,124,0.9347
2026-03-30,NOVA-CPT-02,DC-WEST,West,212,85,127,0.9534
2026-03-30,NOVA-WBL-01,DC-NORTH,North,265,74,191,0.9441
2026-03-30,NOVA-WBL-01,DC-SOUTH,South,255,85,170,0.8763
2026-03-30,NOVA-WBL-01,DC-EAST,East,294,85,209,0.8595
2026-03-30,NOVA-WBL-01,DC-WEST,West,244,68,176,0.9156
2026-03-30,NOVA-WBL-02,DC-NORTH,North,434,189,245,0.8914
2026-03-30,NOVA-WBL-02,DC-SOUTH,South,424,167,257,0.8974
2026-03-30,NOVA-WBL-02,DC-EAST,East,393,150,243,0.897
2026-03-30,NOVA-WBL-02,DC-WEST,West,398,124,274,0.8889
2026-03-30,NOVA-ACC-01,DC-NORTH,North,756,209,547,0.9208
2026-03-30,NOVA-ACC-01,DC-SOUTH,South,756,331,425,0.948
2026-03-30,NOVA-ACC-01,DC-EAST,East,662,216,446,0.9125
2026-03-30,NOVA-ACC-01,DC-WEST,West,678,296,382,0.8599
2026-03-30,NOVA-ACC-02,DC-NORTH,North,599,187,412,0.9384
2026-03-30,NOVA-ACC-02,DC-SOUTH,South,542,171,371,0.939
2026-03-30,NOVA-ACC-02,DC-EAST,East,524,175,349,0.9347
2026-03-30,NOVA-ACC-02,DC-WEST,West,515,138,377,0.9438
2026-03-31,NOVA-AUD-01,DC-NORTH,North,343,111,232,0.9148
2026-03-31,NOVA-AUD-01,DC-SOUTH,South,396,123,273,0.8491
2026-03-31,NOVA-AUD-01,DC-EAST,East,378,158,220,0.8567
2026-03-31,NOVA-AUD-01,DC-WEST,West,338,132,206,0.9169
2026-03-31,NOVA-AUD-02,DC-NORTH,North,417,124,293,0.9515
2026-03-31,NOVA-AUD-02,DC-SOUTH,South,453,134,319,0.8859
2026-03-31,NOVA-AUD-02,DC-EAST,East,434,136,298,0.8645
2026-03-31,NOVA-AUD-02,DC-WEST,West,503,134,369,0.9345
2026-03-31,NOVA-MOB-01,DC-NORTH,North,244,70,174,0.9427
2026-03-31,NOVA-MOB-01,DC-SOUTH,South,277,109,168,0.872
2026-03-31,NOVA-MOB-01,DC-EAST,East,261,115,146,0.8545
2026-03-31,NOVA-MOB-01,DC-WEST,West,264,92,172,0.9196
2026-03-31,NOVA-MOB-02,DC-NORTH,North,349,108,241,0.9399
2026-03-31,NOVA-MOB-02,DC-SOUTH,South,264,90,174,0.8776
2026-03-31,NOVA-MOB-02,DC-EAST,East,292,112,180,0.9429
2026-03-31,NOVA-MOB-02,DC-WEST,West,303,105,198,0.9454
2026-03-31,NOVA-CPT-01,DC-NORTH,North,148,63,85,0.9431
2026-03-31,NOVA-CPT-01,DC-SOUTH,South,184,73,111,0.9315
2026-03-31,NOVA-CPT-01,DC-EAST,East,186,65,121,0.8565
2026-03-31,NOVA-CPT-01,DC-WEST,West,155,62,93,0.9417
2026-03-31,NOVA-CPT-02,DC-NORTH,North,192,78,114,0.942
2026-03-31,NOVA-CPT-02,DC-SOUTH,South,222,64,158,0.8819
2026-03-31,NOVA-CPT-02,DC-EAST,East,224,76,148,0.9006
2026-03-31,NOVA-CPT-02,DC-WEST,West,202,85,117,0.8949
2026-03-31,NOVA-WBL-01,DC-NORTH,North,242,100,142,0.9396
2026-03-31,NOVA-WBL-01,DC-SOUTH,South,239,94,145,0.8872
2026-03-31,NOVA-WBL-01,DC-EAST,East,273,119,154,0.9082
2026-03-31,NOVA-WBL-01,DC-WEST,West,294,74,220,0.9471
2026-03-31,NOVA-WBL-02,DC-NORTH,North,446,149,297,0.9484
2026-03-31,NOVA-WBL-02,DC-SOUTH,South,410,153,257,0.8862
2026-03-31,NOVA-WBL-02,DC-EAST,East,465,184,281,0.8607
2026-03-31,NOVA-WBL-02,DC-WEST,West,453,136,317,0.8753
2026-03-31,NOVA-ACC-01,DC-NORTH,North,679,266,413,0.8529
2026-03-31,NOVA-ACC-01,DC-SOUTH,South,809,204,605,0.9273
2026-03-31,NOVA-ACC-01,DC-EAST,East,714,259,455,0.9022
2026-03-31,NOVA-ACC-01,DC-WEST,West,773,225,548,0.909
2026-03-31,NOVA-ACC-02,DC-NORTH,North,605,157,448,0.8466
2026-03-31,NOVA-ACC-02,DC-SOUTH,South,487,186,301,0.8628
2026-03-31,NOVA-ACC-02,DC-EAST,East,627,217,410,0.8878
2026-03-31,NOVA-ACC-02,DC-WEST,West,512,218,294,0.8591
2026-04-01,NOVA-AUD-01,DC-NORTH,North,358,137,221,0.9142
2026-04-01,NOVA-AUD-01,DC-SOUTH,South,350,93,257,0.8563
2026-04-01,NOVA-AUD-01,DC-EAST,East,402,165,237,0.9064
2026-04-01,NOVA-AUD-01,DC-WEST,West,433,190,243,0.9037
2026-04-01,NOVA-AUD-02,DC-NORTH,North,545,150,395,0.8906
2026-04-01,NOVA-AUD-02,DC-SOUTH,South,416,174,242,0.9492
2026-04-01,NOVA-AUD-02,DC-EAST,East,484,156,328,0.8915
2026-04-01,NOVA-AUD-02,DC-WEST,West,417,146,271,0.9502
2026-04-01,NOVA-MOB-01,DC-NORTH,North,246,83,163,0.937
2026-04-01,NOVA-MOB-01,DC-SOUTH,South,270,74,196,0.8602
2026-04-01,NOVA-MOB-01,DC-EAST,East,259,69,190,0.8599
2026-04-01,NOVA-MOB-01,DC-WEST,West,253,74,179,0.9011
2026-04-01,NOVA-MOB-02,DC-NORTH,North,345,154,191,0.8896
2026-04-01,NOVA-MOB-02,DC-SOUTH,South,302,123,179,0.8547
2026-04-01,NOVA-MOB-02,DC-EAST,East,349,101,248,0.8683
2026-04-01,NOVA-MOB-02,DC-WEST,West,339,136,203,0.8958
2026-04-01,NOVA-CPT-01,DC-NORTH,North,157,46,111,0.8718
2026-04-01,NOVA-CPT-01,DC-SOUTH,South,149,66,83,0.9263
2026-04-01,NOVA-CPT-01,DC-EAST,East,176,59,117,0.8657
2026-04-01,NOVA-CPT-01,DC-WEST,West,183,58,125,0.8727
2026-04-01,NOVA-CPT-02,DC-NORTH,North,209,79,130,0.8528
2026-04-01,NOVA-CPT-02,DC-SOUTH,South,232,98,134,0.8806
2026-04-01,NOVA-CPT-02,DC-EAST,East,225,75,150,0.9296
2026-04-01,NOVA-CPT-02,DC-WEST,West,185,54,131,0.8578
2026-04-01,NOVA-WBL-01,DC-NORTH,North,252,67,185,0.8816
2026-04-01,NOVA-WBL-01,DC-SOUTH,South,282,81,201,0.8646
2026-04-01,NOVA-WBL-01,DC-EAST,East,245,97,148,0.9481
2026-04-01,NOVA-WBL-01,DC-WEST,West,262,77,185,0.882
2026-04-01,NOVA-WBL-02,DC-NORTH,North,380,116,264,0.8473
2026-04-01,NOVA-WBL-02,DC-SOUTH,South,416,186,230,0.8909
2026-04-01,NOVA-WBL-02,DC-EAST,East,436,153,283,0.8812
2026-04-01,NOVA-WBL-02,DC-WEST,West,394,157,237,0.8922
2026-04-01,NOVA-ACC-01,DC-NORTH,North,727,284,443,0.9042
2026-04-01,NOVA-ACC-01,DC-SOUTH,South,681,285,396,0.9383
2026-04-01,NOVA-ACC-01,DC-EAST,East,767,286,481,0.9062
2026-04-01,NOVA-ACC-01,DC-WEST,West,695,279,416,0.9426
2026-04-01,NOVA-ACC-02,DC-NORTH,North,628,221,407,0.9475
2026-04-01,NOVA-ACC-02,DC-SOUTH,South,637,194,443,0.8503
2026-04-01,NOVA-ACC-02,DC-EAST,East,606,158,448,0.9291
2026-04-01,NOVA-ACC-02,DC-WEST,West,533,155,378,0.9285
2026-04-02,NOVA-AUD-01,DC-NORTH,North,377,98,279,0.9221
2026-04-02,NOVA-AUD-01,DC-SOUTH,South,382,148,234,0.9129
2026-04-02,NOVA-AUD-01,DC-EAST,East,441,171,270,0.8697
2026-04-02,NOVA-AUD-01,DC-WEST,West,390,118,272,0.8978
2026-04-02,NOVA-AUD-02,DC-NORTH,North,488,144,344,0.8554
2026-04-02,NOVA-AUD-02,DC-SOUTH,South,466,138,328,0.9326
2026-04-02,NOVA-AUD-02,DC-EAST,East,539,234,305,0.9299
2026-04-02,NOVA-AUD-02,DC-WEST,West,453,191,262,0.8554
2026-04-02,NOVA-MOB-01,DC-NORTH,North,246,99,147,0.9353
2026-04-02,NOVA-MOB-01,DC-SOUTH,South,224,88,136,0.9516
2026-04-02,NOVA-MOB-01,DC-EAST,East,261,88,173,0.9366
2026-04-02,NOVA-MOB-01,DC-WEST,West,241,97,144,0.9485
2026-04-02,NOVA-MOB-02,DC-NORTH,North,333,141,192,0.9343
2026-04-02,NOVA-MOB-02,DC-SOUTH,South,320,135,185,0.9423
2026-04-02,NOVA-MOB-02,DC-EAST,East,283,126,157,0.8936
2026-04-02,NOVA-MOB-02,DC-WEST,West,324,110,214,0.8796
2026-04-02,NOVA-CPT-01,DC-NORTH,North,147,62,85,0.9428
2026-04-02,NOVA-CPT-01,DC-SOUTH,South,177,53,124,0.9092
2026-04-02,NOVA-CPT-01,DC-EAST,East,188,75,113,0.9283
2026-04-02,NOVA-CPT-01,DC-WEST,West,168,75,93,0.8519
2026-04-02,NOVA-CPT-02,DC-NORTH,North,179,68,111,0.9448
2026-04-02,NOVA-CPT-02,DC-SOUTH,South,180,71,109,0.8822
2026-04-02,NOVA-CPT-02,DC-EAST,East,226,64,162,0.9255
2026-04-02,NOVA-CPT-02,DC-WEST,West,185,78,107,0.8674
2026-04-02,NOVA-WBL-01,DC-NORTH,North,299,82,217,0.9496
2026-04-02,NOVA-WBL-01,DC-SOUTH,South,242,64,178,0.8472
2026-04-02,NOVA-WBL-01,DC-EAST,East,271,83,188,0.893
2026-04-02,NOVA-WBL-01,DC-WEST,West,268,112,156,0.9002
2026-04-02,NOVA-WBL-02,DC-NORTH,North,390,137,253,0.9009
2026-04-02,NOVA-WBL-02,DC-SOUTH,South,447,169,278,0.8964
2026-04-02,NOVA-WBL-02,DC-EAST,East,426,190,236,0.8838
2026-04-02,NOVA-WBL-02,DC-WEST,West,420,164,256,0.8991
2026-04-02,NOVA-ACC-01,DC-NORTH,North,823,264,559,0.9217
2026-04-02,NOVA-ACC-01,DC-SOUTH,South,764,206,558,0.9404
2026-04-02,NOVA-ACC-01,DC-EAST,East,674,292,382,0.911
2026-04-02,NOVA-ACC-01,DC-WEST,West,722,190,532,0.9397
2026-04-02,NOVA-ACC-02,DC-NORTH,North,485,157,328,0.9225
2026-04-02,NOVA-ACC-02,DC-SOUTH,South,633,259,374,0.915
2026-04-02,NOVA-ACC-02,DC-EAST,East,571,183,388,0.8482
2026-04-02,NOVA-ACC-02,DC-WEST,West,620,274,346,0.9241
2026-04-03,NOVA-AUD-01,DC-NORTH,North,419,121,298,0.8604
2026-04-03,NOVA-AUD-01,DC-SOUTH,South,391,138,253,0.889
2026-04-03,NOVA-AUD-01,DC-EAST,East,394,132,262,0.9509
2026-04-03,NOVA-AUD-01,DC-WEST,West,448,163,285,0.8786
2026-04-03,NOVA-AUD-02,DC-NORTH,North,419,123,296,0.9477
2026-04-03,NOVA-AUD-02,DC-SOUTH,South,554,175,379,0.9153
2026-04-03,NOVA-AUD-02,DC-EAST,East,562,239,323,0.9449
2026-04-03,NOVA-AUD-02,DC-WEST,West,454,122,332,0.9275
2026-04-03,NOVA-MOB-01,DC-NORTH,North,217,73,144,0.89
2026-04-03,NOVA-MOB-01,DC-SOUTH,South,277,124,153,0.8701
2026-04-03,NOVA-MOB-01,DC-EAST,East,239,99,140,0.8765
2026-04-03,NOVA-MOB-01,DC-WEST,West,242,81,161,0.8729
2026-04-03,NOVA-MOB-02,DC-NORTH,North,353,141,212,0.8911
2026-04-03,NOVA-MOB-02,DC-SOUTH,South,325,145,180,0.9043
2026-04-03,NOVA-MOB-02,DC-EAST,East,334,146,188,0.9194
2026-04-03,NOVA-MOB-02,DC-WEST,West,277,109,168,0.8976
2026-04-03,NOVA-CPT-01,DC-NORTH,North,157,49,108,0.9023
2026-04-03,NOVA-CPT-01,DC-SOUTH,South,164,55,109,0.8535
2026-04-03,NOVA-CPT-01,DC-EAST,East,177,64,113,0.8904
2026-04-03,NOVA-CPT-01,DC-WEST,West,161,43,118,0.9148
2026-04-03,NOVA-CPT-02,DC-NORTH,North,232,73,159,0.9142
2026-04-03,NOVA-CPT-02,DC-SOUTH,South,203,53,150,0.8763
2026-04-03,NOVA-CPT-02,DC-EAST,East,192,80,112,0.8832
2026-04-03,NOVA-CPT-02,DC-WEST,West,190,72,118,0.9013
2026-04-03,NOVA-WBL-01,DC-NORTH,North,254,108,146,0.9063
2026-04-03,NOVA-WBL-01,DC-SOUTH,South,308,112,196,0.9093
2026-04-03,NOVA-WBL-01,DC-EAST,East,310,92,218,0.9464
2026-04-03,NOVA-WBL-01,DC-WEST,West,252,112,140,0.8515
2026-04-03,NOVA-WBL-02,DC-NORTH,North,422,133,289,0.9456
2026-04-03,NOVA-WBL-02,DC-SOUTH,South,396,176,220,0.8492
2026-04-03,NOVA-WBL-02,DC-EAST,East,379,102,277,0.9192
2026-04-03,NOVA-WBL-02,DC-WEST,West,361,119,242,0.8732
2026-04-03,NOVA-ACC-01,DC-NORTH,North,858,351,507,0.9241
2026-04-03,NOVA-ACC-01,DC-SOUTH,South,704,204,500,0.9343
2026-04-03,NOVA-ACC-01,DC-EAST,East,688,180,508,0.9415
2026-04-03,NOVA-ACC-01,DC-WEST,West,756,310,446,0.9078
2026-04-03,NOVA-ACC-02,DC-NORTH,North,557,231,326,0.8635
2026-04-03,NOVA-ACC-02,DC-SOUTH,South,488,168,320,0.9413
2026-04-03,NOVA-ACC-02,DC-EAST,East,577,251,326,0.934
2026-04-03,NOVA-ACC-02,DC-WEST,West,598,184,414,0.8612
2026-04-04,NOVA-AUD-01,DC-NORTH,North,444,165,279,0.8566
2026-04-04,NOVA-AUD-01,DC-SOUTH,South,429,149,280,0.8995
2026-04-04,NOVA-AUD-01,DC-EAST,East,364,146,218,0.8547
2026-04-04,NOVA-AUD-01,DC-WEST,West,373,99,274,0.8979
2026-04-04,NOVA-AUD-02,DC-NORTH,North,466,118,348,0.9468
2026-04-04,NOVA-AUD-02,DC-SOUTH,South,517,172,345,0.8547
2026-04-04,NOVA-AUD-02,DC-EAST,East,437,169,268,0.9175
2026-04-04,NOVA-AUD-02,DC-WEST,West,523,159,364,0.8881
2026-04-04,NOVA-MOB-01,DC-NORTH,North,220,94,126,0.9215
2026-04-04,NOVA-MOB-01,DC-SOUTH,South,287,90,197,0.9119
2026-04-04,NOVA-MOB-01,DC-EAST,East,243,84,159,0.8758
2026-04-04,NOVA-MOB-01,DC-WEST,West,250,111,139,0.8802
2026-04-04,NOVA-MOB-02,DC-NORTH,North,325,139,186,0.8928
2026-04-04,NOVA-MOB-02,DC-SOUTH,South,308,87,221,0.9292
2026-04-04,NOVA-MOB-02,DC-EAST,East,340,115,225,0.8862
2026-04-04,NOVA-MOB-02,DC-WEST,West,331,113,218,0.919
2026-04-04,NOVA-CPT-01,DC-NORTH,North,191,52,139,0.8531
2026-04-04,NOVA-CPT-01,DC-SOUTH,South,172,76,96,0.9383
2026-04-04,NOVA-CPT-01,DC-EAST,East,175,64,111,0.8553
2026-04-04,NOVA-CPT-01,DC-WEST,West,161,64,97,0.8461
2026-04-04,NOVA-CPT-02,DC-NORTH,North,232,103,129,0.9148
2026-04-04,NOVA-CPT-02,DC-SOUTH,South,178,50,128,0.8934
2026-04-04,NOVA-CPT-02,DC-EAST,East,232,93,139,0.9255
2026-04-04,NOVA-CPT-02,DC-WEST,West,197,56,141,0.9006
2026-04-04,NOVA-WBL-01,DC-NORTH,North,309,135,174,0.846
2026-04-04,NOVA-WBL-01,DC-SOUTH,South,319,93,226,0.9049
2026-04-04,NOVA-WBL-01,DC-EAST,East,280,112,168,0.8914
2026-04-04,NOVA-WBL-01,DC-WEST,West,303,93,210,0.943
2026-04-04,NOVA-WBL-02,DC-NORTH,North,399,144,255,0.9257
2026-04-04,NOVA-WBL-02,DC-SOUTH,South,368,148,220,0.9044
2026-04-04,NOVA-WBL-02,DC-EAST,East,425,168,257,0.9359
2026-04-04,NOVA-WBL-02,DC-WEST,West,432,152,280,0.9213
2026-04-04,NOVA-ACC-01,DC-NORTH,North,793,228,565,0.8653
2026-04-04,NOVA-ACC-01,DC-SOUTH,South,702,257,445,0.864
2026-04-04,NOVA-ACC-01,DC-EAST,East,782,341,441,0.9001
2026-04-04,NOVA-ACC-01,DC-WEST,West,660,255,405,0.8968
2026-04-04,NOVA-ACC-02,DC-NORTH,North,538,240,298,0.9316
2026-04-04,NOVA-ACC-02,DC-SOUTH,South,565,230,335,0.877
2026-04-04,NOVA-ACC-02,DC-EAST,East,557,216,341,0.8877
2026-04-04,NOVA-ACC-02,DC-WEST,West,530,132,398,0.8615
2026-04-05,NOVA-AUD-01,DC-NORTH,North,421,140,281,0.8682
2026-04-05,NOVA-AUD-01,DC-SOUTH,South,440,119,321,0.8599
2026-04-05,NOVA-AUD-01,DC-EAST,East,353,157,196,0.886
2026-04-05,NOVA-AUD-01,DC-WEST,West,363,100,263,0.8915
2026-04-05,NOVA-AUD-02,DC-NORTH,North,461,137,324,0.9322
2026-04-05,NOVA-AUD-02,DC-SOUTH,South,523,131,392,0.8764
2026-04-05,NOVA-AUD-02,DC-EAST,East,549,177,372,0.9258
2026-04-05,NOVA-AUD-02,DC-WEST,West,511,151,360,0.8769
2026-04-05,NOVA-MOB-01,DC-NORTH,North,257,98,159,0.8918
2026-04-05,NOVA-MOB-01,DC-SOUTH,South,227,93,134,0.8733
2026-04-05,NOVA-MOB-01,DC-EAST,East,247,61,186,0.9518
2026-04-05,NOVA-MOB-01,DC-WEST,West,225,86,139,0.9002
2026-04-05,NOVA-MOB-02,DC-NORTH,North,306,80,226,0.8513
2026-04-05,NOVA-MOB-02,DC-SOUTH,South,285,101,184,0.9373
2026-04-05,NOVA-MOB-02,DC-EAST,East,310,124,186,0.8755
2026-04-05,NOVA-MOB-02,DC-WEST,West,319,121,198,0.8718
2026-04-05,NOVA-CPT-01,DC-NORTH,North,173,56,117,0.8977
2026-04-05,NOVA-CPT-01,DC-SOUTH,South,155,65,90,0.9304
2026-04-05,NOVA-CPT-01,DC-EAST,East,175,70,105,0.9122
2026-04-05,NOVA-CPT-01,DC-WEST,West,153,53,100,0.9242
2026-04-05,NOVA-CPT-02,DC-NORTH,North,211,87,124,0.9058
2026-04-05,NOVA-CPT-02,DC-SOUTH,South,191,75,116,0.889
2026-04-05,NOVA-CPT-02,DC-EAST,East,215,76,139,0.8833
2026-04-05,NOVA-CPT-02,DC-WEST,West,186,63,123,0.9062
2026-04-05,NOVA-WBL-01,DC-NORTH,North,298,132,166,0.8571
2026-04-05,NOVA-WBL-01,DC-SOUTH,South,321,102,219,0.9262
2026-04-05,NOVA-WBL-01,DC-EAST,East,258,66,192,0.9333
2026-04-05,NOVA-WBL-01,DC-WEST,West,291,121,170,0.9142
2026-04-05,NOVA-WBL-02,DC-NORTH,North,386,138,248,0.899
2026-04-05,NOVA-WBL-02,DC-SOUTH,South,449,144,305,0.8583
2026-04-05,NOVA-WBL-02,DC-EAST,East,433,110,323,0.9477
2026-04-05,NOVA-WBL-02,DC-WEST,West,389,168,221,0.8896
2026-04-05,NOVA-ACC-01,DC-NORTH,North,808,352,456,0.9463
2026-04-05,NOVA-ACC-01,DC-SOUTH,South,695,300,395,0.9302
2026-04-05,NOVA-ACC-01,DC-EAST,East,821,214,607,0.8886
2026-04-05,NOVA-ACC-01,DC-WEST,West,690,271,419,0.8901
2026-04-05,NOVA-ACC-02,DC-NORTH,North,582,167,415,0.8555
2026-04-05,NOVA-ACC-02,DC-SOUTH,South,485,160,325,0.8953
2026-04-05,NOVA-ACC-02,DC-EAST,East,640,263,377,0.9041
2026-04-05,NOVA-ACC-02,DC-WEST,West,545,184,361,0.9229
2026-04-06,NOVA-AUD-01,DC-NORTH,North,415,143,272,0.9035
2026-04-06,NOVA-AUD-01,DC-SOUTH,South,341,126,215,0.8848
2026-04-06,NOVA-AUD-01,DC-EAST,East,400,121,279,0.8925
2026-04-06,NOVA-AUD-01,DC-WEST,West,444,161,283,0.9074
2026-04-06,NOVA-AUD-02,DC-NORTH,North,448,144,304,0.9208
2026-04-06,NOVA-AUD-02,DC-SOUTH,South,457,175,282,0.863
2026-04-06,NOVA-AUD-02,DC-EAST,East,454,148,306,0.852
2026-04-06,NOVA-AUD-02,DC-WEST,West,451,126,325,0.9523
2026-04-06,NOVA-MOB-01,DC-NORTH,North,266,92,174,0.8881
2026-04-06,NOVA-MOB-01,DC-SOUTH,South,222,79,143,0.9302
2026-04-06,NOVA-MOB-01,DC-EAST,East,222,79,143,0.8902
2026-04-06,NOVA-MOB-01,DC-WEST,West,243,71,172,0.9087
2026-04-06,NOVA-MOB-02,DC-NORTH,North,263,78,185,0.8853
2026-04-06,NOVA-MOB-02,DC-SOUTH,South,305,92,213,0.8895
2026-04-06,NOVA-MOB-02,DC-EAST,East,280,100,180,0.8974
2026-04-06,NOVA-MOB-02,DC-WEST,West,275,90,185,0.9216
2026-04-06,NOVA-CPT-01,DC-NORTH,North,159,40,119,0.8611
2026-04-06,NOVA-CPT-01,DC-SOUTH,South,189,73,116,0.9371
2026-04-06,NOVA-CPT-01,DC-EAST,East,168,65,103,0.8843
2026-04-06,NOVA-CPT-01,DC-WEST,West,181,73,108,0.8489
2026-04-06,NOVA-CPT-02,DC-NORTH,North,217,79,138,0.9012
2026-04-06,NOVA-CPT-02,DC-SOUTH,South,205,79,126,0.9216
2026-04-06,NOVA-CPT-02,DC-EAST,East,188,73,115,0.8749
2026-04-06,NOVA-CPT-02,DC-WEST,West,228,102,126,0.9205
2026-04-06,NOVA-WBL-01,DC-NORTH,North,316,83,233,0.8749
2026-04-06,NOVA-WBL-01,DC-SOUTH,South,240,84,156,0.8965
2026-04-06,NOVA-WBL-01,DC-EAST,East,256,100,156,0.8987
2026-04-06,NOVA-WBL-01,DC-WEST,West,260,108,152,0.9487
2026-04-06,NOVA-WBL-02,DC-NORTH,North,397,177,220,0.9368
2026-04-06,NOVA-WBL-02,DC-SOUTH,South,434,142,292,0.9233
2026-04-06,NOVA-WBL-02,DC-EAST,East,418,164,254,0.908
2026-04-06,NOVA-WBL-02,DC-WEST,West,437,149,288,0.8621
2026-04-06,NOVA-ACC-01,DC-NORTH,North,687,230,457,0.94
2026-04-06,NOVA-ACC-01,DC-SOUTH,South,742,285,457,0.9277
2026-04-06,NOVA-ACC-01,DC-EAST,East,729,217,512,0.9486
2026-04-06,NOVA-ACC-01,DC-WEST,West,656,229,427,0.8607
2026-04-06,NOVA-ACC-02,DC-NORTH,North,606,241,365,0.9385
2026-04-06,NOVA-ACC-02,DC-SOUTH,South,556,185,371,0.9403
2026-04-06,NOVA-ACC-02,DC-EAST,East,642,220,422,0.9424
2026-04-06,NOVA-ACC-02,DC-WEST,West,549,199,350,0.9385
2026-04-07,NOVA-AUD-01,DC-NORTH,North,414,177,237,0.8577
2026-04-07,NOVA-AUD-01,DC-SOUTH,South,375,159,216,0.8868
2026-04-07,NOVA-AUD-01,DC-EAST,East,403,101,302,0.9465
2026-04-07,NOVA-AUD-01,DC-WEST,West,393,166,227,0.8627
2026-04-07,NOVA-AUD-02,DC-NORTH,North,557,143,414,0.8829
2026-04-07,NOVA-AUD-02,DC-SOUTH,South,417,106,311,0.9121
2026-04-07,NOVA-AUD-02,DC-EAST,East,529,197,332,0.8547
2026-04-07,NOVA-AUD-02,DC-WEST,West,467,166,301,0.9462
2026-04-07,NOVA-MOB-01,DC-NORTH,North,284,83,201,0.9092
2026-04-07,NOVA-MOB-01,DC-SOUTH,South,264,111,153,0.9396
2026-04-07,NOVA-MOB-01,DC-EAST,East,233,74,159,0.8931
2026-04-07,NOVA-MOB-01,DC-WEST,West,228,65,163,0.8564
2026-04-07,NOVA-MOB-02,DC-NORTH,North,330,117,213,0.9124
2026-04-07,NOVA-MOB-02,DC-SOUTH,South,287,76,211,0.9132
2026-04-07,NOVA-MOB-02,DC-EAST,East,333,121,212,0.9168
2026-04-07,NOVA-MOB-02,DC-WEST,West,345,113,232,0.9108
2026-04-07,NOVA-CPT-01,DC-NORTH,North,153,39,114,0.9056
2026-04-07,NOVA-CPT-01,DC-SOUTH,South,158,57,101,0.9094
2026-04-07,NOVA-CPT-01,DC-EAST,East,144,36,108,0.9257
2026-04-07,NOVA-CPT-01,DC-WEST,West,176,59,117,0.8859
2026-04-07,NOVA-CPT-02,DC-NORTH,North,182,76,106,0.9348
2026-04-07,NOVA-CPT-02,DC-SOUTH,South,191,82,109,0.9163
2026-04-07,NOVA-CPT-02,DC-EAST,East,182,50,132,0.938
2026-04-07,NOVA-CPT-02,DC-WEST,West,196,76,120,0.9003
2026-04-07,NOVA-WBL-01,DC-NORTH,North,247,84,163,0.8666
2026-04-07,NOVA-WBL-01,DC-SOUTH,South,240,78,162,0.9318
2026-04-07,NOVA-WBL-01,DC-EAST,East,257,91,166,0.8535
2026-04-07,NOVA-WBL-01,DC-WEST,West,264,94,170,0.942
2026-04-07,NOVA-WBL-02,DC-NORTH,North,458,167,291,0.9278
2026-04-07,NOVA-WBL-02,DC-SOUTH,South,468,154,314,0.9006
2026-04-07,NOVA-WBL-02,DC-EAST,East,478,141,337,0.9303
2026-04-07,NOVA-WBL-02,DC-WEST,West,380,116,264,0.8849
2026-04-07,NOVA-ACC-01,DC-NORTH,North,671,215,456,0.8806
2026-04-07,NOVA-ACC-01,DC-SOUTH,South,854,309,545,0.8665
2026-04-07,NOVA-ACC-01,DC-EAST,East,679,182,497,0.9165
2026-04-07,NOVA-ACC-01,DC-WEST,West,666,259,407,0.905
2026-04-07,NOVA-ACC-02,DC-NORTH,North,601,213,388,0.8915
2026-04-07,NOVA-ACC-02,DC-SOUTH,South,520,227,293,0.8533
2026-04-07,NOVA-ACC-02,DC-EAST,East,639,194,445,0.8477
2026-04-07,NOVA-ACC-02,DC-WEST,West,622,223,399,0.9476
2026-04-08,NOVA-AUD-01,DC-NORTH,North,383,171,212,0.8956
2026-04-08,NOVA-AUD-01,DC-SOUTH,South,406,116,290,0.9
2026-04-08,NOVA-AUD-01,DC-EAST,East,432,112,320,0.9489
2026-04-08,NOVA-AUD-01,DC-WEST,West,363,123,240,0.9032
2026-04-08,NOVA-AUD-02,DC-NORTH,North,421,138,283,0.8625
2026-04-08,NOVA-AUD-02,DC-SOUTH,South,420,171,249,0.9245
2026-04-08,NOVA-AUD-02,DC-EAST,East,539,177,362,0.8467
2026-04-08,NOVA-AUD-02,DC-WEST,West,511,159,352,0.9136
2026-04-08,NOVA-MOB-01,DC-NORTH,North,280,90,190,0.9388
2026-04-08,NOVA-MOB-01,DC-SOUTH,South,224,95,129,0.9302
2026-04-08,NOVA-MOB-01,DC-EAST,East,273,80,193,0.8821
2026-04-08,NOVA-MOB-01,DC-WEST,West,245,92,153,0.9389
2026-04-08,NOVA-MOB-02,DC-NORTH,North,301,78,223,0.9524
2026-04-08,NOVA-MOB-02,DC-SOUTH,South,295,131,164,0.9127
2026-04-08,NOVA-MOB-02,DC-EAST,East,338,142,196,0.9155
2026-04-08,NOVA-MOB-02,DC-WEST,West,326,109,217,0.8983
2026-04-08,NOVA-CPT-01,DC-NORTH,North,187,54,133,0.9329
2026-04-08,NOVA-CPT-01,DC-SOUTH,South,171,75,96,0.909
2026-04-08,NOVA-CPT-01,DC-EAST,East,189,58,131,0.8748
2026-04-08,NOVA-CPT-01,DC-WEST,West,166,70,96,0.9371
2026-04-08,NOVA-CPT-02,DC-NORTH,North,181,52,129,0.9399
2026-04-08,NOVA-CPT-02,DC-SOUTH,South,183,74,109,0.9298
2026-04-08,NOVA-CPT-02,DC-EAST,East,224,97,127,0.9333
2026-04-08,NOVA-CPT-02,DC-WEST,West,179,49,130,0.8609
2026-04-08,NOVA-WBL-01,DC-NORTH,North,273,110,163,0.8997
2026-04-08,NOVA-WBL-01,DC-SOUTH,South,314,126,188,0.8793
2026-04-08,NOVA-WBL-01,DC-EAST,East,259,98,161,0.8642
2026-04-08,NOVA-WBL-01,DC-WEST,West,246,101,145,0.9087
2026-04-08,NOVA-WBL-02,DC-NORTH,North,373,141,232,0.9283
2026-04-08,NOVA-WBL-02,DC-SOUTH,South,373,129,244,0.8668
2026-04-08,NOVA-WBL-02,DC-EAST,East,436,157,279,0.9305
2026-04-08,NOVA-WBL-02,DC-WEST,West,476,194,282,0.8468
2026-04-08,NOVA-ACC-01,DC-NORTH,North,863,308,555,0.8566
2026-04-08,NOVA-ACC-01,DC-SOUTH,South,715,318,397,0.873
2026-04-08,NOVA-ACC-01,DC-EAST,East,777,313,464,0.8474
2026-04-08,NOVA-ACC-01,DC-WEST,West,725,212,513,0.8672
2026-04-08,NOVA-ACC-02,DC-NORTH,North,624,220,404,0.8745
2026-04-08,NOVA-ACC-02,DC-SOUTH,South,501,161,340,0.8805
2026-04-08,NOVA-ACC-02,DC-EAST,East,638,275,363,0.8884
2026-04-08,NOVA-ACC-02,DC-WEST,West,603,154,449,0.9171
2026-04-09,NOVA-AUD-01,DC-NORTH,North,372,134,238,0.8494
2026-04-09,NOVA-AUD-01,DC-SOUTH,South,417,179,238,0.9082
2026-04-09,NOVA-AUD-01,DC-EAST,East,374,159,215,0.9274
2026-04-09,NOVA-AUD-01,DC-WEST,West,397,125,272,0.9359
2026-04-09,NOVA-AUD-02,DC-NORTH,North,543,141,402,0.856
2026-04-09,NOVA-AUD-02,DC-SOUTH,South,462,135,327,0.9047
2026-04-09,NOVA-AUD-02,DC-EAST,East,517,212,305,0.882
2026-04-09,NOVA-AUD-02,DC-WEST,West,495,179,316,0.8513
2026-04-09,NOVA-MOB-01,DC-NORTH,North,250,93,157,0.9444
2026-04-09,NOVA-MOB-01,DC-SOUTH,South,274,102,172,0.9242
2026-04-09,NOVA-MOB-01,DC-EAST,East,222,68,154,0.9033
2026-04-09,NOVA-MOB-01,DC-WEST,West,253,104,149,0.8835
2026-04-09,NOVA-MOB-02,DC-NORTH,North,331,124,207,0.931
2026-04-09,NOVA-MOB-02,DC-SOUTH,South,272,84,188,0.8922
2026-04-09,NOVA-MOB-02,DC-EAST,East,270,99,171,0.9101
2026-04-09,NOVA-MOB-02,DC-WEST,West,285,97,188,0.8498
2026-04-09,NOVA-CPT-01,DC-NORTH,North,186,61,125,0.8853
2026-04-09,NOVA-CPT-01,DC-SOUTH,South,185,79,106,0.8882
2026-04-09,NOVA-CPT-01,DC-EAST,East,169,54,115,0.9385
2026-04-09,NOVA-CPT-01,DC-WEST,West,158,50,108,0.9299
2026-04-09,NOVA-CPT-02,DC-NORTH,North,218,71,147,0.8997
2026-04-09,NOVA-CPT-02,DC-SOUTH,South,229,76,153,0.8849
2026-04-09,NOVA-CPT-02,DC-EAST,East,217,69,148,0.9107
2026-04-09,NOVA-CPT-02,DC-WEST,West,189,55,134,0.8764
2026-04-09,NOVA-WBL-01,DC-NORTH,North,303,83,220,0.9426
2026-04-09,NOVA-WBL-01,DC-SOUTH,South,285,118,167,0.8655
2026-04-09,NOVA-WBL-01,DC-EAST,East,270,120,150,0.9011
2026-04-09,NOVA-WBL-01,DC-WEST,West,264,100,164,0.9029
2026-04-09,NOVA-WBL-02,DC-NORTH,North,406,126,280,0.9417
2026-04-09,NOVA-WBL-02,DC-SOUTH,South,426,126,300,0.8695
2026-04-09,NOVA-WBL-02,DC-EAST,East,399,174,225,0.9172
2026-04-09,NOVA-WBL-02,DC-WEST,West,451,130,321,0.9171
2026-04-09,NOVA-ACC-01,DC-NORTH,North,673,195,478,0.9192
2026-04-09,NOVA-ACC-01,DC-SOUTH,South,700,235,465,0.934
2026-04-09,NOVA-ACC-01,DC-EAST,East,873,374,499,0.8637
2026-04-09,NOVA-ACC-01,DC-WEST,West,771,265,506,0.8781
2026-04-09,NOVA-ACC-02,DC-NORTH,North,552,229,323,0.9312
2026-04-09,NOVA-ACC-02,DC-SOUTH,South,550,219,331,0.8705
2026-04-09,NOVA-ACC-02,DC-EAST,East,580,238,342,0.8579
2026-04-09,NOVA-ACC-02,DC-WEST,West,604,160,444,0.9215
2026-04-10,NOVA-AUD-01,DC-NORTH,North,435,157,278,0.9412
2026-04-10,NOVA-AUD-01,DC-SOUTH,South,373,134,239,0.918
2026-04-10,NOVA-AUD-01,DC-EAST,East,394,173,221,0.9339
2026-04-10,NOVA-AUD-01,DC-WEST,West,410,112,298,0.9145
2026-04-10,NOVA-AUD-02,DC-NORTH,North,526,204,322,0.9195
2026-04-10,NOVA-AUD-02,DC-SOUTH,South,461,163,298,0.8792
2026-04-10,NOVA-AUD-02,DC-EAST,East,456,192,264,0.8671
2026-04-10,NOVA-AUD-02,DC-WEST,West,486,177,309,0.8913
2026-04-10,NOVA-MOB-01,DC-NORTH,North,270,86,184,0.8829
2026-04-10,NOVA-MOB-01,DC-SOUTH,South,250,91,159,0.9376
2026-04-10,NOVA-MOB-01,DC-EAST,East,243,85,158,0.8722
2026-04-10,NOVA-MOB-01,DC-WEST,West,236,66,170,0.8594
2026-04-10,NOVA-MOB-02,DC-NORTH,North,308,113,195,0.8742
2026-04-10,NOVA-MOB-02,DC-SOUTH,South,290,106,184,0.9485
2026-04-10,NOVA-MOB-02,DC-EAST,East,273,73,200,0.9456
2026-04-10,NOVA-MOB-02,DC-WEST,West,309,103,206,0.8796
2026-04-10,NOVA-CPT-01,DC-NORTH,North,155,40,115,0.892
2026-04-10,NOVA-CPT-01,DC-SOUTH,South,181,69,112,0.8512
2026-04-10,NOVA-CPT-01,DC-EAST,East,184,70,114,0.8732
2026-04-10,NOVA-CPT-01,DC-WEST,West,188,58,130,0.8811
2026-04-10,NOVA-CPT-02,DC-NORTH,North,241,83,158,0.9497
2026-04-10,NOVA-CPT-02,DC-SOUTH,South,231,58,173,0.9345
2026-04-10,NOVA-CPT-02,DC-EAST,East,202,54,148,0.893
2026-04-10,NOVA-CPT-02,DC-WEST,West,220,71,149,0.9481
2026-04-10,NOVA-WBL-01,DC-NORTH,North,321,102,219,0.8972
2026-04-10,NOVA-WBL-01,DC-SOUTH,South,253,84,169,0.9509
2026-04-10,NOVA-WBL-01,DC-EAST,East,260,102,158,0.8556
2026-04-10,NOVA-WBL-01,DC-WEST,West,260,97,163,0.9007
2026-04-10,NOVA-WBL-02,DC-NORTH,North,358,89,269,0.858
2026-04-10,NOVA-WBL-02,DC-SOUTH,South,404,152,252,0.917
2026-04-10,NOVA-WBL-02,DC-EAST,East,394,125,269,0.8797
2026-04-10,NOVA-WBL-02,DC-WEST,West,402,122,280,0.9386
2026-04-10,NOVA-ACC-01,DC-NORTH,North,804,253,551,0.9297
2026-04-10,NOVA-ACC-01,DC-SOUTH,South,779,328,451,0.8874
2026-04-10,NOVA-ACC-01,DC-EAST,East,662,280,382,0.8649
2026-04-10,NOVA-ACC-01,DC-WEST,West,745,294,451,0.9372
2026-04-10,NOVA-ACC-02,DC-NORTH,North,562,200,362,0.8721
2026-04-10,NOVA-ACC-02,DC-SOUTH,South,563,240,323,0.8873
2026-04-10,NOVA-ACC-02,DC-EAST,East,566,201,365,0.9386
2026-04-10,NOVA-ACC-02,DC-WEST,West,595,265,330,0.9164
2026-04-11,NOVA-AUD-01,DC-NORTH,North,335,123,212,0.8494
2026-04-11,NOVA-AUD-01,DC-SOUTH,South,442,180,262,0.9241
2026-04-11,NOVA-AUD-01,DC-EAST,East,378,113,265,0.8463
2026-04-11,NOVA-AUD-01,DC-WEST,West,335,84,251,0.9185
2026-04-11,NOVA-AUD-02,DC-NORTH,North,454,178,276,0.8594
2026-04-11,NOVA-AUD-02,DC-SOUTH,South,506,131,375,0.855
2026-04-11,NOVA-AUD-02,DC-EAST,East,491,145,346,0.8517
2026-04-11,NOVA-AUD-02,DC-WEST,West,442,166,276,0.8868
2026-04-11,NOVA-MOB-01,DC-NORTH,North,268,74,194,0.9539
2026-04-11,NOVA-MOB-01,DC-SOUTH,South,228,66,162,0.8996
2026-04-11,NOVA-MOB-01,DC-EAST,East,277,103,174,0.881
2026-04-11,NOVA-MOB-01,DC-WEST,West,233,67,166,0.945
2026-04-11,NOVA-MOB-02,DC-NORTH,North,297,76,221,0.9092
2026-04-11,NOVA-MOB-02,DC-SOUTH,South,285,84,201,0.8688
2026-04-11,NOVA-MOB-02,DC-EAST,East,339,95,244,0.9278
2026-04-11,NOVA-MOB-02,DC-WEST,West,322,104,218,0.9097
2026-04-11,NOVA-CPT-01,DC-NORTH,North,145,59,86,0.9282
2026-04-11,NOVA-CPT-01,DC-SOUTH,South,186,82,104,0.9068
2026-04-11,NOVA-CPT-01,DC-EAST,East,187,75,112,0.9371
2026-04-11,NOVA-CPT-01,DC-WEST,West,147,56,91,0.8834
2026-04-11,NOVA-CPT-02,DC-NORTH,North,217,73,144,0.8617
2026-04-11,NOVA-CPT-02,DC-SOUTH,South,182,59,123,0.8527
2026-04-11,NOVA-CPT-02,DC-EAST,East,180,65,115,0.9223
2026-04-11,NOVA-CPT-02,DC-WEST,West,188,56,132,0.8472
2026-04-11,NOVA-WBL-01,DC-NORTH,North,264,79,185,0.9215
2026-04-11,NOVA-WBL-01,DC-SOUTH,South,247,103,144,0.8774
2026-04-11,NOVA-WBL-01,DC-EAST,East,304,112,192,0.9383
2026-04-11,NOVA-WBL-01,DC-WEST,West,296,99,197,0.8913
2026-04-11,NOVA-WBL-02,DC-NORTH,North,447,198,249,0.9516
2026-04-11,NOVA-WBL-02,DC-SOUTH,South,376,121,255,0.8772
2026-04-11,NOVA-WBL-02,DC-EAST,East,461,154,307,0.8506
2026-04-11,NOVA-WBL-02,DC-WEST,West,373,149,224,0.9081
2026-04-11,NOVA-ACC-01,DC-NORTH,North,696,200,496,0.8741
2026-04-11,NOVA-ACC-01,DC-SOUTH,South,737,252,485,0.9446
2026-04-11,NOVA-ACC-01,DC-EAST,East,697,264,433,0.8805
2026-04-11,NOVA-ACC-01,DC-WEST,West,786,254,532,0.9437
2026-04-11,NOVA-ACC-02,DC-NORTH,North,570,160,410,0.8529
2026-04-11,NOVA-ACC-02,DC-SOUTH,South,557,235,322,0.8808
2026-04-11,NOVA-ACC-02,DC-EAST,East,576,215,361,0.8955
2026-04-11,NOVA-ACC-02,DC-WEST,West,542,169,373,0.8635
2026-04-12,NOVA-AUD-01,DC-NORTH,North,432,178,254,0.9187
2026-04-12,NOVA-AUD-01,DC-SOUTH,South,405,128,277,0.893
2026-04-12,NOVA-AUD-01,DC-EAST,East,396,132,264,0.89
2026-04-12,NOVA-AUD-01,DC-WEST,West,374,127,247,0.8687
2026-04-12,NOVA-AUD-02,DC-NORTH,North,524,139,385,0.8598
2026-04-12,NOVA-AUD-02,DC-SOUTH,South,426,125,301,0.9281
2026-04-12,NOVA-AUD-02,DC-EAST,East,519,183,336,0.8845
2026-04-12,NOVA-AUD-02,DC-WEST,West,447,181,266,0.9308
2026-04-12,NOVA-MOB-01,DC-NORTH,North,227,70,157,0.9256
2026-04-12,NOVA-MOB-01,DC-SOUTH,South,230,93,137,0.8772
2026-04-12,NOVA-MOB-01,DC-EAST,East,272,86,186,0.9307
2026-04-12,NOVA-MOB-01,DC-WEST,West,236,82,154,0.9229
2026-04-12,NOVA-MOB-02,DC-NORTH,North,283,94,189,0.9022
2026-04-12,NOVA-MOB-02,DC-SOUTH,South,280,108,172,0.8851
2026-04-12,NOVA-MOB-02,DC-EAST,East,296,90,206,0.8499
2026-04-12,NOVA-MOB-02,DC-WEST,West,340,148,192,0.9204
2026-04-12,NOVA-CPT-01,DC-NORTH,North,189,60,129,0.9502
2026-04-12,NOVA-CPT-01,DC-SOUTH,South,160,55,105,0.9195
2026-04-12,NOVA-CPT-01,DC-EAST,East,157,51,106,0.9481
2026-04-12,NOVA-CPT-01,DC-WEST,West,143,58,85,0.9489
2026-04-12,NOVA-CPT-02,DC-NORTH,North,224,84,140,0.9334
2026-04-12,NOVA-CPT-02,DC-SOUTH,South,224,62,162,0.9269
2026-04-12,NOVA-CPT-02,DC-EAST,East,208,92,116,0.8974
2026-04-12,NOVA-CPT-02,DC-WEST,West,198,84,114,0.8479
2026-04-12,NOVA-WBL-01,DC-NORTH,North,241,104,137,0.8502
2026-04-12,NOVA-WBL-01,DC-SOUTH,South,255,64,191,0.8654
2026-04-12,NOVA-WBL-01,DC-EAST,East,246,68,178,0.9089
2026-04-12,NOVA-WBL-01,DC-WEST,West,318,86,232,0.8564
2026-04-12,NOVA-WBL-02,DC-NORTH,North,459,169,290,0.8702
2026-04-12,NOVA-WBL-02,DC-SOUTH,South,381,137,244,0.9444
2026-04-12,NOVA-WBL-02,DC-EAST,East,369,164,205,0.947
2026-04-12,NOVA-WBL-02,DC-WEST,West,408,120,288,0.8604
2026-04-12,NOVA-ACC-01,DC-NORTH,North,826,329,497,0.8583
2026-04-12,NOVA-ACC-01,DC-SOUTH,South,715,207,508,0.8973
2026-04-12,NOVA-ACC-01,DC-EAST,East,732,188,544,0.8808
2026-04-12,NOVA-ACC-01,DC-WEST,West,847,278,569,0.9047
2026-04-12,NOVA-ACC-02,DC-NORTH,North,550,198,352,0.9335
2026-04-12,NOVA-ACC-02,DC-SOUTH,South,604,266,338,0.9193
2026-04-12,NOVA-ACC-02,DC-EAST,East,583,234,349,0.8568
2026-04-12,NOVA-ACC-02,DC-WEST,West,506,180,326,0.8661
2026-04-13,NOVA-AUD-01,DC-NORTH,North,439,171,268,0.8885
2026-04-13,NOVA-AUD-01,DC-SOUTH,South,372,152,220,0.8908
2026-04-13,NOVA-AUD-01,DC-EAST,East,413,120,293,0.9235
2026-04-13,NOVA-AUD-01,DC-WEST,West,429,155,274,0.8663
2026-04-13,NOVA-AUD-02,DC-NORTH,North,421,179,242,0.8829
2026-04-13,NOVA-AUD-02,DC-SOUTH,South,428,145,283,0.865
2026-04-13,NOVA-AUD-02,DC-EAST,East,519,140,379,0.8777
2026-04-13,NOVA-AUD-02,DC-WEST,West,466,158,308,0.9527
2026-04-13,NOVA-MOB-01,DC-NORTH,North,256,88,168,0.915
2026-04-13,NOVA-MOB-01,DC-SOUTH,South,226,73,153,0.941
2026-04-13,NOVA-MOB-01,DC-EAST,East,280,88,192,0.8767
2026-04-13,NOVA-MOB-01,DC-WEST,West,288,105,183,0.8476
2026-04-13,NOVA-MOB-02,DC-NORTH,North,318,118,200,0.8928
2026-04-13,NOVA-MOB-02,DC-SOUTH,South,317,84,233,0.9242
2026-04-13,NOVA-MOB-02,DC-EAST,East,262,101,161,0.8932
2026-04-13,NOVA-MOB-02,DC-WEST,West,348,155,193,0.9075
2026-04-13,NOVA-CPT-01,DC-NORTH,North,173,50,123,0.9027
2026-04-13,NOVA-CPT-01,DC-SOUTH,South,148,53,95,0.9158
2026-04-13,NOVA-CPT-01,DC-EAST,East,187,70,117,0.8774
2026-04-13,NOVA-CPT-01,DC-WEST,West,191,82,109,0.8957
2026-04-13,NOVA-CPT-02,DC-NORTH,North,202,57,145,0.95
2026-04-13,NOVA-CPT-02,DC-SOUTH,South,183,71,112,0.8469
2026-04-13,NOVA-CPT-02,DC-EAST,East,187,50,137,0.8824
2026-04-13,NOVA-CPT-02,DC-WEST,West,209,90,119,0.9021
2026-04-13,NOVA-WBL-01,DC-NORTH,North,271,79,192,0.9456
2026-04-13,NOVA-WBL-01,DC-SOUTH,South,276,87,189,0.8679
2026-04-13,NOVA-WBL-01,DC-EAST,East,311,79,232,0.9005
2026-04-13,NOVA-WBL-01,DC-WEST,West,306,113,193,0.8901
2026-04-13,NOVA-WBL-02,DC-NORTH,North,411,138,273,0.9419
2026-04-13,NOVA-WBL-02,DC-SOUTH,South,424,174,250,0.936
2026-04-13,NOVA-WBL-02,DC-EAST,East,390,102,288,0.8876
2026-04-13,NOVA-WBL-02,DC-WEST,West,472,123,349,0.9185
2026-04-13,NOVA-ACC-01,DC-NORTH,North,748,316,432,0.9275
2026-04-13,NOVA-ACC-01,DC-SOUTH,South,724,270,454,0.937
2026-04-13,NOVA-ACC-01,DC-EAST,East,702,261,441,0.8895
2026-04-13,NOVA-ACC-01,DC-WEST,West,738,301,437,0.9269
2026-04-13,NOVA-ACC-02,DC-NORTH,North,489,155,334,0.8934
2026-04-13,NOVA-ACC-02,DC-SOUTH,South,487,126,361,0.8681
2026-04-13,NOVA-ACC-02,DC-EAST,East,485,185,300,0.8615
2026-04-13,NOVA-ACC-02,DC-WEST,West,531,176,355,0.9062
2026-04-14,NOVA-AUD-01,DC-NORTH,North,407,182,225,0.9284
2026-04-14,NOVA-AUD-01,DC-SOUTH,South,397,147,250,0.9117
2026-04-14,NOVA-AUD-01,DC-EAST,East,449,190,259,0.8783
2026-04-14,NOVA-AUD-01,DC-WEST,West,363,102,261,0.8568
2026-04-14,NOVA-AUD-02,DC-NORTH,North,499,201,298,0.864
2026-04-14,NOVA-AUD-02,DC-SOUTH,South,431,137,294,0.9399
2026-04-14,NOVA-AUD-02,DC-EAST,East,553,186,367,0.8918
2026-04-14,NOVA-AUD-02,DC-WEST,West,510,205,305,0.9277
2026-04-14,NOVA-MOB-01,DC-NORTH,North,281,76,205,0.8508
2026-04-14,NOVA-MOB-01,DC-SOUTH,South,234,89,145,0.9403
2026-04-14,NOVA-MOB-01,DC-EAST,East,268,106,162,0.9128
2026-04-14,NOVA-MOB-01,DC-WEST,West,222,61,161,0.9501
2026-04-14,NOVA-MOB-02,DC-NORTH,North,330,101,229,0.8847
2026-04-14,NOVA-MOB-02,DC-SOUTH,South,267,85,182,0.9178
2026-04-14,NOVA-MOB-02,DC-EAST,East,326,125,201,0.8978
2026-04-14,NOVA-MOB-02,DC-WEST,West,287,81,206,0.911
2026-04-14,NOVA-CPT-01,DC-NORTH,North,163,47,116,0.8908
2026-04-14,NOVA-CPT-01,DC-SOUTH,South,146,41,105,0.9328
2026-04-14,NOVA-CPT-01,DC-EAST,East,158,43,115,0.9207
2026-04-14,NOVA-CPT-01,DC-WEST,West,177,69,108,0.9259
2026-04-14,NOVA-CPT-02,DC-NORTH,North,189,60,129,0.9108
2026-04-14,NOVA-CPT-02,DC-SOUTH,South,224,56,168,0.8772
2026-04-14,NOVA-CPT-02,DC-EAST,East,194,69,125,0.855
2026-04-14,NOVA-CPT-02,DC-WEST,West,196,73,123,0.8609
2026-04-14,NOVA-WBL-01,DC-NORTH,North,294,128,166,0.9215
2026-04-14,NOVA-WBL-01,DC-SOUTH,South,307,126,181,0.8892
2026-04-14,NOVA-WBL-01,DC-EAST,East,292,116,176,0.8661
2026-04-14,NOVA-WBL-01,DC-WEST,West,304,133,171,0.8927
2026-04-14,NOVA-WBL-02,DC-NORTH,North,464,117,347,0.8566
2026-04-14,NOVA-WBL-02,DC-SOUTH,South,438,118,320,0.8625
2026-04-14,NOVA-WBL-02,DC-EAST,East,455,183,272,0.8881
2026-04-14,NOVA-WBL-02,DC-WEST,West,474,202,272,0.9302
2026-04-14,NOVA-ACC-01,DC-NORTH,North,778,288,490,0.8987
2026-04-14,NOVA-ACC-01,DC-SOUTH,South,691,256,435,0.9369
2026-04-14,NOVA-ACC-01,DC-EAST,East,790,199,591,0.893
2026-04-14,NOVA-ACC-01,DC-WEST,West,711,301,410,0.857
2026-04-14,NOVA-ACC-02,DC-NORTH,North,615,192,423,0.8544
2026-04-14,NOVA-ACC-02,DC-SOUTH,South,554,210,344,0.8715
2026-04-14,NOVA-ACC-02,DC-EAST,East,549,152,397,0.9373
2026-04-14,NOVA-ACC-02,DC-WEST,West,626,186,440,0.9106
2026-04-15,NOVA-AUD-01,DC-NORTH,North,333,109,224,0.8793
2026-04-15,NOVA-AUD-01,DC-SOUTH,South,409,140,269,0.8977
2026-04-15,NOVA-AUD-01,DC-EAST,East,373,127,246,0.929
2026-04-15,NOVA-AUD-01,DC-WEST,West,356,95,261,0.8609
2026-04-15,NOVA-AUD-02,DC-NORTH,North,517,162,355,0.8719
2026-04-15,NOVA-AUD-02,DC-SOUTH,South,420,121,299,0.9398
2026-04-15,NOVA-AUD-02,DC-EAST,East,465,151,314,0.9446
2026-04-15,NOVA-AUD-02,DC-WEST,West,477,161,316,0.8732
2026-04-15,NOVA-MOB-01,DC-NORTH,North,282,81,201,0.9439
2026-04-15,NOVA-MOB-01,DC-SOUTH,South,219,59,160,0.8559
2026-04-15,NOVA-MOB-01,DC-EAST,East,245,72,173,0.8774
2026-04-15,NOVA-MOB-01,DC-WEST,West,254,103,151,0.8785
2026-04-15,NOVA-MOB-02,DC-NORTH,North,274,104,170,0.8673
2026-04-15,NOVA-MOB-02,DC-SOUTH,South,295,125,170,0.8479
2026-04-15,NOVA-MOB-02,DC-EAST,East,343,127,216,0.9537
2026-04-15,NOVA-MOB-02,DC-WEST,West,321,122,199,0.8796
2026-04-15,NOVA-CPT-01,DC-NORTH,North,171,51,120,0.8844
2026-04-15,NOVA-CPT-01,DC-SOUTH,South,162,51,111,0.9388
2026-04-15,NOVA-CPT-01,DC-EAST,East,178,59,119,0.8555
2026-04-15,NOVA-CPT-01,DC-WEST,West,163,54,109,0.944
2026-04-15,NOVA-CPT-02,DC-NORTH,North,190,50,140,0.9462
2026-04-15,NOVA-CPT-02,DC-SOUTH,South,198,56,142,0.9275
2026-04-15,NOVA-CPT-02,DC-EAST,East,187,51,136,0.8811
2026-04-15,NOVA-CPT-02,DC-WEST,West,192,59,133,0.9173
2026-04-15,NOVA-WBL-01,DC-NORTH,North,298,123,175,0.9103
2026-04-15,NOVA-WBL-01,DC-SOUTH,South,302,109,193,0.9229
2026-04-15,NOVA-WBL-01,DC-EAST,East,288,95,193,0.9511
2026-04-15,NOVA-WBL-01,DC-WEST,West,276,99,177,0.9538
2026-04-15,NOVA-WBL-02,DC-NORTH,North,384,109,275,0.9183
2026-04-15,NOVA-WBL-02,DC-SOUTH,South,419,186,233,0.8879
2026-04-15,NOVA-WBL-02,DC-EAST,East,357,120,237,0.8555
2026-04-15,NOVA-WBL-02,DC-WEST,West,381,147,234,0.931
2026-04-15,NOVA-ACC-01,DC-NORTH,North,802,252,550,0.8504
2026-04-15,NOVA-ACC-01,DC-SOUTH,South,725,323,402,0.9003
2026-04-15,NOVA-ACC-01,DC-EAST,East,656,288,368,0.9421
2026-04-15,NOVA-ACC-01,DC-WEST,West,657,216,441,0.8613
2026-04-15,NOVA-ACC-02,DC-NORTH,North,582,257,325,0.9163
2026-04-15,NOVA-ACC-02,DC-SOUTH,South,571,171,400,0.9395
2026-04-15,NOVA-ACC-02,DC-EAST,East,589,162,427,0.9484
2026-04-15,NOVA-ACC-02,DC-WEST,West,581,168,413,0.9463
2026-04-16,NOVA-AUD-01,DC-NORTH,North,443,125,318,0.9467
2026-04-16,NOVA-AUD-01,DC-SOUTH,South,419,120,299,0.9404
2026-04-16,NOVA-AUD-01,DC-EAST,East,444,134,310,0.8798
2026-04-16,NOVA-AUD-01,DC-WEST,West,366,119,247,0.8912
2026-04-16,NOVA-AUD-02,DC-NORTH,North,511,206,305,0.912
2026-04-16,NOVA-AUD-02,DC-SOUTH,South,480,183,297,0.8881
2026-04-16,NOVA-AUD-02,DC-EAST,East,509,221,288,0.8877
2026-04-16,NOVA-AUD-02,DC-WEST,West,492,192,300,0.8465
2026-04-16,NOVA-MOB-01,DC-NORTH,North,273,105,168,0.8683
2026-04-16,NOVA-MOB-01,DC-SOUTH,South,224,83,141,0.9066
2026-04-16,NOVA-MOB-01,DC-EAST,East,274,107,167,0.9485
2026-04-16,NOVA-MOB-01,DC-WEST,West,275,114,161,0.8461
2026-04-16,NOVA-MOB-02,DC-NORTH,North,321,107,214,0.939
2026-04-16,NOVA-MOB-02,DC-SOUTH,South,272,98,174,0.8536
2026-04-16,NOVA-MOB-02,DC-EAST,East,340,104,236,0.8562
2026-04-16,NOVA-MOB-02,DC-WEST,West,311,85,226,0.9254
2026-04-16,NOVA-CPT-01,DC-NORTH,North,160,70,90,0.9513
2026-04-16,NOVA-CPT-01,DC-SOUTH,South,180,73,107,0.9048
2026-04-16,NOVA-CPT-01,DC-EAST,East,172,54,118,0.9206
2026-04-16,NOVA-CPT-01,DC-WEST,West,162,67,95,0.9017
2026-04-16,NOVA-CPT-02,DC-NORTH,North,190,53,137,0.9002
2026-04-16,NOVA-CPT-02,DC-SOUTH,South,214,83,131,0.8537
2026-04-16,NOVA-CPT-02,DC-EAST,East,227,90,137,0.9071
2026-04-16,NOVA-CPT-02,DC-WEST,West,202,53,149,0.947
2026-04-16,NOVA-WBL-01,DC-NORTH,North,289,108,181,0.8665
2026-04-16,NOVA-WBL-01,DC-SOUTH,South,299,131,168,0.8948
2026-04-16,NOVA-WBL-01,DC-EAST,East,288,124,164,0.9005
2026-04-16,NOVA-WBL-01,DC-WEST,West,304,78,226,0.9074
2026-04-16,NOVA-WBL-02,DC-NORTH,North,381,157,224,0.9409
2026-04-16,NOVA-WBL-02,DC-SOUTH,South,385,152,233,0.9492
2026-04-16,NOVA-WBL-02,DC-EAST,East,449,185,264,0.9497
2026-04-16,NOVA-WBL-02,DC-WEST,West,449,119,330,0.8513
2026-04-16,NOVA-ACC-01,DC-NORTH,North,762,194,568,0.937
2026-04-16,NOVA-ACC-01,DC-SOUTH,South,686,203,483,0.903
2026-04-16,NOVA-ACC-01,DC-EAST,East,842,271,571,0.9079
2026-04-16,NOVA-ACC-01,DC-WEST,West,730,309,421,0.8565
2026-04-16,NOVA-ACC-02,DC-NORTH,North,591,217,374,0.8626
2026-04-16,NOVA-ACC-02,DC-SOUTH,South,636,218,418,0.8619
2026-04-16,NOVA-ACC-02,DC-EAST,East,483,140,343,0.8861
2026-04-16,NOVA-ACC-02,DC-WEST,West,568,167,401,0.9082
2026-04-17,NOVA-AUD-01,DC-NORTH,North,405,130,275,0.8574
2026-04-17,NOVA-AUD-01,DC-SOUTH,South,347,103,244,0.9286
2026-04-17,NOVA-AUD-01,DC-EAST,East,406,141,265,0.9261
2026-04-17,NOVA-AUD-01,DC-WEST,West,441,131,310,0.935
2026-04-17,NOVA-AUD-02,DC-NORTH,North,483,135,348,0.9055
2026-04-17,NOVA-AUD-02,DC-SOUTH,South,485,216,269,0.9478
2026-04-17,NOVA-AUD-02,DC-EAST,East,537,160,377,0.8468
2026-04-17,NOVA-AUD-02,DC-WEST,West,497,153,344,0.8601
2026-04-17,NOVA-MOB-01,DC-NORTH,North,272,112,160,0.9279
2026-04-17,NOVA-MOB-01,DC-SOUTH,South,277,87,190,0.8789
2026-04-17,NOVA-MOB-01,DC-EAST,East,266,108,158,0.8867
2026-04-17,NOVA-MOB-01,DC-WEST,West,248,71,177,0.943
2026-04-17,NOVA-MOB-02,DC-NORTH,North,276,70,206,0.903
2026-04-17,NOVA-MOB-02,DC-SOUTH,South,290,111,179,0.9372
2026-04-17,NOVA-MOB-02,DC-EAST,East,320,131,189,0.9124
2026-04-17,NOVA-MOB-02,DC-WEST,West,273,95,178,0.8934
2026-04-17,NOVA-CPT-01,DC-NORTH,North,145,60,85,0.9015
2026-04-17,NOVA-CPT-01,DC-SOUTH,South,145,36,109,0.8465
2026-04-17,NOVA-CPT-01,DC-EAST,East,156,67,89,0.8696
2026-04-17,NOVA-CPT-01,DC-WEST,West,148,45,103,0.8551
2026-04-17,NOVA-CPT-02,DC-NORTH,North,222,60,162,0.9529
2026-04-17,NOVA-CPT-02,DC-SOUTH,South,222,83,139,0.9098
2026-04-17,NOVA-CPT-02,DC-EAST,East,194,56,138,0.9136
2026-04-17,NOVA-CPT-02,DC-WEST,West,241,108,133,0.9273
2026-04-17,NOVA-WBL-01,DC-NORTH,North,261,115,146,0.8517
2026-04-17,NOVA-WBL-01,DC-SOUTH,South,261,77,184,0.9403
2026-04-17,NOVA-WBL-01,DC-EAST,East,275,114,161,0.9098
2026-04-17,NOVA-WBL-01,DC-WEST,West,285,121,164,0.9502
2026-04-17,NOVA-WBL-02,DC-NORTH,North,374,132,242,0.9515
2026-04-17,NOVA-WBL-02,DC-SOUTH,South,438,176,262,0.858
2026-04-17,NOVA-WBL-02,DC-EAST,East,455,121,334,0.8868
2026-04-17,NOVA-WBL-02,DC-WEST,West,383,148,235,0.8901
2026-04-17,NOVA-ACC-01,DC-NORTH,North,695,289,406,0.9021
2026-04-17,NOVA-ACC-01,DC-SOUTH,South,776,245,531,0.9393
2026-04-17,NOVA-ACC-01,DC-EAST,East,872,332,540,0.8922
2026-04-17,NOVA-ACC-01,DC-WEST,West,685,240,445,0.8671
2026-04-17,NOVA-ACC-02,DC-NORTH,North,478,205,273,0.8806
2026-04-17,NOVA-ACC-02,DC-SOUTH,South,595,183,412,0.8501
2026-04-17,NOVA-ACC-02,DC-EAST,East,555,241,314,0.8649
2026-04-17,NOVA-ACC-02,DC-WEST,West,619,196,423,0.8749
2026-04-18,NOVA-AUD-01,DC-NORTH,North,417,114,303,0.9466
2026-04-18,NOVA-AUD-01,DC-SOUTH,South,426,124,302,0.8838
2026-04-18,NOVA-AUD-01,DC-EAST,East,427,126,301,0.8993
2026-04-18,NOVA-AUD-01,DC-WEST,West,341,139,202,0.8904
2026-04-18,NOVA-AUD-02,DC-NORTH,North,532,162,370,0.8928
2026-04-18,NOVA-AUD-02,DC-SOUTH,South,537,163,374,0.8977
2026-04-18,NOVA-AUD-02,DC-EAST,East,537,152,385,0.9444
2026-04-18,NOVA-AUD-02,DC-WEST,West,425,182,243,0.9298
2026-04-18,NOVA-MOB-01,DC-NORTH,North,281,117,164,0.9161
2026-04-18,NOVA-MOB-01,DC-SOUTH,South,285,100,185,0.9388
2026-04-18,NOVA-MOB-01,DC-EAST,East,278,117,161,0.92
2026-04-18,NOVA-MOB-01,DC-WEST,West,277,99,178,0.9028
2026-04-18,NOVA-MOB-02,DC-NORTH,North,346,143,203,0.8517
2026-04-18,NOVA-MOB-02,DC-SOUTH,South,288,74,214,0.8667
2026-04-18,NOVA-MOB-02,DC-EAST,East,330,98,232,0.8825
2026-04-18,NOVA-MOB-02,DC-WEST,West,334,148,186,0.901
2026-04-18,NOVA-CPT-01,DC-NORTH,North,168,42,126,0.9307
2026-04-18,NOVA-CPT-01,DC-SOUTH,South,191,68,123,0.9377
2026-04-18,NOVA-CPT-01,DC-EAST,East,177,56,121,0.8706
2026-04-18,NOVA-CPT-01,DC-WEST,West,146,50,96,0.8873
2026-04-18,NOVA-CPT-02,DC-NORTH,North,181,61,120,0.8889
2026-04-18,NOVA-CPT-02,DC-SOUTH,South,215,73,142,0.9428
2026-04-18,NOVA-CPT-02,DC-EAST,East,213,64,149,0.8966
2026-04-18,NOVA-CPT-02,DC-WEST,West,227,92,135,0.9495
2026-04-18,NOVA-WBL-01,DC-NORTH,North,283,119,164,0.8675
2026-04-18,NOVA-WBL-01,DC-SOUTH,South,318,94,224,0.8999
2026-04-18,NOVA-WBL-01,DC-EAST,East,313,125,188,0.8836
2026-04-18,NOVA-WBL-01,DC-WEST,West,245,93,152,0.9284
2026-04-18,NOVA-WBL-02,DC-NORTH,North,447,154,293,0.9531
2026-04-18,NOVA-WBL-02,DC-SOUTH,South,481,173,308,0.866
2026-04-18,NOVA-WBL-02,DC-EAST,East,422,184,238,0.8693
2026-04-18,NOVA-WBL-02,DC-WEST,West,445,173,272,0.9366
2026-04-18,NOVA-ACC-01,DC-NORTH,North,694,260,434,0.9384
2026-04-18,NOVA-ACC-01,DC-SOUTH,South,846,262,584,0.8713
2026-04-18,NOVA-ACC-01,DC-EAST,East,717,221,496,0.8872
2026-04-18,NOVA-ACC-01,DC-WEST,West,761,285,476,0.878
2026-04-18,NOVA-ACC-02,DC-NORTH,North,609,220,389,0.8699
2026-04-18,NOVA-ACC-02,DC-SOUTH,South,573,239,334,0.8477
2026-04-18,NOVA-ACC-02,DC-EAST,East,479,128,351,0.8948
2026-04-18,NOVA-ACC-02,DC-WEST,West,564,223,341,0.8704
2026-04-19,NOVA-AUD-01,DC-NORTH,North,365,91,274,0.8739
2026-04-19,NOVA-AUD-01,DC-SOUTH,South,405,108,297,0.8554
2026-04-19,NOVA-AUD-01,DC-EAST,East,407,119,288,0.8939
2026-04-19,NOVA-AUD-01,DC-WEST,West,378,123,255,0.8975
2026-04-19,NOVA-AUD-02,DC-NORTH,North,473,206,267,0.8879
2026-04-19,NOVA-AUD-02,DC-SOUTH,South,522,188,334,0.8749
2026-04-19,NOVA-AUD-02,DC-EAST,East,477,195,282,0.9042
2026-04-19,NOVA-AUD-02,DC-WEST,West,550,225,325,0.9512
2026-04-19,NOVA-MOB-01,DC-NORTH,North,284,100,184,0.8597
2026-04-19,NOVA-MOB-01,DC-SOUTH,South,237,84,153,0.936
2026-04-19,NOVA-MOB-01,DC-EAST,East,219,59,160,0.888
2026-04-19,NOVA-MOB-01,DC-WEST,West,243,67,176,0.9303
2026-04-19,NOVA-MOB-02,DC-NORTH,North,285,85,200,0.8813
2026-04-19,NOVA-MOB-02,DC-SOUTH,South,302,126,176,0.8794
2026-04-19,NOVA-MOB-02,DC-EAST,East,331,94,237,0.9314
2026-04-19,NOVA-MOB-02,DC-WEST,West,333,110,223,0.8672
2026-04-19,NOVA-CPT-01,DC-NORTH,North,191,53,138,0.9224
2026-04-19,NOVA-CPT-01,DC-SOUTH,South,172,57,115,0.9486
2026-04-19,NOVA-CPT-01,DC-EAST,East,191,70,121,0.9455
2026-04-19,NOVA-CPT-01,DC-WEST,West,190,65,125,0.9217
2026-04-19,NOVA-CPT-02,DC-NORTH,North,232,61,171,0.9134
2026-04-19,NOVA-CPT-02,DC-SOUTH,South,182,47,135,0.9326
2026-04-19,NOVA-CPT-02,DC-EAST,East,205,85,120,0.9455
2026-04-19,NOVA-CPT-02,DC-WEST,West,193,65,128,0.8568
2026-04-19,NOVA-WBL-01,DC-NORTH,North,283,91,192,0.9059
2026-04-19,NOVA-WBL-01,DC-SOUTH,South,256,81,175,0.9476
2026-04-19,NOVA-WBL-01,DC-EAST,East,299,129,170,0.9168
2026-04-19,NOVA-WBL-01,DC-WEST,West,305,94,211,0.8503
2026-04-19,NOVA-WBL-02,DC-NORTH,North,465,150,315,0.8953
2026-04-19,NOVA-WBL-02,DC-SOUTH,South,461,189,272,0.9358
2026-04-19,NOVA-WBL-02,DC-EAST,East,397,175,222,0.8875
2026-04-19,NOVA-WBL-02,DC-WEST,West,471,143,328,0.9195
2026-04-19,NOVA-ACC-01,DC-NORTH,North,727,238,489,0.8954
2026-04-19,NOVA-ACC-01,DC-SOUTH,South,731,295,436,0.948
2026-04-19,NOVA-ACC-01,DC-EAST,East,878,363,515,0.8612
2026-04-19,NOVA-ACC-01,DC-WEST,West,870,220,650,0.9024
2026-04-19,NOVA-ACC-02,DC-NORTH,North,586,227,359,0.9136
2026-04-19,NOVA-ACC-02,DC-SOUTH,South,605,174,431,0.8857
2026-04-19,NOVA-ACC-02,DC-EAST,East,547,205,342,0.9333
2026-04-19,NOVA-ACC-02,DC-WEST,West,611,260,351,0.8657
2026-04-20,NOVA-AUD-01,DC-NORTH,North,418,132,286,0.8833
2026-04-20,NOVA-AUD-01,DC-SOUTH,South,382,122,260,0.9228
2026-04-20,NOVA-AUD-01,DC-EAST,East,440,196,244,0.8717
2026-04-20,NOVA-AUD-01,DC-WEST,West,374,155,219,0.9322
2026-04-20,NOVA-AUD-02,DC-NORTH,North,491,148,343,0.8511
2026-04-20,NOVA-AUD-02,DC-SOUTH,South,492,129,363,0.8926
2026-04-20,NOVA-AUD-02,DC-EAST,East,528,204,324,0.9018
2026-04-20,NOVA-AUD-02,DC-WEST,West,557,223,334,0.9345
2026-04-20,NOVA-MOB-01,DC-NORTH,North,229,100,129,0.8634
2026-04-20,NOVA-MOB-01,DC-SOUTH,South,259,99,160,0.8996
2026-04-20,NOVA-MOB-01,DC-EAST,East,242,66,176,0.9397
2026-04-20,NOVA-MOB-01,DC-WEST,West,266,66,200,0.9229
2026-04-20,NOVA-MOB-02,DC-NORTH,North,282,103,179,0.907
2026-04-20,NOVA-MOB-02,DC-SOUTH,South,281,102,179,0.8763
2026-04-20,NOVA-MOB-02,DC-EAST,East,266,92,174,0.9338
2026-04-20,NOVA-MOB-02,DC-WEST,West,300,108,192,0.936
2026-04-20,NOVA-CPT-01,DC-NORTH,North,189,72,117,0.9174
2026-04-20,NOVA-CPT-01,DC-SOUTH,South,143,61,82,0.8506
2026-04-20,NOVA-CPT-01,DC-EAST,East,159,50,109,0.846
2026-04-20,NOVA-CPT-01,DC-WEST,West,184,62,122,0.8988
2026-04-20,NOVA-CPT-02,DC-NORTH,North,220,90,130,0.9106
2026-04-20,NOVA-CPT-02,DC-SOUTH,South,216,80,136,0.8614
2026-04-20,NOVA-CPT-02,DC-EAST,East,236,93,143,0.9069
2026-04-20,NOVA-CPT-02,DC-WEST,West,195,56,139,0.9113
2026-04-20,NOVA-WBL-01,DC-NORTH,North,243,89,154,0.9081
2026-04-20,NOVA-WBL-01,DC-SOUTH,South,247,99,148,0.929
2026-04-20,NOVA-WBL-01,DC-EAST,East,273,82,191,0.9275
2026-04-20,NOVA-WBL-01,DC-WEST,West,253,69,184,0.9094
2026-04-20,NOVA-WBL-02,DC-NORTH,North,476,126,350,0.9217
2026-04-20,NOVA-WBL-02,DC-SOUTH,South,405,137,268,0.9504
2026-04-20,NOVA-WBL-02,DC-EAST,East,468,159,309,0.9226
2026-04-20,NOVA-WBL-02,DC-WEST,West,397,146,251,0.9233
2026-04-20,NOVA-ACC-01,DC-NORTH,North,811,317,494,0.9468
2026-04-20,NOVA-ACC-01,DC-SOUTH,South,836,324,512,0.9133
2026-04-20,NOVA-ACC-01,DC-EAST,East,737,224,513,0.9043
2026-04-20,NOVA-ACC-01,DC-WEST,West,796,346,450,0.9048
2026-04-20,NOVA-ACC-02,DC-NORTH,North,490,184,306,0.8564
2026-04-20,NOVA-ACC-02,DC-SOUTH,South,499,157,342,0.8637
2026-04-20,NOVA-ACC-02,DC-EAST,East,550,227,323,0.8498
2026-04-20,NOVA-ACC-02,DC-WEST,West,482,171,311,0.9512
2026-04-21,NOVA-AUD-01,DC-NORTH,North,372,118,254,0.8808
2026-04-21,NOVA-AUD-01,DC-SOUTH,South,352,108,244,0.9349
2026-04-21,NOVA-AUD-01,DC-EAST,East,342,136,206,0.9322
2026-04-21,NOVA-AUD-01,DC-WEST,West,420,165,255,0.904
2026-04-21,NOVA-AUD-02,DC-NORTH,North,513,222,291,0.8937
2026-04-21,NOVA-AUD-02,DC-SOUTH,South,557,218,339,0.9393
2026-04-21,NOVA-AUD-02,DC-EAST,East,431,184,247,0.8582
2026-04-21,NOVA-AUD-02,DC-WEST,West,501,177,324,0.8527
2026-04-21,NOVA-MOB-01,DC-NORTH,North,283,118,165,0.8547
2026-04-21,NOVA-MOB-01,DC-SOUTH,South,280,71,209,0.872
2026-04-21,NOVA-MOB-01,DC-EAST,East,277,114,163,0.9313
2026-04-21,NOVA-MOB-01,DC-WEST,West,279,81,198,0.9524
2026-04-21,NOVA-MOB-02,DC-NORTH,North,330,118,212,0.9285
2026-04-21,NOVA-MOB-02,DC-SOUTH,South,268,115,153,0.8478
2026-04-21,NOVA-MOB-02,DC-EAST,East,297,92,205,0.9036
2026-04-21,NOVA-MOB-02,DC-WEST,West,325,93,232,0.8846
2026-04-21,NOVA-CPT-01,DC-NORTH,North,164,65,99,0.8693
2026-04-21,NOVA-CPT-01,DC-SOUTH,South,176,60,116,0.8705
2026-04-21,NOVA-CPT-01,DC-EAST,East,145,55,90,0.8472
2026-04-21,NOVA-CPT-01,DC-WEST,West,158,64,94,0.8795
2026-04-21,NOVA-CPT-02,DC-NORTH,North,219,67,152,0.9435
2026-04-21,NOVA-CPT-02,DC-SOUTH,South,239,68,171,0.8528
2026-04-21,NOVA-CPT-02,DC-EAST,East,225,100,125,0.9394
2026-04-21,NOVA-CPT-02,DC-WEST,West,215,66,149,0.9109
2026-04-21,NOVA-WBL-01,DC-NORTH,North,285,77,208,0.8957
2026-04-21,NOVA-WBL-01,DC-SOUTH,South,298,85,213,0.9304
2026-04-21,NOVA-WBL-01,DC-EAST,East,277,120,157,0.9079
2026-04-21,NOVA-WBL-01,DC-WEST,West,244,103,141,0.9077
2026-04-21,NOVA-WBL-02,DC-NORTH,North,437,194,243,0.9164
2026-04-21,NOVA-WBL-02,DC-SOUTH,South,463,162,301,0.9323
2026-04-21,NOVA-WBL-02,DC-EAST,East,473,144,329,0.8942
2026-04-21,NOVA-WBL-02,DC-WEST,West,365,92,273,0.908
2026-04-21,NOVA-ACC-01,DC-NORTH,North,681,272,409,0.8693
2026-04-21,NOVA-ACC-01,DC-SOUTH,South,848,280,568,0.9507
2026-04-21,NOVA-ACC-01,DC-EAST,East,728,282,446,0.8604
2026-04-21,NOVA-ACC-01,DC-WEST,West,667,299,368,0.9136
2026-04-21,NOVA-ACC-02,DC-NORTH,North,481,170,311,0.8834
2026-04-21,NOVA-ACC-02,DC-SOUTH,South,603,254,349,0.9512
2026-04-21,NOVA-ACC-02,DC-EAST,East,533,135,398,0.9328
2026-04-21,NOVA-ACC-02,DC-WEST,West,604,186,418,0.854
2026-04-22,NOVA-AUD-01,DC-NORTH,North,383,160,223,0.929
2026-04-22,NOVA-AUD-01,DC-SOUTH,South,413,106,307,0.944
2026-04-22,NOVA-AUD-01,DC-EAST,East,418,179,239,0.8997
2026-04-22,NOVA-AUD-01,DC-WEST,West,384,157,227,0.9438
2026-04-22,NOVA-AUD-02,DC-NORTH,North,444,125,319,0.8947
2026-04-22,NOVA-AUD-02,DC-SOUTH,South,495,141,354,0.9455
2026-04-22,NOVA-AUD-02,DC-EAST,East,447,174,273,0.8806
2026-04-22,NOVA-AUD-02,DC-WEST,West,484,132,352,0.8705
2026-04-22,NOVA-MOB-01,DC-NORTH,North,250,82,168,0.926
2026-04-22,NOVA-MOB-01,DC-SOUTH,South,287,109,178,0.866
2026-04-22,NOVA-MOB-01,DC-EAST,East,264,77,187,0.9422
2026-04-22,NOVA-MOB-01,DC-WEST,West,235,104,131,0.8669
2026-04-22,NOVA-MOB-02,DC-NORTH,North,333,98,235,0.8963
2026-04-22,NOVA-MOB-02,DC-SOUTH,South,347,150,197,0.8914
2026-04-22,NOVA-MOB-02,DC-EAST,East,305,132,173,0.947
2026-04-22,NOVA-MOB-02,DC-WEST,West,297,106,191,0.8681
2026-04-22,NOVA-CPT-01,DC-NORTH,North,152,41,111,0.9283
2026-04-22,NOVA-CPT-01,DC-SOUTH,South,168,47,121,0.9162
2026-04-22,NOVA-CPT-01,DC-EAST,East,171,60,111,0.9054
2026-04-22,NOVA-CPT-01,DC-WEST,West,144,50,94,0.8848
2026-04-22,NOVA-CPT-02,DC-NORTH,North,233,101,132,0.8932
2026-04-22,NOVA-CPT-02,DC-SOUTH,South,200,63,137,0.927
2026-04-22,NOVA-CPT-02,DC-EAST,East,213,70,143,0.8783
2026-04-22,NOVA-CPT-02,DC-WEST,West,184,71,113,0.8654
2026-04-22,NOVA-WBL-01,DC-NORTH,North,249,90,159,0.8747
2026-04-22,NOVA-WBL-01,DC-SOUTH,South,283,77,206,0.9165
2026-04-22,NOVA-WBL-01,DC-EAST,East,294,129,165,0.8558
2026-04-22,NOVA-WBL-01,DC-WEST,West,267,76,191,0.9023
2026-04-22,NOVA-WBL-02,DC-NORTH,North,479,139,340,0.8576
2026-04-22,NOVA-WBL-02,DC-SOUTH,South,426,147,279,0.8885
2026-04-22,NOVA-WBL-02,DC-EAST,East,389,146,243,0.8756
2026-04-22,NOVA-WBL-02,DC-WEST,West,427,147,280,0.8984
2026-04-22,NOVA-ACC-01,DC-NORTH,North,723,316,407,0.93
2026-04-22,NOVA-ACC-01,DC-SOUTH,South,789,301,488,0.8544
2026-04-22,NOVA-ACC-01,DC-EAST,East,878,222,656,0.8533
2026-04-22,NOVA-ACC-01,DC-WEST,West,778,327,451,0.9538
2026-04-22,NOVA-ACC-02,DC-NORTH,North,636,181,455,0.8985
2026-04-22,NOVA-ACC-02,DC-SOUTH,South,571,190,381,0.8519
2026-04-22,NOVA-ACC-02,DC-EAST,East,544,194,350,0.9318
2026-04-22,NOVA-ACC-02,DC-WEST,West,588,198,390,0.9232
2026-04-23,NOVA-AUD-01,DC-NORTH,North,366,158,208,0.9488
2026-04-23,NOVA-AUD-01,DC-SOUTH,South,372,145,227,0.9178
2026-04-23,NOVA-AUD-01,DC-EAST,East,432,148,284,0.9505
2026-04-23,NOVA-AUD-01,DC-WEST,West,380,105,275,0.8535
2026-04-23,NOVA-AUD-02,DC-NORTH,North,447,180,267,0.8817
2026-04-23,NOVA-AUD-02,DC-SOUTH,South,494,163,331,0.8803
2026-04-23,NOVA-AUD-02,DC-EAST,East,433,128,305,0.8603
2026-04-23,NOVA-AUD-02,DC-WEST,West,459,121,338,0.9387
2026-04-23,NOVA-MOB-01,DC-NORTH,North,268,73,195,0.9125
2026-04-23,NOVA-MOB-01,DC-SOUTH,South,262,90,172,0.8511
2026-04-23,NOVA-MOB-01,DC-EAST,East,270,107,163,0.9174
2026-04-23,NOVA-MOB-01,DC-WEST,West,246,100,146,0.9454
2026-04-23,NOVA-MOB-02,DC-NORTH,North,285,119,166,0.9332
2026-04-23,NOVA-MOB-02,DC-SOUTH,South,334,90,244,0.8475
2026-04-23,NOVA-MOB-02,DC-EAST,East,332,106,226,0.8716
2026-04-23,NOVA-MOB-02,DC-WEST,West,300,77,223,0.9535
2026-04-23,NOVA-CPT-01,DC-NORTH,North,183,58,125,0.9207
2026-04-23,NOVA-CPT-01,DC-SOUTH,South,151,49,102,0.8544
2026-04-23,NOVA-CPT-01,DC-EAST,East,149,66,83,0.9493
2026-04-23,NOVA-CPT-01,DC-WEST,West,161,45,116,0.9171
2026-04-23,NOVA-CPT-02,DC-NORTH,North,224,72,152,0.8985
2026-04-23,NOVA-CPT-02,DC-SOUTH,South,206,84,122,0.9468
2026-04-23,NOVA-CPT-02,DC-EAST,East,236,64,172,0.9046
2026-04-23,NOVA-CPT-02,DC-WEST,West,187,81,106,0.8654
2026-04-23,NOVA-WBL-01,DC-NORTH,North,305,104,201,0.8594
2026-04-23,NOVA-WBL-01,DC-SOUTH,South,256,68,188,0.8514
2026-04-23,NOVA-WBL-01,DC-EAST,East,250,99,151,0.9109
2026-04-23,NOVA-WBL-01,DC-WEST,West,242,95,147,0.9513
2026-04-23,NOVA-WBL-02,DC-NORTH,North,389,173,216,0.88
2026-04-23,NOVA-WBL-02,DC-SOUTH,South,464,149,315,0.9199
2026-04-23,NOVA-WBL-02,DC-EAST,East,388,150,238,0.8694
2026-04-23,NOVA-WBL-02,DC-WEST,West,427,126,301,0.9115
2026-04-23,NOVA-ACC-01,DC-NORTH,North,697,312,385,0.9223
2026-04-23,NOVA-ACC-01,DC-SOUTH,South,669,273,396,0.9145
2026-04-23,NOVA-ACC-01,DC-EAST,East,750,274,476,0.9245
2026-04-23,NOVA-ACC-01,DC-WEST,West,715,252,463,0.8847
2026-04-23,NOVA-ACC-02,DC-NORTH,North,562,141,421,0.8753
2026-04-23,NOVA-ACC-02,DC-SOUTH,South,576,237,339,0.8997
2026-04-23,NOVA-ACC-02,DC-EAST,East,499,222,277,0.8949
2026-04-23,NOVA-ACC-02,DC-WEST,West,529,161,368,0.8822
2026-04-24,NOVA-AUD-01,DC-NORTH,North,349,94,255,0.916
2026-04-24,NOVA-AUD-01,DC-SOUTH,South,388,145,243,0.874
2026-04-24,NOVA-AUD-01,DC-EAST,East,368,154,214,0.9027
2026-04-24,NOVA-AUD-01,DC-WEST,West,374,134,240,0.9124
2026-04-24,NOVA-AUD-02,DC-NORTH,North,420,110,310,0.8891
2026-04-24,NOVA-AUD-02,DC-SOUTH,South,536,195,341,0.8965
2026-04-24,NOVA-AUD-02,DC-EAST,East,445,116,329,0.891
2026-04-24,NOVA-AUD-02,DC-WEST,West,552,184,368,0.8898
2026-04-24,NOVA-MOB-01,DC-NORTH,North,288,100,188,0.9034
2026-04-24,NOVA-MOB-01,DC-SOUTH,South,257,92,165,0.8652
2026-04-24,NOVA-MOB-01,DC-EAST,East,234,94,140,0.888
2026-04-24,NOVA-MOB-01,DC-WEST,West,286,85,201,0.8614
2026-04-24,NOVA-MOB-02,DC-NORTH,North,310,94,216,0.8611
2026-04-24,NOVA-MOB-02,DC-SOUTH,South,347,126,221,0.8647
2026-04-24,NOVA-MOB-02,DC-EAST,East,290,86,204,0.9072
2026-04-24,NOVA-MOB-02,DC-WEST,West,265,93,172,0.92
2026-04-24,NOVA-CPT-01,DC-NORTH,North,150,38,112,0.9494
2026-04-24,NOVA-CPT-01,DC-SOUTH,South,146,55,91,0.9527
2026-04-24,NOVA-CPT-01,DC-EAST,East,175,61,114,0.8545
2026-04-24,NOVA-CPT-01,DC-WEST,West,162,49,113,0.8811
2026-04-24,NOVA-CPT-02,DC-NORTH,North,231,90,141,0.9183
2026-04-24,NOVA-CPT-02,DC-SOUTH,South,188,55,133,0.8468
2026-04-24,NOVA-CPT-02,DC-EAST,East,226,95,131,0.8948
2026-04-24,NOVA-CPT-02,DC-WEST,West,208,55,153,0.8518
2026-04-24,NOVA-WBL-01,DC-NORTH,North,241,68,173,0.9501
2026-04-24,NOVA-WBL-01,DC-SOUTH,South,274,94,180,0.877
2026-04-24,NOVA-WBL-01,DC-EAST,East,311,109,202,0.877
2026-04-24,NOVA-WBL-01,DC-WEST,West,251,86,165,0.8737
2026-04-24,NOVA-WBL-02,DC-NORTH,North,424,141,283,0.9536
2026-04-24,NOVA-WBL-02,DC-SOUTH,South,384,155,229,0.9342
2026-04-24,NOVA-WBL-02,DC-EAST,East,481,133,348,0.9523
2026-04-24,NOVA-WBL-02,DC-WEST,West,425,162,263,0.8842
2026-04-24,NOVA-ACC-01,DC-NORTH,North,713,241,472,0.8929
2026-04-24,NOVA-ACC-01,DC-SOUTH,South,859,255,604,0.9267
2026-04-24,NOVA-ACC-01,DC-EAST,East,781,279,502,0.8543
2026-04-24,NOVA-ACC-01,DC-WEST,West,752,299,453,0.9283
2026-04-24,NOVA-ACC-02,DC-NORTH,North,577,214,363,0.9049
2026-04-24,NOVA-ACC-02,DC-SOUTH,South,499,145,354,0.9444
2026-04-24,NOVA-ACC-02,DC-EAST,East,590,251,339,0.8621
2026-04-24,NOVA-ACC-02,DC-WEST,West,636,205,431,0.9002
2026-04-25,NOVA-AUD-01,DC-NORTH,North,405,117,288,0.9126
2026-04-25,NOVA-AUD-01,DC-SOUTH,South,414,105,309,0.9047
2026-04-25,NOVA-AUD-01,DC-EAST,East,364,100,264,0.9298
2026-04-25,NOVA-AUD-01,DC-WEST,West,371,94,277,0.8906
2026-04-25,NOVA-AUD-02,DC-NORTH,North,549,187,362,0.9358
2026-04-25,NOVA-AUD-02,DC-SOUTH,South,519,205,314,0.9237
2026-04-25,NOVA-AUD-02,DC-EAST,East,536,153,383,0.9369
2026-04-25,NOVA-AUD-02,DC-WEST,West,453,177,276,0.8831
2026-04-25,NOVA-MOB-01,DC-NORTH,North,269,118,151,0.8812
2026-04-25,NOVA-MOB-01,DC-SOUTH,South,259,87,172,0.8571
2026-04-25,NOVA-MOB-01,DC-EAST,East,277,89,188,0.9275
2026-04-25,NOVA-MOB-01,DC-WEST,West,289,118,171,0.9361
2026-04-25,NOVA-MOB-02,DC-NORTH,North,281,108,173,0.8601
2026-04-25,NOVA-MOB-02,DC-SOUTH,South,276,113,163,0.8803
2026-04-25,NOVA-MOB-02,DC-EAST,East,328,110,218,0.8709
2026-04-25,NOVA-MOB-02,DC-WEST,West,349,154,195,0.9031
2026-04-25,NOVA-CPT-01,DC-NORTH,North,161,47,114,0.8568
2026-04-25,NOVA-CPT-01,DC-SOUTH,South,143,52,91,0.8668
2026-04-25,NOVA-CPT-01,DC-EAST,East,160,61,99,0.9004
2026-04-25,NOVA-CPT-01,DC-WEST,West,166,54,112,0.9196
2026-04-25,NOVA-CPT-02,DC-NORTH,North,222,76,146,0.8497
2026-04-25,NOVA-CPT-02,DC-SOUTH,South,190,71,119,0.9114
2026-04-25,NOVA-CPT-02,DC-EAST,East,202,57,145,0.9266
2026-04-25,NOVA-CPT-02,DC-WEST,West,189,68,121,0.8934
2026-04-25,NOVA-WBL-01,DC-NORTH,North,251,105,146,0.9491
2026-04-25,NOVA-WBL-01,DC-SOUTH,South,283,98,185,0.8929
2026-04-25,NOVA-WBL-01,DC-EAST,East,272,108,164,0.9299
2026-04-25,NOVA-WBL-01,DC-WEST,West,291,105,186,0.8993
2026-04-25,NOVA-WBL-02,DC-NORTH,North,404,151,253,0.8798
2026-04-25,NOVA-WBL-02,DC-SOUTH,South,446,111,335,0.9253
2026-04-25,NOVA-WBL-02,DC-EAST,East,436,158,278,0.8897
2026-04-25,NOVA-WBL-02,DC-WEST,West,436,132,304,0.9265
2026-04-25,NOVA-ACC-01,DC-NORTH,North,884,263,621,0.8907
2026-04-25,NOVA-ACC-01,DC-SOUTH,South,698,221,477,0.8489
2026-04-25,NOVA-ACC-01,DC-EAST,East,671,178,493,0.859
2026-04-25,NOVA-ACC-01,DC-WEST,West,870,306,564,0.8466
2026-04-25,NOVA-ACC-02,DC-NORTH,North,483,121,362,0.9041
2026-04-25,NOVA-ACC-02,DC-SOUTH,South,499,137,362,0.8519
2026-04-25,NOVA-ACC-02,DC-EAST,East,515,205,310,0.8506
2026-04-25,NOVA-ACC-02,DC-WEST,West,574,209,365,0.8848
2026-04-26,NOVA-AUD-01,DC-NORTH,North,449,116,333,0.9077
2026-04-26,NOVA-AUD-01,DC-SOUTH,South,336,112,224,0.8537
2026-04-26,NOVA-AUD-01,DC-EAST,East,385,160,225,0.8477
2026-04-26,NOVA-AUD-01,DC-WEST,West,344,118,226,0.9039
2026-04-26,NOVA-AUD-02,DC-NORTH,North,455,156,299,0.8841
2026-04-26,NOVA-AUD-02,DC-SOUTH,South,499,196,303,0.929
2026-04-26,NOVA-AUD-02,DC-EAST,East,549,158,391,0.8507
2026-04-26,NOVA-AUD-02,DC-WEST,West,474,149,325,0.9255
2026-04-26,NOVA-MOB-01,DC-NORTH,North,253,95,158,0.9003
2026-04-26,NOVA-MOB-01,DC-SOUTH,South,249,83,166,0.8502
2026-04-26,NOVA-MOB-01,DC-EAST,East,249,108,141,0.8591
2026-04-26,NOVA-MOB-01,DC-WEST,West,215,89,126,0.8836
2026-04-26,NOVA-MOB-02,DC-NORTH,North,276,85,191,0.94
2026-04-26,NOVA-MOB-02,DC-SOUTH,South,263,109,154,0.9488
2026-04-26,NOVA-MOB-02,DC-EAST,East,273,93,180,0.9362
2026-04-26,NOVA-MOB-02,DC-WEST,West,267,103,164,0.9186
2026-04-26,NOVA-CPT-01,DC-NORTH,North,150,64,86,0.9448
2026-04-26,NOVA-CPT-01,DC-SOUTH,South,176,77,99,0.9117
2026-04-26,NOVA-CPT-01,DC-EAST,East,155,62,93,0.9263
2026-04-26,NOVA-CPT-01,DC-WEST,West,164,50,114,0.904
2026-04-26,NOVA-CPT-02,DC-NORTH,North,202,66,136,0.9146
2026-04-26,NOVA-CPT-02,DC-SOUTH,South,220,86,134,0.8905
2026-04-26,NOVA-CPT-02,DC-EAST,East,232,63,169,0.8639
2026-04-26,NOVA-CPT-02,DC-WEST,West,210,52,158,0.8465
2026-04-26,NOVA-WBL-01,DC-NORTH,North,313,79,234,0.9213
2026-04-26,NOVA-WBL-01,DC-SOUTH,South,255,111,144,0.8939
2026-04-26,NOVA-WBL-01,DC-EAST,East,254,89,165,0.8988
2026-04-26,NOVA-WBL-01,DC-WEST,West,246,98,148,0.8719
2026-04-26,NOVA-WBL-02,DC-NORTH,North,459,132,327,0.8655
2026-04-26,NOVA-WBL-02,DC-SOUTH,South,397,156,241,0.9176
2026-04-26,NOVA-WBL-02,DC-EAST,East,425,125,300,0.8979
2026-04-26,NOVA-WBL-02,DC-WEST,West,455,195,260,0.9154
2026-04-26,NOVA-ACC-01,DC-NORTH,North,687,308,379,0.9238
2026-04-26,NOVA-ACC-01,DC-SOUTH,South,716,185,531,0.883
2026-04-26,NOVA-ACC-01,DC-EAST,East,681,237,444,0.8859
2026-04-26,NOVA-ACC-01,DC-WEST,West,779,260,519,0.934
2026-04-26,NOVA-ACC-02,DC-NORTH,North,489,190,299,0.8515
2026-04-26,NOVA-ACC-02,DC-SOUTH,South,479,153,326,0.8553
2026-04-26,NOVA-ACC-02,DC-EAST,East,641,228,413,0.8872
2026-04-26,NOVA-ACC-02,DC-WEST,West,584,177,407,0.9117
2026-04-27,NOVA-AUD-01,DC-NORTH,North,361,105,256,0.9491
2026-04-27,NOVA-AUD-01,DC-SOUTH,South,445,156,289,0.9084
2026-04-27,NOVA-AUD-01,DC-EAST,East,366,100,266,0.9508
2026-04-27,NOVA-AUD-01,DC-WEST,West,408,133,275,0.9452
2026-04-27,NOVA-AUD-02,DC-NORTH,North,449,198,251,0.9508
2026-04-27,NOVA-AUD-02,DC-SOUTH,South,467,149,318,0.9028
2026-04-27,NOVA-AUD-02,DC-EAST,East,511,179,332,0.886
2026-04-27,NOVA-AUD-02,DC-WEST,West,530,181,349,0.8566
2026-04-27,NOVA-MOB-01,DC-NORTH,North,266,72,194,0.9463
2026-04-27,NOVA-MOB-01,DC-SOUTH,South,231,91,140,0.8607
2026-04-27,NOVA-MOB-01,DC-EAST,East,228,59,169,0.9261
2026-04-27,NOVA-MOB-01,DC-WEST,West,235,70,165,0.9039
2026-04-27,NOVA-MOB-02,DC-NORTH,North,320,81,239,0.9181
2026-04-27,NOVA-MOB-02,DC-SOUTH,South,320,85,235,0.9007
2026-04-27,NOVA-MOB-02,DC-EAST,East,327,140,187,0.8782
2026-04-27,NOVA-MOB-02,DC-WEST,West,271,118,153,0.8651
2026-04-27,NOVA-CPT-01,DC-NORTH,North,154,67,87,0.9259
2026-04-27,NOVA-CPT-01,DC-SOUTH,South,192,65,127,0.8531
2026-04-27,NOVA-CPT-01,DC-EAST,East,186,82,104,0.9498
2026-04-27,NOVA-CPT-01,DC-WEST,West,155,64,91,0.8986
2026-04-27,NOVA-CPT-02,DC-NORTH,North,180,46,134,0.885
2026-04-27,NOVA-CPT-02,DC-SOUTH,South,203,64,139,0.9313
2026-04-27,NOVA-CPT-02,DC-EAST,East,230,79,151,0.8659
2026-04-27,NOVA-CPT-02,DC-WEST,West,214,56,158,0.8501
2026-04-27,NOVA-WBL-01,DC-NORTH,North,251,82,169,0.9159
2026-04-27,NOVA-WBL-01,DC-SOUTH,South,278,86,192,0.9377
2026-04-27,NOVA-WBL-01,DC-EAST,East,315,116,199,0.922
2026-04-27,NOVA-WBL-01,DC-WEST,West,300,101,199,0.8484
2026-04-27,NOVA-WBL-02,DC-NORTH,North,371,124,247,0.9346
2026-04-27,NOVA-WBL-02,DC-SOUTH,South,358,158,200,0.8875
2026-04-27,NOVA-WBL-02,DC-EAST,East,465,125,340,0.9345
2026-04-27,NOVA-WBL-02,DC-WEST,West,465,133,332,0.9083
2026-04-27,NOVA-ACC-01,DC-NORTH,North,853,333,520,0.9526
2026-04-27,NOVA-ACC-01,DC-SOUTH,South,726,244,482,0.8697
2026-04-27,NOVA-ACC-01,DC-EAST,East,784,233,551,0.9092
2026-04-27,NOVA-ACC-01,DC-WEST,West,728,325,403,0.9206
2026-04-27,NOVA-ACC-02,DC-NORTH,North,509,224,285,0.9085
2026-04-27,NOVA-ACC-02,DC-SOUTH,South,640,177,463,0.914
2026-04-27,NOVA-ACC-02,DC-EAST,East,544,198,346,0.9017
2026-04-27,NOVA-ACC-02,DC-WEST,West,543,207,336,0.8805
2026-04-28,NOVA-AUD-01,DC-NORTH,North,379,127,252,0.873
2026-04-28,NOVA-AUD-01,DC-SOUTH,South,370,112,258,0.9099
2026-04-28,NOVA-AUD-01,DC-EAST,East,378,115,263,0.9199
2026-04-28,NOVA-AUD-01,DC-WEST,West,353,117,236,0.9354
2026-04-28,NOVA-AUD-02,DC-NORTH,North,499,200,299,0.9178
2026-04-28,NOVA-AUD-02,DC-SOUTH,South,466,148,318,0.9296
2026-04-28,NOVA-AUD-02,DC-EAST,East,424,122,302,0.936
2026-04-28,NOVA-AUD-02,DC-WEST,West,495,189,306,0.9225
2026-04-28,NOVA-MOB-01,DC-NORTH,North,272,88,184,0.9137
2026-04-28,NOVA-MOB-01,DC-SOUTH,South,286,86,200,0.8773
2026-04-28,NOVA-MOB-01,DC-EAST,East,221,93,128,0.8502
2026-04-28,NOVA-MOB-01,DC-WEST,West,253,105,148,0.8773
2026-04-28,NOVA-MOB-02,DC-NORTH,North,313,112,201,0.9455
2026-04-28,NOVA-MOB-02,DC-SOUTH,South,344,143,201,0.9435
2026-04-28,NOVA-MOB-02,DC-EAST,East,302,135,167,0.9471
2026-04-28,NOVA-MOB-02,DC-WEST,West,339,139,200,0.8938
2026-04-28,NOVA-CPT-01,DC-NORTH,North,182,56,126,0.8996
2026-04-28,NOVA-CPT-01,DC-SOUTH,South,184,69,115,0.8663
2026-04-28,NOVA-CPT-01,DC-EAST,East,190,66,124,0.9474
2026-04-28,NOVA-CPT-01,DC-WEST,West,147,56,91,0.8553
2026-04-28,NOVA-CPT-02,DC-NORTH,North,239,81,158,0.8561
2026-04-28,NOVA-CPT-02,DC-SOUTH,South,178,54,124,0.8648
2026-04-28,NOVA-CPT-02,DC-EAST,East,239,83,156,0.8696
2026-04-28,NOVA-CPT-02,DC-WEST,West,182,56,126,0.8951
2026-04-28,NOVA-WBL-01,DC-NORTH,North,321,87,234,0.9137
2026-04-28,NOVA-WBL-01,DC-SOUTH,South,243,73,170,0.9031
2026-04-28,NOVA-WBL-01,DC-EAST,East,239,62,177,0.9272
2026-04-28,NOVA-WBL-01,DC-WEST,West,311,83,228,0.8718
2026-04-28,NOVA-WBL-02,DC-NORTH,North,462,179,283,0.8642
2026-04-28,NOVA-WBL-02,DC-SOUTH,South,371,153,218,0.9096
2026-04-28,NOVA-WBL-02,DC-EAST,East,389,97,292,0.8561
2026-04-28,NOVA-WBL-02,DC-WEST,West,460,137,323,0.931
2026-04-28,NOVA-ACC-01,DC-NORTH,North,802,226,576,0.8844
2026-04-28,NOVA-ACC-01,DC-SOUTH,South,801,338,463,0.941
2026-04-28,NOVA-ACC-01,DC-EAST,East,788,270,518,0.8991
2026-04-28,NOVA-ACC-01,DC-WEST,West,688,211,477,0.9157
2026-04-28,NOVA-ACC-02,DC-NORTH,North,595,261,334,0.8808
2026-04-28,NOVA-ACC-02,DC-SOUTH,South,488,193,295,0.9261
2026-04-28,NOVA-ACC-02,DC-EAST,East,630,211,419,0.9079
2026-04-28,NOVA-ACC-02,DC-WEST,West,492,211,281,0.9146
2026-04-29,NOVA-AUD-01,DC-NORTH,North,420,121,299,0.9445
2026-04-29,NOVA-AUD-01,DC-SOUTH,South,444,166,278,0.8939
2026-04-29,NOVA-AUD-01,DC-EAST,East,390,100,290,0.9538
2026-04-29,NOVA-AUD-01,DC-WEST,West,446,120,326,0.9017
2026-04-29,NOVA-AUD-02,DC-NORTH,North,525,203,322,0.9112
2026-04-29,NOVA-AUD-02,DC-SOUTH,South,519,192,327,0.8476
2026-04-29,NOVA-AUD-02,DC-EAST,East,491,144,347,0.9479
2026-04-29,NOVA-AUD-02,DC-WEST,West,547,228,319,0.8866
2026-04-29,NOVA-MOB-01,DC-NORTH,North,246,89,157,0.9037
2026-04-29,NOVA-MOB-01,DC-SOUTH,South,274,100,174,0.9047
2026-04-29,NOVA-MOB-01,DC-EAST,East,219,71,148,0.8904
2026-04-29,NOVA-MOB-01,DC-WEST,West,260,71,189,0.9248
2026-04-29,NOVA-MOB-02,DC-NORTH,North,314,114,200,0.863
2026-04-29,NOVA-MOB-02,DC-SOUTH,South,328,112,216,0.8949
2026-04-29,NOVA-MOB-02,DC-EAST,East,264,110,154,0.9337
2026-04-29,NOVA-MOB-02,DC-WEST,West,301,122,179,0.8843
2026-04-29,NOVA-CPT-01,DC-NORTH,North,189,77,112,0.946
2026-04-29,NOVA-CPT-01,DC-SOUTH,South,179,58,121,0.9105
2026-04-29,NOVA-CPT-01,DC-EAST,East,165,72,93,0.9109
2026-04-29,NOVA-CPT-01,DC-WEST,West,188,65,123,0.8981
2026-04-29,NOVA-CPT-02,DC-NORTH,North,222,90,132,0.9137
2026-04-29,NOVA-CPT-02,DC-SOUTH,South,179,77,102,0.8804
2026-04-29,NOVA-CPT-02,DC-EAST,East,224,74,150,0.8604
2026-04-29,NOVA-CPT-02,DC-WEST,West,219,65,154,0.8973
2026-04-29,NOVA-WBL-01,DC-NORTH,North,308,90,218,0.8718
2026-04-29,NOVA-WBL-01,DC-SOUTH,South,277,84,193,0.8561
2026-04-29,NOVA-WBL-01,DC-EAST,East,293,83,210,0.8999
2026-04-29,NOVA-WBL-01,DC-WEST,West,280,115,165,0.8945
2026-04-29,NOVA-WBL-02,DC-NORTH,North,413,156,257,0.9048
2026-04-29,NOVA-WBL-02,DC-SOUTH,South,475,143,332,0.8895
2026-04-29,NOVA-WBL-02,DC-EAST,East,450,180,270,0.8628
2026-04-29,NOVA-WBL-02,DC-WEST,West,479,215,264,0.9474
2026-04-29,NOVA-ACC-01,DC-NORTH,North,685,205,480,0.8463
2026-04-29,NOVA-ACC-01,DC-SOUTH,South,731,299,432,0.9195
2026-04-29,NOVA-ACC-01,DC-EAST,East,789,323,466,0.9009
2026-04-29,NOVA-ACC-01,DC-WEST,West,859,383,476,0.9522
2026-04-29,NOVA-ACC-02,DC-NORTH,North,606,265,341,0.9095
2026-04-29,NOVA-ACC-02,DC-SOUTH,South,613,194,419,0.9272
2026-04-29,NOVA-ACC-02,DC-EAST,East,613,202,411,0.9277
2026-04-29,NOVA-ACC-02,DC-WEST,West,485,171,314,0.8693
2026-04-30,NOVA-AUD-01,DC-NORTH,North,428,109,319,0.9106
2026-04-30,NOVA-AUD-01,DC-SOUTH,South,401,105,296,0.9211
2026-04-30,NOVA-AUD-01,DC-EAST,East,403,159,244,0.8911
2026-04-30,NOVA-AUD-01,DC-WEST,West,355,135,220,0.855
2026-04-30,NOVA-AUD-02,DC-NORTH,North,525,154,371,0.8791
2026-04-30,NOVA-AUD-02,DC-SOUTH,South,508,184,324,0.8991
2026-04-30,NOVA-AUD-02,DC-EAST,East,547,186,361,0.9149
2026-04-30,NOVA-AUD-02,DC-WEST,West,559,171,388,0.9262
2026-04-30,NOVA-MOB-01,DC-NORTH,North,251,68,183,0.8935
2026-04-30,NOVA-MOB-01,DC-SOUTH,South,272,83,189,0.9031
2026-04-30,NOVA-MOB-01,DC-EAST,East,238,87,151,0.8719
2026-04-30,NOVA-MOB-01,DC-WEST,West,229,74,155,0.9311
2026-04-30,NOVA-MOB-02,DC-NORTH,North,328,85,243,0.9126
2026-04-30,NOVA-MOB-02,DC-SOUTH,South,271,118,153,0.9142
2026-04-30,NOVA-MOB-02,DC-EAST,East,333,134,199,0.9501
2026-04-30,NOVA-MOB-02,DC-WEST,West,278,70,208,0.9115
2026-04-30,NOVA-CPT-01,DC-NORTH,North,151,57,94,0.8521
2026-04-30,NOVA-CPT-01,DC-SOUTH,South,187,55,132,0.9375
2026-04-30,NOVA-CPT-01,DC-EAST,East,161,67,94,0.8918
2026-04-30,NOVA-CPT-01,DC-WEST,West,145,55,90,0.9129
2026-04-30,NOVA-CPT-02,DC-NORTH,North,210,57,153,0.858
2026-04-30,NOVA-CPT-02,DC-SOUTH,South,195,61,134,0.9119
2026-04-30,NOVA-CPT-02,DC-EAST,East,229,64,165,0.9422
2026-04-30,NOVA-CPT-02,DC-WEST,West,208,55,153,0.9017
2026-04-30,NOVA-WBL-01,DC-NORTH,North,289,126,163,0.9515
2026-04-30,NOVA-WBL-01,DC-SOUTH,South,250,66,184,0.8573
2026-04-30,NOVA-WBL-01,DC-EAST,East,284,107,177,0.8495
2026-04-30,NOVA-WBL-01,DC-WEST,West,240,104,136,0.8876
2026-04-30,NOVA-WBL-02,DC-NORTH,North,466,175,291,0.8972
2026-04-30,NOVA-WBL-02,DC-SOUTH,South,394,172,222,0.8981
2026-04-30,NOVA-WBL-02,DC-EAST,East,446,192,254,0.8761
2026-04-30,NOVA-WBL-02,DC-WEST,West,462,147,315,0.8784
2026-04-30,NOVA-ACC-01,DC-NORTH,North,674,301,373,0.9495
2026-04-30,NOVA-ACC-01,DC-SOUTH,South,853,372,481,0.8827
2026-04-30,NOVA-ACC-01,DC-EAST,East,790,263,527,0.9527
2026-04-30,NOVA-ACC-01,DC-WEST,West,724,270,454,0.8837
2026-04-30,NOVA-ACC-02,DC-NORTH,North,544,157,387,0.9205
2026-04-30,NOVA-ACC-02,DC-SOUTH,South,540,160,380,0.8905
2026-04-30,NOVA-ACC-02,DC-EAST,East,527,173,354,0.8481
2026-04-30,NOVA-ACC-02,DC-WEST,West,551,170,381,0.8685
2026-05-01,NOVA-AUD-01,DC-NORTH,North,354,145,209,0.9375
2026-05-01,NOVA-AUD-01,DC-SOUTH,South,333,148,185,0.8555
2026-05-01,NOVA-AUD-01,DC-EAST,East,376,123,253,0.8958
2026-05-01,NOVA-AUD-01,DC-WEST,West,428,162,266,0.9122
2026-05-01,NOVA-AUD-02,DC-NORTH,North,540,202,338,0.9193
2026-05-01,NOVA-AUD-02,DC-SOUTH,South,487,182,305,0.9348
2026-05-01,NOVA-AUD-02,DC-EAST,East,447,117,330,0.932
2026-05-01,NOVA-AUD-02,DC-WEST,West,438,192,246,0.8758
2026-05-01,NOVA-MOB-01,DC-NORTH,North,284,86,198,0.9091
2026-05-01,NOVA-MOB-01,DC-SOUTH,South,265,83,182,0.8834
2026-05-01,NOVA-MOB-01,DC-EAST,East,216,54,162,0.8747
2026-05-01,NOVA-MOB-01,DC-WEST,West,287,113,174,0.8542
2026-05-01,NOVA-MOB-02,DC-NORTH,North,309,79,230,0.9418
2026-05-01,NOVA-MOB-02,DC-SOUTH,South,348,128,220,0.9109
2026-05-01,NOVA-MOB-02,DC-EAST,East,285,112,173,0.8853
2026-05-01,NOVA-MOB-02,DC-WEST,West,333,96,237,0.9451
2026-05-01,NOVA-CPT-01,DC-NORTH,North,147,37,110,0.9128
2026-05-01,NOVA-CPT-01,DC-SOUTH,South,172,72,100,0.8924
2026-05-01,NOVA-CPT-01,DC-EAST,East,190,81,109,0.8763
2026-05-01,NOVA-CPT-01,DC-WEST,West,180,79,101,0.8747
2026-05-01,NOVA-CPT-02,DC-NORTH,North,208,53,155,0.9119
2026-05-01,NOVA-CPT-02,DC-SOUTH,South,184,75,109,0.9159
2026-05-01,NOVA-CPT-02,DC-EAST,East,201,87,114,0.8563
2026-05-01,NOVA-CPT-02,DC-WEST,West,202,59,143,0.9072
2026-05-01,NOVA-WBL-01,DC-NORTH,North,299,83,216,0.8723
2026-05-01,NOVA-WBL-01,DC-SOUTH,South,317,104,213,0.8803
2026-05-01,NOVA-WBL-01,DC-EAST,East,321,88,233,0.9057
2026-05-01,NOVA-WBL-01,DC-WEST,West,268,107,161,0.8589
2026-05-01,NOVA-WBL-02,DC-NORTH,North,480,202,278,0.9116
2026-05-01,NOVA-WBL-02,DC-SOUTH,South,446,198,248,0.9263
2026-05-01,NOVA-WBL-02,DC-EAST,East,374,151,223,0.9443
2026-05-01,NOVA-WBL-02,DC-WEST,West,383,163,220,0.8922
2026-05-01,NOVA-ACC-01,DC-NORTH,North,855,343,512,0.8582
2026-05-01,NOVA-ACC-01,DC-SOUTH,South,703,305,398,0.9168
2026-05-01,NOVA-ACC-01,DC-EAST,East,693,223,470,0.8908
2026-05-01,NOVA-ACC-01,DC-WEST,West,786,274,512,0.8892
2026-05-01,NOVA-ACC-02,DC-NORTH,North,590,215,375,0.8468
2026-05-01,NOVA-ACC-02,DC-SOUTH,South,580,154,426,0.897
2026-05-01,NOVA-ACC-02,DC-EAST,East,578,250,328,0.8621
2026-05-01,NOVA-ACC-02,DC-WEST,West,514,229,285,0.8812
2026-05-02,NOVA-AUD-01,DC-NORTH,North,347,137,210,0.885
2026-05-02,NOVA-AUD-01,DC-SOUTH,South,342,111,231,0.884
2026-05-02,NOVA-AUD-01,DC-EAST,East,352,141,211,0.9387
2026-05-02,NOVA-AUD-01,DC-WEST,West,417,164,253,0.952
2026-05-02,NOVA-AUD-02,DC-NORTH,North,519,195,324,0.9293
2026-05-02,NOVA-AUD-02,DC-SOUTH,South,522,234,288,0.9207
2026-05-02,NOVA-AUD-02,DC-EAST,East,500,135,365,0.9317
2026-05-02,NOVA-AUD-02,DC-WEST,West,514,137,377,0.9359
2026-05-02,NOVA-MOB-01,DC-NORTH,North,255,90,165,0.9119
2026-05-02,NOVA-MOB-01,DC-SOUTH,South,227,81,146,0.8599
2026-05-02,NOVA-MOB-01,DC-EAST,East,235,84,151,0.9338
2026-05-02,NOVA-MOB-01,DC-WEST,West,221,63,158,0.8601
2026-05-02,NOVA-MOB-02,DC-NORTH,North,306,89,217,0.8926
2026-05-02,NOVA-MOB-02,DC-SOUTH,South,321,121,200,0.9212
2026-05-02,NOVA-MOB-02,DC-EAST,East,354,135,219,0.9153
2026-05-02,NOVA-MOB-02,DC-WEST,West,342,95,247,0.9234
2026-05-02,NOVA-CPT-01,DC-NORTH,North,153,42,111,0.8609
2026-05-02,NOVA-CPT-01,DC-SOUTH,South,150,50,100,0.8949
2026-05-02,NOVA-CPT-01,DC-EAST,East,186,73,113,0.8884
2026-05-02,NOVA-CPT-01,DC-WEST,West,180,50,130,0.8731
2026-05-02,NOVA-CPT-02,DC-NORTH,North,196,88,108,0.9469
2026-05-02,NOVA-CPT-02,DC-SOUTH,South,227,99,128,0.9045
2026-05-02,NOVA-CPT-02,DC-EAST,East,208,77,131,0.876
2026-05-02,NOVA-CPT-02,DC-WEST,West,207,80,127,0.8938
2026-05-02,NOVA-WBL-01,DC-NORTH,North,264,80,184,0.8544
2026-05-02,NOVA-WBL-01,DC-SOUTH,South,266,97,169,0.9181
2026-05-02,NOVA-WBL-01,DC-EAST,East,240,93,147,0.8657
2026-05-02,NOVA-WBL-01,DC-WEST,West,267,76,191,0.8726
2026-05-02,NOVA-WBL-02,DC-NORTH,North,373,115,258,0.875
2026-05-02,NOVA-WBL-02,DC-SOUTH,South,424,125,299,0.9245
2026-05-02,NOVA-WBL-02,DC-EAST,East,371,163,208,0.8859
2026-05-02,NOVA-WBL-02,DC-WEST,West,472,189,283,0.9164
2026-05-02,NOVA-ACC-01,DC-NORTH,North,793,274,519,0.9456
2026-05-02,NOVA-ACC-01,DC-SOUTH,South,715,198,517,0.9047
2026-05-02,NOVA-ACC-01,DC-EAST,East,682,214,468,0.8947
2026-05-02,NOVA-ACC-01,DC-WEST,West,865,289,576,0.8834
2026-05-02,NOVA-ACC-02,DC-NORTH,North,595,161,434,0.8923
2026-05-02,NOVA-ACC-02,DC-SOUTH,South,505,128,377,0.8671
2026-05-02,NOVA-ACC-02,DC-EAST,East,615,208,407,0.8595
2026-05-02,NOVA-ACC-02,DC-WEST,West,578,177,401,0.946
2026-05-03,NOVA-AUD-01,DC-NORTH,North,352,124,228,0.9091
2026-05-03,NOVA-AUD-01,DC-SOUTH,South,348,95,253,0.8646
2026-05-03,NOVA-AUD-01,DC-EAST,East,394,158,236,0.9516
2026-05-03,NOVA-AUD-01,DC-WEST,West,361,113,248,0.8919
2026-05-03,NOVA-AUD-02,DC-NORTH,North,436,113,323,0.952
2026-05-03,NOVA-AUD-02,DC-SOUTH,South,542,190,352,0.8483
2026-05-03,NOVA-AUD-02,DC-EAST,East,486,170,316,0.8465
2026-05-03,NOVA-AUD-02,DC-WEST,West,490,210,280,0.8645
2026-05-03,NOVA-MOB-01,DC-NORTH,North,216,89,127,0.8845
2026-05-03,NOVA-MOB-01,DC-SOUTH,South,261,65,196,0.922
2026-05-03,NOVA-MOB-01,DC-EAST,East,259,104,155,0.8671
2026-05-03,NOVA-MOB-01,DC-WEST,West,240,72,168,0.907
2026-05-03,NOVA-MOB-02,DC-NORTH,North,281,111,170,0.8989
2026-05-03,NOVA-MOB-02,DC-SOUTH,South,333,91,242,0.9374
2026-05-03,NOVA-MOB-02,DC-EAST,East,315,89,226,0.8554
2026-05-03,NOVA-MOB-02,DC-WEST,West,263,101,162,0.8641
2026-05-03,NOVA-CPT-01,DC-NORTH,North,166,60,106,0.9322
2026-05-03,NOVA-CPT-01,DC-SOUTH,South,185,77,108,0.9078
2026-05-03,NOVA-CPT-01,DC-EAST,East,182,75,107,0.9432
2026-05-03,NOVA-CPT-01,DC-WEST,West,155,63,92,0.9207
2026-05-03,NOVA-CPT-02,DC-NORTH,North,225,67,158,0.8689
2026-05-03,NOVA-CPT-02,DC-SOUTH,South,205,52,153,0.8652
2026-05-03,NOVA-CPT-02,DC-EAST,East,189,49,140,0.8465
2026-05-03,NOVA-CPT-02,DC-WEST,West,219,75,144,0.8495
2026-05-03,NOVA-WBL-01,DC-NORTH,North,257,103,154,0.8572
2026-05-03,NOVA-WBL-01,DC-SOUTH,South,246,78,168,0.9428
2026-05-03,NOVA-WBL-01,DC-EAST,East,283,79,204,0.8872
2026-05-03,NOVA-WBL-01,DC-WEST,West,280,119,161,0.9067
2026-05-03,NOVA-WBL-02,DC-NORTH,North,430,178,252,0.8635
2026-05-03,NOVA-WBL-02,DC-SOUTH,South,442,158,284,0.8586
2026-05-03,NOVA-WBL-02,DC-EAST,East,402,163,239,0.8612
2026-05-03,NOVA-WBL-02,DC-WEST,West,465,154,311,0.8874
2026-05-03,NOVA-ACC-01,DC-NORTH,North,664,293,371,0.909
2026-05-03,NOVA-ACC-01,DC-SOUTH,South,820,363,457,0.8773
2026-05-03,NOVA-ACC-01,DC-EAST,East,719,195,524,0.9302
2026-05-03,NOVA-ACC-01,DC-WEST,West,679,304,375,0.943
2026-05-03,NOVA-ACC-02,DC-NORTH,North,515,159,356,0.9455
2026-05-03,NOVA-ACC-02,DC-SOUTH,South,597,178,419,0.8596
2026-05-03,NOVA-ACC-02,DC-EAST,East,533,205,328,0.9176
2026-05-03,NOVA-ACC-02,DC-WEST,West,479,129,350,0.8801
2026-05-04,NOVA-AUD-01,DC-NORTH,North,400,140,260,0.9023
2026-05-04,NOVA-AUD-01,DC-SOUTH,South,357,143,214,0.9215
2026-05-04,NOVA-AUD-01,DC-EAST,East,449,195,254,0.9203
2026-05-04,NOVA-AUD-01,DC-WEST,West,396,151,245,0.9139
2026-05-04,NOVA-AUD-02,DC-NORTH,North,427,133,294,0.9475
2026-05-04,NOVA-AUD-02,DC-SOUTH,South,513,147,366,0.9348
2026-05-04,NOVA-AUD-02,DC-EAST,East,537,208,329,0.9429
2026-05-04,NOVA-AUD-02,DC-WEST,West,515,223,292,0.9103
2026-05-04,NOVA-MOB-01,DC-NORTH,North,282,115,167,0.8548
2026-05-04,NOVA-MOB-01,DC-SOUTH,South,258,87,171,0.9399
2026-05-04,NOVA-MOB-01,DC-EAST,East,251,64,187,0.9524
2026-05-04,NOVA-MOB-01,DC-WEST,West,259,69,190,0.9156
2026-05-04,NOVA-MOB-02,DC-NORTH,North,330,85,245,0.8856
2026-05-04,NOVA-MOB-02,DC-SOUTH,South,282,116,166,0.9435
2026-05-04,NOVA-MOB-02,DC-EAST,East,319,87,232,0.9468
2026-05-04,NOVA-MOB-02,DC-WEST,West,278,84,194,0.9494
2026-05-04,NOVA-CPT-01,DC-NORTH,North,180,48,132,0.8806
2026-05-04,NOVA-CPT-01,DC-SOUTH,South,191,83,108,0.9157
2026-05-04,NOVA-CPT-01,DC-EAST,East,164,49,115,0.9464
2026-05-04,NOVA-CPT-01,DC-WEST,West,192,72,120,0.918
2026-05-04,NOVA-CPT-02,DC-NORTH,North,212,55,157,0.8579
2026-05-04,NOVA-CPT-02,DC-SOUTH,South,200,55,145,0.9434
2026-05-04,NOVA-CPT-02,DC-EAST,East,185,77,108,0.9213
2026-05-04,NOVA-CPT-02,DC-WEST,West,226,84,142,0.8825
2026-05-04,NOVA-WBL-01,DC-NORTH,North,259,101,158,0.8584
2026-05-04,NOVA-WBL-01,DC-SOUTH,South,250,97,153,0.8811
2026-05-04,NOVA-WBL-01,DC-EAST,East,286,78,208,0.8682
2026-05-04,NOVA-WBL-01,DC-WEST,West,271,88,183,0.879
2026-05-04,NOVA-WBL-02,DC-NORTH,North,372,109,263,0.8695
2026-05-04,NOVA-WBL-02,DC-SOUTH,South,413,125,288,0.9531
2026-05-04,NOVA-WBL-02,DC-EAST,East,450,175,275,0.9072
2026-05-04,NOVA-WBL-02,DC-WEST,West,364,99,265,0.8576
2026-05-04,NOVA-ACC-01,DC-NORTH,North,861,257,604,0.8638
2026-05-04,NOVA-ACC-01,DC-SOUTH,South,717,218,499,0.8632
2026-05-04,NOVA-ACC-01,DC-EAST,East,734,222,512,0.9453
2026-05-04,NOVA-ACC-01,DC-WEST,West,844,264,580,0.9179
2026-05-04,NOVA-ACC-02,DC-NORTH,North,578,220,358,0.859
2026-05-04,NOVA-ACC-02,DC-SOUTH,South,573,200,373,0.9177
2026-05-04,NOVA-ACC-02,DC-EAST,East,620,163,457,0.8946
2026-05-04,NOVA-ACC-02,DC-WEST,West,494,151,343,0.8718
2026-05-05,NOVA-AUD-01,DC-NORTH,North,401,172,229,0.8504
2026-05-05,NOVA-AUD-01,DC-SOUTH,South,408,119,289,0.8857
2026-05-05,NOVA-AUD-01,DC-EAST,East,417,148,269,0.9102
2026-05-05,NOVA-AUD-01,DC-WEST,West,336,150,186,0.9126
2026-05-05,NOVA-AUD-02,DC-NORTH,North,423,109,314,0.9409
2026-05-05,NOVA-AUD-02,DC-SOUTH,South,421,105,316,0.9093
2026-05-05,NOVA-AUD-02,DC-EAST,East,475,170,305,0.9111
2026-05-05,NOVA-AUD-02,DC-WEST,West,519,149,370,0.9509
2026-05-05,NOVA-MOB-01,DC-NORTH,North,281,75,206,0.8968
2026-05-05,NOVA-MOB-01,DC-SOUTH,South,286,81,205,0.9323
2026-05-05,NOVA-MOB-01,DC-EAST,East,235,94,141,0.9363
2026-05-05,NOVA-MOB-01,DC-WEST,West,232,60,172,0.8835
2026-05-05,NOVA-MOB-02,DC-NORTH,North,292,120,172,0.9072
2026-05-05,NOVA-MOB-02,DC-SOUTH,South,322,108,214,0.8482
2026-05-05,NOVA-MOB-02,DC-EAST,East,272,88,184,0.8579
2026-05-05,NOVA-MOB-02,DC-WEST,West,314,106,208,0.8866
2026-05-05,NOVA-CPT-01,DC-NORTH,North,147,60,87,0.9532
2026-05-05,NOVA-CPT-01,DC-SOUTH,South,173,71,102,0.8488
2026-05-05,NOVA-CPT-01,DC-EAST,East,162,47,115,0.8999
2026-05-05,NOVA-CPT-01,DC-WEST,West,171,54,117,0.8846
2026-05-05,NOVA-CPT-02,DC-NORTH,North,212,78,134,0.8552
2026-05-05,NOVA-CPT-02,DC-SOUTH,South,201,84,117,0.8929
2026-05-05,NOVA-CPT-02,DC-EAST,East,224,70,154,0.9415
2026-05-05,NOVA-CPT-02,DC-WEST,West,239,71,168,0.8959
2026-05-05,NOVA-WBL-01,DC-NORTH,North,280,114,166,0.929
2026-05-05,NOVA-WBL-01,DC-SOUTH,South,272,97,175,0.9251
2026-05-05,NOVA-WBL-01,DC-EAST,East,238,89,149,0.9321
2026-05-05,NOVA-WBL-01,DC-WEST,West,300,127,173,0.9533
2026-05-05,NOVA-WBL-02,DC-NORTH,North,445,171,274,0.865
2026-05-05,NOVA-WBL-02,DC-SOUTH,South,367,125,242,0.9138
2026-05-05,NOVA-WBL-02,DC-EAST,East,384,133,251,0.9299
2026-05-05,NOVA-WBL-02,DC-WEST,West,372,147,225,0.8599
2026-05-05,NOVA-ACC-01,DC-NORTH,North,877,249,628,0.8822
2026-05-05,NOVA-ACC-01,DC-SOUTH,South,777,211,566,0.9159
2026-05-05,NOVA-ACC-01,DC-EAST,East,820,307,513,0.8586
2026-05-05,NOVA-ACC-01,DC-WEST,West,824,282,542,0.8566
2026-05-05,NOVA-ACC-02,DC-NORTH,North,536,144,392,0.8492
2026-05-05,NOVA-ACC-02,DC-SOUTH,South,643,271,372,0.8796
2026-05-05,NOVA-ACC-02,DC-EAST,East,520,178,342,0.9306
2026-05-05,NOVA-ACC-02,DC-WEST,West,609,154,455,0.8734
2026-05-06,NOVA-AUD-01,DC-NORTH,North,410,113,297,0.9517
2026-05-06,NOVA-AUD-01,DC-SOUTH,South,404,172,232,0.8801
2026-05-06,NOVA-AUD-01,DC-EAST,East,344,109,235,0.8782
2026-05-06,NOVA-AUD-01,DC-WEST,West,374,116,258,0.9523
2026-05-06,NOVA-AUD-02,DC-NORTH,North,500,222,278,0.8841
2026-05-06,NOVA-AUD-02,DC-SOUTH,South,503,132,371,0.908
2026-05-06,NOVA-AUD-02,DC-EAST,East,549,139,410,0.9373
2026-05-06,NOVA-AUD-02,DC-WEST,West,561,214,347,0.8746
2026-05-06,NOVA-MOB-01,DC-NORTH,North,266,97,169,0.8483
2026-05-06,NOVA-MOB-01,DC-SOUTH,South,237,89,148,0.8796
2026-05-06,NOVA-MOB-01,DC-EAST,East,257,72,185,0.9263
2026-05-06,NOVA-MOB-01,DC-WEST,West,242,100,142,0.8915
2026-05-06,NOVA-MOB-02,DC-NORTH,North,284,122,162,0.9124
2026-05-06,NOVA-MOB-02,DC-SOUTH,South,337,148,189,0.926
2026-05-06,NOVA-MOB-02,DC-EAST,East,335,149,186,0.9317
2026-05-06,NOVA-MOB-02,DC-WEST,West,323,110,213,0.8896
2026-05-06,NOVA-CPT-01,DC-NORTH,North,180,62,118,0.9218
2026-05-06,NOVA-CPT-01,DC-SOUTH,South,185,70,115,0.8656
2026-05-06,NOVA-CPT-01,DC-EAST,East,191,56,135,0.9365
2026-05-06,NOVA-CPT-01,DC-WEST,West,181,62,119,0.9101
2026-05-06,NOVA-CPT-02,DC-NORTH,North,179,77,102,0.8835
2026-05-06,NOVA-CPT-02,DC-SOUTH,South,213,57,156,0.8601
2026-05-06,NOVA-CPT-02,DC-EAST,East,201,52,149,0.8971
2026-05-06,NOVA-CPT-02,DC-WEST,West,213,71,142,0.8813
2026-05-06,NOVA-WBL-01,DC-NORTH,North,294,110,184,0.9254
2026-05-06,NOVA-WBL-01,DC-SOUTH,South,242,65,177,0.861
2026-05-06,NOVA-WBL-01,DC-EAST,East,250,68,182,0.9299
2026-05-06,NOVA-WBL-01,DC-WEST,West,272,79,193,0.944
2026-05-06,NOVA-WBL-02,DC-NORTH,North,438,140,298,0.9436
2026-05-06,NOVA-WBL-02,DC-SOUTH,South,357,122,235,0.914
2026-05-06,NOVA-WBL-02,DC-EAST,East,413,174,239,0.8831
2026-05-06,NOVA-WBL-02,DC-WEST,West,420,175,245,0.868
2026-05-06,NOVA-ACC-01,DC-NORTH,North,837,282,555,0.8665
2026-05-06,NOVA-ACC-01,DC-SOUTH,South,805,243,562,0.8607
2026-05-06,NOVA-ACC-01,DC-EAST,East,759,318,441,0.8466
2026-05-06,NOVA-ACC-01,DC-WEST,West,809,362,447,0.9369
2026-05-06,NOVA-ACC-02,DC-NORTH,North,497,144,353,0.9297
2026-05-06,NOVA-ACC-02,DC-SOUTH,South,498,187,311,0.8522
2026-05-06,NOVA-ACC-02,DC-EAST,East,503,212,291,0.9199
2026-05-06,NOVA-ACC-02,DC-WEST,West,483,200,283,0.9399
2026-05-07,NOVA-AUD-01,DC-NORTH,North,380,150,230,0.8478
2026-05-07,NOVA-AUD-01,DC-SOUTH,South,386,138,248,0.9293
2026-05-07,NOVA-AUD-01,DC-EAST,East,417,135,282,0.8711
2026-05-07,NOVA-AUD-01,DC-WEST,West,422,134,288,0.8779
2026-05-07,NOVA-AUD-02,DC-NORTH,North,491,154,337,0.8908
2026-05-07,NOVA-AUD-02,DC-SOUTH,South,556,243,313,0.906
2026-05-07,NOVA-AUD-02,DC-EAST,East,484,139,345,0.8575
2026-05-07,NOVA-AUD-02,DC-WEST,West,491,176,315,0.9468
2026-05-07,NOVA-MOB-01,DC-NORTH,North,232,75,157,0.9068
2026-05-07,NOVA-MOB-01,DC-SOUTH,South,222,62,160,0.922
2026-05-07,NOVA-MOB-01,DC-EAST,East,284,94,190,0.8853
2026-05-07,NOVA-MOB-01,DC-WEST,West,253,101,152,0.8868
2026-05-07,NOVA-MOB-02,DC-NORTH,North,279,103,176,0.9236
2026-05-07,NOVA-MOB-02,DC-SOUTH,South,280,77,203,0.8564
2026-05-07,NOVA-MOB-02,DC-EAST,East,331,119,212,0.9304
2026-05-07,NOVA-MOB-02,DC-WEST,West,266,66,200,0.9013
2026-05-07,NOVA-CPT-01,DC-NORTH,North,186,49,137,0.9217
2026-05-07,NOVA-CPT-01,DC-SOUTH,South,188,78,110,0.8823
2026-05-07,NOVA-CPT-01,DC-EAST,East,156,64,92,0.9187
2026-05-07,NOVA-CPT-01,DC-WEST,West,188,82,106,0.9274
2026-05-07,NOVA-CPT-02,DC-NORTH,North,184,49,135,0.905
2026-05-07,NOVA-CPT-02,DC-SOUTH,South,239,92,147,0.8774
2026-05-07,NOVA-CPT-02,DC-EAST,East,232,61,171,0.9081
2026-05-07,NOVA-CPT-02,DC-WEST,West,183,78,105,0.8747
2026-05-07,NOVA-WBL-01,DC-NORTH,North,296,94,202,0.8855
2026-05-07,NOVA-WBL-01,DC-SOUTH,South,277,93,184,0.8879
2026-05-07,NOVA-WBL-01,DC-EAST,East,286,112,174,0.8623
2026-05-07,NOVA-WBL-01,DC-WEST,West,254,86,168,0.8572
2026-05-07,NOVA-WBL-02,DC-NORTH,North,418,167,251,0.8507
2026-05-07,NOVA-WBL-02,DC-SOUTH,South,395,127,268,0.9509
2026-05-07,NOVA-WBL-02,DC-EAST,East,444,121,323,0.9518
2026-05-07,NOVA-WBL-02,DC-WEST,West,412,134,278,0.9518
2026-05-07,NOVA-ACC-01,DC-NORTH,North,841,331,510,0.8647
2026-05-07,NOVA-ACC-01,DC-SOUTH,South,884,229,655,0.8601
2026-05-07,NOVA-ACC-01,DC-EAST,East,722,206,516,0.8709
2026-05-07,NOVA-ACC-01,DC-WEST,West,876,235,641,0.9531
2026-05-07,NOVA-ACC-02,DC-NORTH,North,528,236,292,0.9175
2026-05-07,NOVA-ACC-02,DC-SOUTH,South,508,208,300,0.9493
2026-05-07,NOVA-ACC-02,DC-EAST,East,535,142,393,0.9107
2026-05-07,NOVA-ACC-02,DC-WEST,West,580,217,363,0.8633
2026-05-08,NOVA-AUD-01,DC-NORTH,North,340,89,251,0.8604
2026-05-08,NOVA-AUD-01,DC-SOUTH,South,449,126,323,0.9272
2026-05-08,NOVA-AUD-01,DC-EAST,East,334,136,198,0.9125
2026-05-08,NOVA-AUD-01,DC-WEST,West,413,120,293,0.852
2026-05-08,NOVA-AUD-02,DC-NORTH,North,535,179,356,0.8737
2026-05-08,NOVA-AUD-02,DC-SOUTH,South,423,186,237,0.9214
2026-05-08,NOVA-AUD-02,DC-EAST,East,433,175,258,0.8999
2026-05-08,NOVA-AUD-02,DC-WEST,West,528,205,323,0.9539
2026-05-08,NOVA-MOB-01,DC-NORTH,North,219,58,161,0.9122
2026-05-08,NOVA-MOB-01,DC-SOUTH,South,222,97,125,0.9287
2026-05-08,NOVA-MOB-01,DC-EAST,East,243,63,180,0.8818
2026-05-08,NOVA-MOB-01,DC-WEST,West,263,68,195,0.9092
2026-05-08,NOVA-MOB-02,DC-NORTH,North,338,145,193,0.9038
2026-05-08,NOVA-MOB-02,DC-SOUTH,South,298,95,203,0.8483
2026-05-08,NOVA-MOB-02,DC-EAST,East,312,115,197,0.8687
2026-05-08,NOVA-MOB-02,DC-WEST,West,325,93,232,0.8956
2026-05-08,NOVA-CPT-01,DC-NORTH,North,178,63,115,0.9352
2026-05-08,NOVA-CPT-01,DC-SOUTH,South,188,74,114,0.8469
2026-05-08,NOVA-CPT-01,DC-EAST,East,159,46,113,0.8792
2026-05-08,NOVA-CPT-01,DC-WEST,West,169,60,109,0.9463
2026-05-08,NOVA-CPT-02,DC-NORTH,North,209,93,116,0.9106
2026-05-08,NOVA-CPT-02,DC-SOUTH,South,224,75,149,0.896
2026-05-08,NOVA-CPT-02,DC-EAST,East,228,71,157,0.869
2026-05-08,NOVA-CPT-02,DC-WEST,West,200,73,127,0.8637
2026-05-08,NOVA-WBL-01,DC-NORTH,North,285,85,200,0.8715
2026-05-08,NOVA-WBL-01,DC-SOUTH,South,244,103,141,0.9293
2026-05-08,NOVA-WBL-01,DC-EAST,East,266,79,187,0.895
2026-05-08,NOVA-WBL-01,DC-WEST,West,286,110,176,0.9401
2026-05-08,NOVA-WBL-02,DC-NORTH,North,365,96,269,0.8497
2026-05-08,NOVA-WBL-02,DC-SOUTH,South,421,162,259,0.8963
2026-05-08,NOVA-WBL-02,DC-EAST,East,442,121,321,0.8631
2026-05-08,NOVA-WBL-02,DC-WEST,West,377,142,235,0.8748
2026-05-08,NOVA-ACC-01,DC-NORTH,North,717,261,456,0.8773
2026-05-08,NOVA-ACC-01,DC-SOUTH,South,759,311,448,0.932
2026-05-08,NOVA-ACC-01,DC-EAST,East,778,276,502,0.9308
2026-05-08,NOVA-ACC-01,DC-WEST,West,745,278,467,0.9402
2026-05-08,NOVA-ACC-02,DC-NORTH,North,528,234,294,0.8547
2026-05-08,NOVA-ACC-02,DC-SOUTH,South,520,142,378,0.8857
2026-05-08,NOVA-ACC-02,DC-EAST,East,499,198,301,0.856
2026-05-08,NOVA-ACC-02,DC-WEST,West,498,196,302,0.8978
2026-05-09,NOVA-AUD-01,DC-NORTH,North,359,146,213,0.8552
2026-05-09,NOVA-AUD-01,DC-SOUTH,South,360,128,232,0.8936
2026-05-09,NOVA-AUD-01,DC-EAST,East,425,162,263,0.8584
2026-05-09,NOVA-AUD-01,DC-WEST,West,423,123,300,0.9109
2026-05-09,NOVA-AUD-02,DC-NORTH,North,463,149,314,0.9458
2026-05-09,NOVA-AUD-02,DC-SOUTH,South,510,142,368,0.8822
2026-05-09,NOVA-AUD-02,DC-EAST,East,500,136,364,0.8685
2026-05-09,NOVA-AUD-02,DC-WEST,West,441,195,246,0.935
2026-05-09,NOVA-MOB-01,DC-NORTH,North,274,92,182,0.939
2026-05-09,NOVA-MOB-01,DC-SOUTH,South,230,100,130,0.95
2026-05-09,NOVA-MOB-01,DC-EAST,East,249,63,186,0.9381
2026-05-09,NOVA-MOB-01,DC-WEST,West,260,76,184,0.8892
2026-05-09,NOVA-MOB-02,DC-NORTH,North,298,77,221,0.8977
2026-05-09,NOVA-MOB-02,DC-SOUTH,South,351,154,197,0.9068
2026-05-09,NOVA-MOB-02,DC-EAST,East,337,90,247,0.9172
2026-05-09,NOVA-MOB-02,DC-WEST,West,320,140,180,0.9053
2026-05-09,NOVA-CPT-01,DC-NORTH,North,150,65,85,0.907
2026-05-09,NOVA-CPT-01,DC-SOUTH,South,147,61,86,0.8688
2026-05-09,NOVA-CPT-01,DC-EAST,East,189,59,130,0.8938
2026-05-09,NOVA-CPT-01,DC-WEST,West,174,54,120,0.915
2026-05-09,NOVA-CPT-02,DC-NORTH,North,198,49,149,0.85
2026-05-09,NOVA-CPT-02,DC-SOUTH,South,210,67,143,0.9199
2026-05-09,NOVA-CPT-02,DC-EAST,East,195,53,142,0.9507
2026-05-09,NOVA-CPT-02,DC-WEST,West,199,80,119,0.9145
2026-05-09,NOVA-WBL-01,DC-NORTH,North,251,86,165,0.9473
2026-05-09,NOVA-WBL-01,DC-SOUTH,South,301,130,171,0.9189
2026-05-09,NOVA-WBL-01,DC-EAST,East,311,88,223,0.8708
2026-05-09,NOVA-WBL-01,DC-WEST,West,280,76,204,0.9433
2026-05-09,NOVA-WBL-02,DC-NORTH,North,390,125,265,0.9398
2026-05-09,NOVA-WBL-02,DC-SOUTH,South,481,128,353,0.9374
2026-05-09,NOVA-WBL-02,DC-EAST,East,390,144,246,0.883
2026-05-09,NOVA-WBL-02,DC-WEST,West,438,115,323,0.874
2026-05-09,NOVA-ACC-01,DC-NORTH,North,827,247,580,0.8743
2026-05-09,NOVA-ACC-01,DC-SOUTH,South,729,230,499,0.8464
2026-05-09,NOVA-ACC-01,DC-EAST,East,683,190,493,0.8539
2026-05-09,NOVA-ACC-01,DC-WEST,West,797,308,489,0.9023
2026-05-09,NOVA-ACC-02,DC-NORTH,North,637,197,440,0.8568
2026-05-09,NOVA-ACC-02,DC-SOUTH,South,489,217,272,0.9496
2026-05-09,NOVA-ACC-02,DC-EAST,East,623,186,437,0.9058
2026-05-09,NOVA-ACC-02,DC-WEST,West,563,220,343,0.8486
2026-05-10,NOVA-AUD-01,DC-NORTH,North,399,111,288,0.9456
2026-05-10,NOVA-AUD-01,DC-SOUTH,South,351,90,261,0.9235
2026-05-10,NOVA-AUD-01,DC-EAST,East,441,187,254,0.9334
2026-05-10,NOVA-AUD-01,DC-WEST,West,383,165,218,0.9099
2026-05-10,NOVA-AUD-02,DC-NORTH,North,423,173,250,0.9343
2026-05-10,NOVA-AUD-02,DC-SOUTH,South,475,169,306,0.9212
2026-05-10,NOVA-AUD-02,DC-EAST,East,439,124,315,0.9224
2026-05-10,NOVA-AUD-02,DC-WEST,West,482,126,356,0.9465
2026-05-10,NOVA-MOB-01,DC-NORTH,North,264,97,167,0.9528
2026-05-10,NOVA-MOB-01,DC-SOUTH,South,250,73,177,0.9206
2026-05-10,NOVA-MOB-01,DC-EAST,East,236,90,146,0.866
2026-05-10,NOVA-MOB-01,DC-WEST,West,264,97,167,0.9099
2026-05-10,NOVA-MOB-02,DC-NORTH,North,329,91,238,0.8695
2026-05-10,NOVA-MOB-02,DC-SOUTH,South,292,84,208,0.8588
2026-05-10,NOVA-MOB-02,DC-EAST,East,293,88,205,0.9536
2026-05-10,NOVA-MOB-02,DC-WEST,West,301,90,211,0.8924
2026-05-10,NOVA-CPT-01,DC-NORTH,North,154,40,114,0.8974
2026-05-10,NOVA-CPT-01,DC-SOUTH,South,159,53,106,0.8774
2026-05-10,NOVA-CPT-01,DC-EAST,East,153,40,113,0.9016
2026-05-10,NOVA-CPT-01,DC-WEST,West,152,40,112,0.9245
2026-05-10,NOVA-CPT-02,DC-NORTH,North,235,74,161,0.9492
2026-05-10,NOVA-CPT-02,DC-SOUTH,South,222,63,159,0.9421
2026-05-10,NOVA-CPT-02,DC-EAST,East,200,62,138,0.8705
2026-05-10,NOVA-CPT-02,DC-WEST,West,184,75,109,0.9472
2026-05-10,NOVA-WBL-01,DC-NORTH,North,299,128,171,0.9301
2026-05-10,NOVA-WBL-01,DC-SOUTH,South,284,89,195,0.9352
2026-05-10,NOVA-WBL-01,DC-EAST,East,264,74,190,0.935
2026-05-10,NOVA-WBL-01,DC-WEST,West,288,117,171,0.8475
2026-05-10,NOVA-WBL-02,DC-NORTH,North,478,197,281,0.9245
2026-05-10,NOVA-WBL-02,DC-SOUTH,South,363,102,261,0.9524
2026-05-10,NOVA-WBL-02,DC-EAST,East,420,170,250,0.9083
2026-05-10,NOVA-WBL-02,DC-WEST,West,478,174,304,0.9317
2026-05-10,NOVA-ACC-01,DC-NORTH,North,845,318,527,0.9064
2026-05-10,NOVA-ACC-01,DC-SOUTH,South,818,270,548,0.8879
2026-05-10,NOVA-ACC-01,DC-EAST,East,788,199,589,0.8494
2026-05-10,NOVA-ACC-01,DC-WEST,West,800,254,546,0.929
2026-05-10,NOVA-ACC-02,DC-NORTH,North,625,178,447,0.8832
2026-05-10,NOVA-ACC-02,DC-SOUTH,South,636,252,384,0.8495
2026-05-10,NOVA-ACC-02,DC-EAST,East,505,147,358,0.9535
2026-05-10,NOVA-ACC-02,DC-WEST,West,493,148,345,0.9482
2026-05-11,NOVA-AUD-01,DC-NORTH,North,344,143,201,0.9467
2026-05-11,NOVA-AUD-01,DC-SOUTH,South,360,122,238,0.8957
2026-05-11,NOVA-AUD-01,DC-EAST,East,352,152,200,0.9222
2026-05-11,NOVA-AUD-01,DC-WEST,West,438,113,325,0.9517
2026-05-11,NOVA-AUD-02,DC-NORTH,North,546,206,340,0.8838
2026-05-11,NOVA-AUD-02,DC-SOUTH,South,443,165,278,0.9328
2026-05-11,NOVA-AUD-02,DC-EAST,East,417,183,234,0.9076
2026-05-11,NOVA-AUD-02,DC-WEST,West,562,208,354,0.8938
2026-05-11,NOVA-MOB-01,DC-NORTH,North,269,94,175,0.855
2026-05-11,NOVA-MOB-01,DC-SOUTH,South,284,99,185,0.9093
2026-05-11,NOVA-MOB-01,DC-EAST,East,285,115,170,0.8487
2026-05-11,NOVA-MOB-01,DC-WEST,West,241,73,168,0.9413
2026-05-11,NOVA-MOB-02,DC-NORTH,North,289,116,173,0.9025
2026-05-11,NOVA-MOB-02,DC-SOUTH,South,320,99,221,0.9289
2026-05-11,NOVA-MOB-02,DC-EAST,East,307,83,224,0.8467
2026-05-11,NOVA-MOB-02,DC-WEST,West,309,124,185,0.9306
2026-05-11,NOVA-CPT-01,DC-NORTH,North,166,68,98,0.928
2026-05-11,NOVA-CPT-01,DC-SOUTH,South,185,49,136,0.9214
2026-05-11,NOVA-CPT-01,DC-EAST,East,162,59,103,0.8633
2026-05-11,NOVA-CPT-01,DC-WEST,West,172,75,97,0.8675
2026-05-11,NOVA-CPT-02,DC-NORTH,North,218,79,139,0.9139
2026-05-11,NOVA-CPT-02,DC-SOUTH,South,203,72,131,0.9188
2026-05-11,NOVA-CPT-02,DC-EAST,East,197,68,129,0.8896
2026-05-11,NOVA-CPT-02,DC-WEST,West,193,48,145,0.9133
2026-05-11,NOVA-WBL-01,DC-NORTH,North,320,117,203,0.8969
2026-05-11,NOVA-WBL-01,DC-SOUTH,South,291,78,213,0.8571
2026-05-11,NOVA-WBL-01,DC-EAST,East,264,118,146,0.9083
2026-05-11,NOVA-WBL-01,DC-WEST,West,302,129,173,0.8786
2026-05-11,NOVA-WBL-02,DC-NORTH,North,415,182,233,0.887
2026-05-11,NOVA-WBL-02,DC-SOUTH,South,460,157,303,0.8571
2026-05-11,NOVA-WBL-02,DC-EAST,East,399,161,238,0.8762
2026-05-11,NOVA-WBL-02,DC-WEST,West,408,132,276,0.95
2026-05-11,NOVA-ACC-01,DC-NORTH,North,782,324,458,0.8682
2026-05-11,NOVA-ACC-01,DC-SOUTH,South,756,246,510,0.8715
2026-05-11,NOVA-ACC-01,DC-EAST,East,670,299,371,0.8583
2026-05-11,NOVA-ACC-01,DC-WEST,West,875,359,516,0.8859
2026-05-11,NOVA-ACC-02,DC-NORTH,North,612,274,338,0.8609
2026-05-11,NOVA-ACC-02,DC-SOUTH,South,487,169,318,0.8925
2026-05-11,NOVA-ACC-02,DC-EAST,East,558,194,364,0.8637
2026-05-11,NOVA-ACC-02,DC-WEST,West,544,162,382,0.9251
2026-05-12,NOVA-AUD-01,DC-NORTH,North,357,112,245,0.8471
2026-05-12,NOVA-AUD-01,DC-SOUTH,South,433,110,323,0.9171
2026-05-12,NOVA-AUD-01,DC-EAST,East,427,154,273,0.8679
2026-05-12,NOVA-AUD-01,DC-WEST,West,346,105,241,0.918
2026-05-12,NOVA-AUD-02,DC-NORTH,North,426,113,313,0.8552
2026-05-12,NOVA-AUD-02,DC-SOUTH,South,525,136,389,0.8548
2026-05-12,NOVA-AUD-02,DC-EAST,East,483,150,333,0.8739
2026-05-12,NOVA-AUD-02,DC-WEST,West,498,223,275,0.9201
2026-05-12,NOVA-MOB-01,DC-NORTH,North,257,69,188,0.9095
2026-05-12,NOVA-MOB-01,DC-SOUTH,South,275,117,158,0.8664
2026-05-12,NOVA-MOB-01,DC-EAST,East,252,72,180,0.8533
2026-05-12,NOVA-MOB-01,DC-WEST,West,233,95,138,0.9042
2026-05-12,NOVA-MOB-02,DC-NORTH,North,286,116,170,0.9269
2026-05-12,NOVA-MOB-02,DC-SOUTH,South,308,78,230,0.8998
2026-05-12,NOVA-MOB-02,DC-EAST,East,315,107,208,0.9155
2026-05-12,NOVA-MOB-02,DC-WEST,West,295,89,206,0.8669
2026-05-12,NOVA-CPT-01,DC-NORTH,North,177,50,127,0.8756
2026-05-12,NOVA-CPT-01,DC-SOUTH,South,176,67,109,0.8526
2026-05-12,NOVA-CPT-01,DC-EAST,East,151,56,95,0.8577
2026-05-12,NOVA-CPT-01,DC-WEST,West,158,64,94,0.8776
2026-05-12,NOVA-CPT-02,DC-NORTH,North,204,75,129,0.8602
2026-05-12,NOVA-CPT-02,DC-SOUTH,South,232,80,152,0.9215
2026-05-12,NOVA-CPT-02,DC-EAST,East,214,59,155,0.9306
2026-05-12,NOVA-CPT-02,DC-WEST,West,227,88,139,0.9238
2026-05-12,NOVA-WBL-01,DC-NORTH,North,281,94,187,0.8488
2026-05-12,NOVA-WBL-01,DC-SOUTH,South,311,136,175,0.872
2026-05-12,NOVA-WBL-01,DC-EAST,East,307,95,212,0.9252
2026-05-12,NOVA-WBL-01,DC-WEST,West,267,97,170,0.9482
2026-05-12,NOVA-WBL-02,DC-NORTH,North,467,121,346,0.8646
2026-05-12,NOVA-WBL-02,DC-SOUTH,South,469,119,350,0.8677
2026-05-12,NOVA-WBL-02,DC-EAST,East,421,189,232,0.8881
2026-05-12,NOVA-WBL-02,DC-WEST,West,464,162,302,0.9493
2026-05-12,NOVA-ACC-01,DC-NORTH,North,783,239,544,0.9468
2026-05-12,NOVA-ACC-01,DC-SOUTH,South,689,243,446,0.8913
2026-05-12,NOVA-ACC-01,DC-EAST,East,684,222,462,0.9507
2026-05-12,NOVA-ACC-01,DC-WEST,West,820,250,570,0.9429
2026-05-12,NOVA-ACC-02,DC-NORTH,North,494,209,285,0.9412
2026-05-12,NOVA-ACC-02,DC-SOUTH,South,611,208,403,0.852
2026-05-12,NOVA-ACC-02,DC-EAST,East,524,165,359,0.8834
2026-05-12,NOVA-ACC-02,DC-WEST,West,626,235,391,0.864
2026-05-13,NOVA-AUD-01,DC-NORTH,North,438,111,327,0.928
2026-05-13,NOVA-AUD-01,DC-SOUTH,South,335,119,216,0.9323
2026-05-13,NOVA-AUD-01,DC-EAST,East,348,134,214,0.8618
2026-05-13,NOVA-AUD-01,DC-WEST,West,445,112,333,0.9196
2026-05-13,NOVA-AUD-02,DC-NORTH,North,441,151,290,0.8469
2026-05-13,NOVA-AUD-02,DC-SOUTH,South,510,202,308,0.9056
2026-05-13,NOVA-AUD-02,DC-EAST,East,508,169,339,0.9142
2026-05-13,NOVA-AUD-02,DC-WEST,West,446,165,281,0.8621
2026-05-13,NOVA-MOB-01,DC-NORTH,North,286,78,208,0.9015
2026-05-13,NOVA-MOB-01,DC-SOUTH,South,222,83,139,0.8681
2026-05-13,NOVA-MOB-01,DC-EAST,East,286,118,168,0.9345
2026-05-13,NOVA-MOB-01,DC-WEST,West,272,117,155,0.9234
2026-05-13,NOVA-MOB-02,DC-NORTH,North,275,77,198,0.8615
2026-05-13,NOVA-MOB-02,DC-SOUTH,South,289,80,209,0.8537
2026-05-13,NOVA-MOB-02,DC-EAST,East,332,109,223,0.8523
2026-05-13,NOVA-MOB-02,DC-WEST,West,281,99,182,0.9156
2026-05-13,NOVA-CPT-01,DC-NORTH,North,146,58,88,0.9091
2026-05-13,NOVA-CPT-01,DC-SOUTH,South,172,61,111,0.9183
2026-05-13,NOVA-CPT-01,DC-EAST,East,192,54,138,0.9201
2026-05-13,NOVA-CPT-01,DC-WEST,West,152,43,109,0.9475
2026-05-13,NOVA-CPT-02,DC-NORTH,North,197,78,119,0.9525
2026-05-13,NOVA-CPT-02,DC-SOUTH,South,186,68,118,0.894
2026-05-13,NOVA-CPT-02,DC-EAST,East,181,70,111,0.9287
2026-05-13,NOVA-CPT-02,DC-WEST,West,203,56,147,0.9449
2026-05-13,NOVA-WBL-01,DC-NORTH,North,247,93,154,0.8942
2026-05-13,NOVA-WBL-01,DC-SOUTH,South,301,94,207,0.9481
2026-05-13,NOVA-WBL-01,DC-EAST,East,309,82,227,0.8741
2026-05-13,NOVA-WBL-01,DC-WEST,West,293,121,172,0.8738
2026-05-13,NOVA-WBL-02,DC-NORTH,North,373,128,245,0.9232
2026-05-13,NOVA-WBL-02,DC-SOUTH,South,467,209,258,0.9441
2026-05-13,NOVA-WBL-02,DC-EAST,East,472,178,294,0.953
2026-05-13,NOVA-WBL-02,DC-WEST,West,458,185,273,0.8639
2026-05-13,NOVA-ACC-01,DC-NORTH,North,694,221,473,0.9198
2026-05-13,NOVA-ACC-01,DC-SOUTH,South,759,194,565,0.8991
2026-05-13,NOVA-ACC-01,DC-EAST,East,773,317,456,0.916
2026-05-13,NOVA-ACC-01,DC-WEST,West,775,315,460,0.8933
2026-05-13,NOVA-ACC-02,DC-NORTH,North,521,153,368,0.9253
2026-05-13,NOVA-ACC-02,DC-SOUTH,South,602,257,345,0.9529
2026-05-13,NOVA-ACC-02,DC-EAST,East,543,136,407,0.916
2026-05-13,NOVA-ACC-02,DC-WEST,West,568,142,426,0.9487
2026-05-14,NOVA-AUD-01,DC-NORTH,North,390,171,219,0.9266
2026-05-14,NOVA-AUD-01,DC-SOUTH,South,378,151,227,0.9491
2026-05-14,NOVA-AUD-01,DC-EAST,East,375,132,243,0.9437
2026-05-14,NOVA-AUD-01,DC-WEST,West,445,175,270,0.9445
2026-05-14,NOVA-AUD-02,DC-NORTH,North,463,193,270,0.8704
2026-05-14,NOVA-AUD-02,DC-SOUTH,South,465,136,329,0.8689
2026-05-14,NOVA-AUD-02,DC-EAST,East,529,194,335,0.85
2026-05-14,NOVA-AUD-02,DC-WEST,West,452,178,274,0.9531
2026-05-14,NOVA-MOB-01,DC-NORTH,North,258,114,144,0.9304
2026-05-14,NOVA-MOB-01,DC-SOUTH,South,218,73,145,0.925
2026-05-14,NOVA-MOB-01,DC-EAST,East,265,90,175,0.9283
2026-05-14,NOVA-MOB-01,DC-WEST,West,286,81,205,0.9474
2026-05-14,NOVA-MOB-02,DC-NORTH,North,343,93,250,0.9263
2026-05-14,NOVA-MOB-02,DC-SOUTH,South,345,118,227,0.9143
2026-05-14,NOVA-MOB-02,DC-EAST,East,276,98,178,0.941
2026-05-14,NOVA-MOB-02,DC-WEST,West,335,107,228,0.8633
2026-05-14,NOVA-CPT-01,DC-NORTH,North,175,70,105,0.8814
2026-05-14,NOVA-CPT-01,DC-SOUTH,South,148,50,98,0.8725
2026-05-14,NOVA-CPT-01,DC-EAST,East,191,53,138,0.8545
2026-05-14,NOVA-CPT-01,DC-WEST,West,185,71,114,0.9478
2026-05-14,NOVA-CPT-02,DC-NORTH,North,182,61,121,0.9149
2026-05-14,NOVA-CPT-02,DC-SOUTH,South,199,65,134,0.8956
2026-05-14,NOVA-CPT-02,DC-EAST,East,197,59,138,0.8581
2026-05-14,NOVA-CPT-02,DC-WEST,West,234,79,155,0.8788
2026-05-14,NOVA-WBL-01,DC-NORTH,North,262,101,161,0.9313
2026-05-14,NOVA-WBL-01,DC-SOUTH,South,304,110,194,0.8506
2026-05-14,NOVA-WBL-01,DC-EAST,East,297,130,167,0.9217
2026-05-14,NOVA-WBL-01,DC-WEST,West,279,97,182,0.9428
2026-05-14,NOVA-WBL-02,DC-NORTH,North,450,158,292,0.8714
2026-05-14,NOVA-WBL-02,DC-SOUTH,South,459,204,255,0.9523
2026-05-14,NOVA-WBL-02,DC-EAST,East,429,118,311,0.9188
2026-05-14,NOVA-WBL-02,DC-WEST,West,449,200,249,0.847
2026-05-14,NOVA-ACC-01,DC-NORTH,North,704,218,486,0.943
2026-05-14,NOVA-ACC-01,DC-SOUTH,South,765,340,425,0.9302
2026-05-14,NOVA-ACC-01,DC-EAST,East,817,333,484,0.848
2026-05-14,NOVA-ACC-01,DC-WEST,West,841,314,527,0.867
2026-05-14,NOVA-ACC-02,DC-NORTH,North,606,179,427,0.9479
2026-05-14,NOVA-ACC-02,DC-SOUTH,South,633,182,451,0.8859
2026-05-14,NOVA-ACC-02,DC-EAST,East,510,211,299,0.8729
2026-05-14,NOVA-ACC-02,DC-WEST,West,599,162,437,0.9466
2026-05-15,NOVA-AUD-01,DC-NORTH,North,400,163,237,0.8491
2026-05-15,NOVA-AUD-01,DC-SOUTH,South,424,152,272,0.9016
2026-05-15,NOVA-AUD-01,DC-EAST,East,434,187,247,0.9049
2026-05-15,NOVA-AUD-01,DC-WEST,West,423,151,272,0.9218
2026-05-15,NOVA-AUD-02,DC-NORTH,North,499,223,276,0.8959
2026-05-15,NOVA-AUD-02,DC-SOUTH,South,436,124,312,0.909
2026-05-15,NOVA-AUD-02,DC-EAST,East,545,188,357,0.8502
2026-05-15,NOVA-AUD-02,DC-WEST,West,503,217,286,0.8714
2026-05-15,NOVA-MOB-01,DC-NORTH,North,274,104,170,0.9371
2026-05-15,NOVA-MOB-01,DC-SOUTH,South,244,103,141,0.8562
2026-05-15,NOVA-MOB-01,DC-EAST,East,217,61,156,0.8759
2026-05-15,NOVA-MOB-01,DC-WEST,West,246,84,162,0.8908
2026-05-15,NOVA-MOB-02,DC-NORTH,North,279,71,208,0.87
2026-05-15,NOVA-MOB-02,DC-SOUTH,South,267,87,180,0.8533
2026-05-15,NOVA-MOB-02,DC-EAST,East,314,94,220,0.8884
2026-05-15,NOVA-MOB-02,DC-WEST,West,265,100,165,0.9214
2026-05-15,NOVA-CPT-01,DC-NORTH,North,190,75,115,0.9374
2026-05-15,NOVA-CPT-01,DC-SOUTH,South,184,56,128,0.8756
2026-05-15,NOVA-CPT-01,DC-EAST,East,146,52,94,0.8548
2026-05-15,NOVA-CPT-01,DC-WEST,West,148,44,104,0.864
2026-05-15,NOVA-CPT-02,DC-NORTH,North,227,64,163,0.8821
2026-05-15,NOVA-CPT-02,DC-SOUTH,South,207,52,155,0.8571
2026-05-15,NOVA-CPT-02,DC-EAST,East,210,54,156,0.8994
2026-05-15,NOVA-CPT-02,DC-WEST,West,199,61,138,0.9383
2026-05-15,NOVA-WBL-01,DC-NORTH,North,239,67,172,0.925
2026-05-15,NOVA-WBL-01,DC-SOUTH,South,315,136,179,0.8654
2026-05-15,NOVA-WBL-01,DC-EAST,East,296,123,173,0.8631
2026-05-15,NOVA-WBL-01,DC-WEST,West,295,123,172,0.8641
2026-05-15,NOVA-WBL-02,DC-NORTH,North,455,180,275,0.9468
2026-05-15,NOVA-WBL-02,DC-SOUTH,South,441,131,310,0.9395
2026-05-15,NOVA-WBL-02,DC-EAST,East,445,130,315,0.8533
2026-05-15,NOVA-WBL-02,DC-WEST,West,405,178,227,0.8713
2026-05-15,NOVA-ACC-01,DC-NORTH,North,691,236,455,0.9278
2026-05-15,NOVA-ACC-01,DC-SOUTH,South,838,283,555,0.8962
2026-05-15,NOVA-ACC-01,DC-EAST,East,762,290,472,0.901
2026-05-15,NOVA-ACC-01,DC-WEST,West,718,183,535,0.8664
2026-05-15,NOVA-ACC-02,DC-NORTH,North,631,277,354,0.9452
2026-05-15,NOVA-ACC-02,DC-SOUTH,South,531,229,302,0.8769
2026-05-15,NOVA-ACC-02,DC-EAST,East,603,158,445,0.8871
2026-05-15,NOVA-ACC-02,DC-WEST,West,566,170,396,0.9158
2026-05-16,NOVA-AUD-01,DC-NORTH,North,445,180,265,0.9103
2026-05-16,NOVA-AUD-01,DC-SOUTH,South,390,130,260,0.8774
2026-05-16,NOVA-AUD-01,DC-EAST,East,448,182,266,0.9123
2026-05-16,NOVA-AUD-01,DC-WEST,West,399,160,239,0.8979
2026-05-16,NOVA-AUD-02,DC-NORTH,North,444,179,265,0.8812
2026-05-16,NOVA-AUD-02,DC-SOUTH,South,527,194,333,0.9447
2026-05-16,NOVA-AUD-02,DC-EAST,East,561,242,319,0.8552
2026-05-16,NOVA-AUD-02,DC-WEST,West,418,107,311,0.9378
2026-05-16,NOVA-MOB-01,DC-NORTH,North,249,74,175,0.9407
2026-05-16,NOVA-MOB-01,DC-SOUTH,South,289,102,187,0.9519
2026-05-16,NOVA-MOB-01,DC-EAST,East,269,78,191,0.9151
2026-05-16,NOVA-MOB-01,DC-WEST,West,219,78,141,0.9193
2026-05-16,NOVA-MOB-02,DC-NORTH,North,266,114,152,0.8661
2026-05-16,NOVA-MOB-02,DC-SOUTH,South,267,94,173,0.9134
2026-05-16,NOVA-MOB-02,DC-EAST,East,283,108,175,0.8634
2026-05-16,NOVA-MOB-02,DC-WEST,West,351,105,246,0.8774
2026-05-16,NOVA-CPT-01,DC-NORTH,North,161,61,100,0.8838
2026-05-16,NOVA-CPT-01,DC-SOUTH,South,191,77,114,0.9445
2026-05-16,NOVA-CPT-01,DC-EAST,East,190,64,126,0.9447
2026-05-16,NOVA-CPT-01,DC-WEST,West,178,74,104,0.8773
2026-05-16,NOVA-CPT-02,DC-NORTH,North,228,94,134,0.9247
2026-05-16,NOVA-CPT-02,DC-SOUTH,South,207,85,122,0.8952
2026-05-16,NOVA-CPT-02,DC-EAST,East,179,77,102,0.9063
2026-05-16,NOVA-CPT-02,DC-WEST,West,206,83,123,0.9265
2026-05-16,NOVA-WBL-01,DC-NORTH,North,248,62,186,0.9294
2026-05-16,NOVA-WBL-01,DC-SOUTH,South,248,85,163,0.9118
2026-05-16,NOVA-WBL-01,DC-EAST,East,282,79,203,0.8949
2026-05-16,NOVA-WBL-01,DC-WEST,West,245,88,157,0.8803
2026-05-16,NOVA-WBL-02,DC-NORTH,North,447,188,259,0.9367
2026-05-16,NOVA-WBL-02,DC-SOUTH,South,382,97,285,0.8992
2026-05-16,NOVA-WBL-02,DC-EAST,East,465,162,303,0.8491
2026-05-16,NOVA-WBL-02,DC-WEST,West,365,127,238,0.8543
2026-05-16,NOVA-ACC-01,DC-NORTH,North,873,382,491,0.943
2026-05-16,NOVA-ACC-01,DC-SOUTH,South,704,288,416,0.9501
2026-05-16,NOVA-ACC-01,DC-EAST,East,836,227,609,0.8929
2026-05-16,NOVA-ACC-01,DC-WEST,West,671,190,481,0.9436
2026-05-16,NOVA-ACC-02,DC-NORTH,North,504,197,307,0.9276
2026-05-16,NOVA-ACC-02,DC-SOUTH,South,599,222,377,0.8667
2026-05-16,NOVA-ACC-02,DC-EAST,East,546,223,323,0.9295
2026-05-16,NOVA-ACC-02,DC-WEST,West,621,191,430,0.8986
2026-05-17,NOVA-AUD-01,DC-NORTH,North,354,126,228,0.9414
2026-05-17,NOVA-AUD-01,DC-SOUTH,South,392,100,292,0.9426
2026-05-17,NOVA-AUD-01,DC-EAST,East,435,139,296,0.9213
2026-05-17,NOVA-AUD-01,DC-WEST,West,340,103,237,0.8661
2026-05-17,NOVA-AUD-02,DC-NORTH,North,499,131,368,0.8629
2026-05-17,NOVA-AUD-02,DC-SOUTH,South,528,144,384,0.8775
2026-05-17,NOVA-AUD-02,DC-EAST,East,550,181,369,0.8912
2026-05-17,NOVA-AUD-02,DC-WEST,West,550,210,340,0.9014
2026-05-17,NOVA-MOB-01,DC-NORTH,North,216,95,121,0.8989
2026-05-17,NOVA-MOB-01,DC-SOUTH,South,259,78,181,0.9124
2026-05-17,NOVA-MOB-01,DC-EAST,East,230,103,127,0.8838
2026-05-17,NOVA-MOB-01,DC-WEST,West,230,76,154,0.9422
2026-05-17,NOVA-MOB-02,DC-NORTH,North,311,127,184,0.9033
2026-05-17,NOVA-MOB-02,DC-SOUTH,South,289,109,180,0.923
2026-05-17,NOVA-MOB-02,DC-EAST,East,329,114,215,0.9124
2026-05-17,NOVA-MOB-02,DC-WEST,West,354,95,259,0.8774
2026-05-17,NOVA-CPT-01,DC-NORTH,North,159,59,100,0.8463
2026-05-17,NOVA-CPT-01,DC-SOUTH,South,179,54,125,0.9131
2026-05-17,NOVA-CPT-01,DC-EAST,East,164,49,115,0.9014
2026-05-17,NOVA-CPT-01,DC-WEST,West,147,53,94,0.8502
2026-05-17,NOVA-CPT-02,DC-NORTH,North,237,84,153,0.9274
2026-05-17,NOVA-CPT-02,DC-SOUTH,South,200,82,118,0.9089
2026-05-17,NOVA-CPT-02,DC-EAST,East,191,57,134,0.9471
2026-05-17,NOVA-CPT-02,DC-WEST,West,184,76,108,0.8853
2026-05-17,NOVA-WBL-01,DC-NORTH,North,252,85,167,0.9339
2026-05-17,NOVA-WBL-01,DC-SOUTH,South,289,99,190,0.861
2026-05-17,NOVA-WBL-01,DC-EAST,East,319,101,218,0.9308
2026-05-17,NOVA-WBL-01,DC-WEST,West,293,92,201,0.8599
2026-05-17,NOVA-WBL-02,DC-NORTH,North,379,141,238,0.9426
2026-05-17,NOVA-WBL-02,DC-SOUTH,South,459,175,284,0.9417
2026-05-17,NOVA-WBL-02,DC-EAST,East,380,131,249,0.8863
2026-05-17,NOVA-WBL-02,DC-WEST,West,467,180,287,0.9076
2026-05-17,NOVA-ACC-01,DC-NORTH,North,738,230,508,0.8473
2026-05-17,NOVA-ACC-01,DC-SOUTH,South,811,276,535,0.8803
2026-05-17,NOVA-ACC-01,DC-EAST,East,685,205,480,0.8922
2026-05-17,NOVA-ACC-01,DC-WEST,West,877,245,632,0.9128
2026-05-17,NOVA-ACC-02,DC-NORTH,North,550,190,360,0.8667
2026-05-17,NOVA-ACC-02,DC-SOUTH,South,477,161,316,0.9425
2026-05-17,NOVA-ACC-02,DC-EAST,East,544,195,349,0.8893
2026-05-17,NOVA-ACC-02,DC-WEST,West,506,202,304,0.9131
2026-05-18,NOVA-AUD-01,DC-NORTH,North,368,136,232,0.9085
2026-05-18,NOVA-AUD-01,DC-SOUTH,South,433,111,322,0.8685
2026-05-18,NOVA-AUD-01,DC-EAST,East,417,118,299,0.95
2026-05-18,NOVA-AUD-01,DC-WEST,West,346,113,233,0.9035
2026-05-18,NOVA-AUD-02,DC-NORTH,North,448,118,330,0.9145
2026-05-18,NOVA-AUD-02,DC-SOUTH,South,529,164,365,0.8487
2026-05-18,NOVA-AUD-02,DC-EAST,East,522,192,330,0.9446
2026-05-18,NOVA-AUD-02,DC-WEST,West,506,165,341,0.8481
2026-05-18,NOVA-MOB-01,DC-NORTH,North,276,110,166,0.8763
2026-05-18,NOVA-MOB-01,DC-SOUTH,South,236,105,131,0.8753
2026-05-18,NOVA-MOB-01,DC-EAST,East,227,62,165,0.8702
2026-05-18,NOVA-MOB-01,DC-WEST,West,238,78,160,0.9226
2026-05-18,NOVA-MOB-02,DC-NORTH,North,274,101,173,0.9514
2026-05-18,NOVA-MOB-02,DC-SOUTH,South,345,91,254,0.8987
2026-05-18,NOVA-MOB-02,DC-EAST,East,289,126,163,0.9012
2026-05-18,NOVA-MOB-02,DC-WEST,West,299,99,200,0.8722
2026-05-18,NOVA-CPT-01,DC-NORTH,North,170,44,126,0.9042
2026-05-18,NOVA-CPT-01,DC-SOUTH,South,162,41,121,0.8466
2026-05-18,NOVA-CPT-01,DC-EAST,East,190,79,111,0.8707
2026-05-18,NOVA-CPT-01,DC-WEST,West,176,47,129,0.8865
2026-05-18,NOVA-CPT-02,DC-NORTH,North,190,64,126,0.8916
2026-05-18,NOVA-CPT-02,DC-SOUTH,South,233,99,134,0.8496
2026-05-18,NOVA-CPT-02,DC-EAST,East,220,66,154,0.8889
2026-05-18,NOVA-CPT-02,DC-WEST,West,236,62,174,0.9415
2026-05-18,NOVA-WBL-01,DC-NORTH,North,275,101,174,0.8889
2026-05-18,NOVA-WBL-01,DC-SOUTH,South,302,100,202,0.8514
2026-05-18,NOVA-WBL-01,DC-EAST,East,282,104,178,0.8985
2026-05-18,NOVA-WBL-01,DC-WEST,West,321,112,209,0.8806
2026-05-18,NOVA-WBL-02,DC-NORTH,North,468,172,296,0.918
2026-05-18,NOVA-WBL-02,DC-SOUTH,South,482,210,272,0.9366
2026-05-18,NOVA-WBL-02,DC-EAST,East,410,136,274,0.9146
2026-05-18,NOVA-WBL-02,DC-WEST,West,435,137,298,0.8573
2026-05-18,NOVA-ACC-01,DC-NORTH,North,781,312,469,0.9008
2026-05-18,NOVA-ACC-01,DC-SOUTH,South,757,286,471,0.9222
2026-05-18,NOVA-ACC-01,DC-EAST,East,699,200,499,0.8973
2026-05-18,NOVA-ACC-01,DC-WEST,West,759,266,493,0.8809
2026-05-18,NOVA-ACC-02,DC-NORTH,North,529,162,367,0.8975
2026-05-18,NOVA-ACC-02,DC-SOUTH,South,590,150,440,0.8503
2026-05-18,NOVA-ACC-02,DC-EAST,East,605,247,358,0.9257
2026-05-18,NOVA-ACC-02,DC-WEST,West,568,199,369,0.8666
2026-05-19,NOVA-AUD-01,DC-NORTH,North,396,128,268,0.8907
2026-05-19,NOVA-AUD-01,DC-SOUTH,South,421,165,256,0.9463
2026-05-19,NOVA-AUD-01,DC-EAST,East,433,169,264,0.8793
2026-05-19,NOVA-AUD-01,DC-WEST,West,447,118,329,0.935
2026-05-19,NOVA-AUD-02,DC-NORTH,North,479,134,345,0.895
2026-05-19,NOVA-AUD-02,DC-SOUTH,South,550,239,311,0.8832
2026-05-19,NOVA-AUD-02,DC-EAST,East,555,181,374,0.8881
2026-05-19,NOVA-AUD-02,DC-WEST,West,546,204,342,0.9041
2026-05-19,NOVA-MOB-01,DC-NORTH,North,255,105,150,0.8596
2026-05-19,NOVA-MOB-01,DC-SOUTH,South,288,105,183,0.8489
2026-05-19,NOVA-MOB-01,DC-EAST,East,256,77,179,0.8717
2026-05-19,NOVA-MOB-01,DC-WEST,West,221,87,134,0.9292
2026-05-19,NOVA-MOB-02,DC-NORTH,North,347,151,196,0.8502
2026-05-19,NOVA-MOB-02,DC-SOUTH,South,351,115,236,0.8794
2026-05-19,NOVA-MOB-02,DC-EAST,East,333,140,193,0.8718
2026-05-19,NOVA-MOB-02,DC-WEST,West,292,113,179,0.9042
2026-05-19,NOVA-CPT-01,DC-NORTH,North,168,48,120,0.9326
2026-05-19,NOVA-CPT-01,DC-SOUTH,South,154,41,113,0.9088
2026-05-19,NOVA-CPT-01,DC-EAST,East,175,56,119,0.8768
2026-05-19,NOVA-CPT-01,DC-WEST,West,159,58,101,0.8638
2026-05-19,NOVA-CPT-02,DC-NORTH,North,228,100,128,0.8648
2026-05-19,NOVA-CPT-02,DC-SOUTH,South,179,78,101,0.8885
2026-05-19,NOVA-CPT-02,DC-EAST,East,205,59,146,0.9
2026-05-19,NOVA-CPT-02,DC-WEST,West,206,80,126,0.8555
2026-05-19,NOVA-WBL-01,DC-NORTH,North,285,72,213,0.9372
2026-05-19,NOVA-WBL-01,DC-SOUTH,South,316,79,237,0.8481
2026-05-19,NOVA-WBL-01,DC-EAST,East,313,125,188,0.8891
2026-05-19,NOVA-WBL-01,DC-WEST,West,309,106,203,0.8474
2026-05-19,NOVA-WBL-02,DC-NORTH,North,447,185,262,0.932
2026-05-19,NOVA-WBL-02,DC-SOUTH,South,395,148,247,0.922
2026-05-19,NOVA-WBL-02,DC-EAST,East,469,153,316,0.9512
2026-05-19,NOVA-WBL-02,DC-WEST,West,477,185,292,0.93
2026-05-19,NOVA-ACC-01,DC-NORTH,North,734,205,529,0.9251
2026-05-19,NOVA-ACC-01,DC-SOUTH,South,830,362,468,0.8635
2026-05-19,NOVA-ACC-01,DC-EAST,East,668,178,490,0.8604
2026-05-19,NOVA-ACC-01,DC-WEST,West,857,234,623,0.9493
2026-05-19,NOVA-ACC-02,DC-NORTH,North,537,183,354,0.9526
2026-05-19,NOVA-ACC-02,DC-SOUTH,South,640,180,460,0.898
2026-05-19,NOVA-ACC-02,DC-EAST,East,637,218,419,0.8887
2026-05-19,NOVA-ACC-02,DC-WEST,West,542,148,394,0.8641
2026-05-20,NOVA-AUD-01,DC-NORTH,North,349,139,210,0.8665
2026-05-20,NOVA-AUD-01,DC-SOUTH,South,395,107,288,0.9183
2026-05-20,NOVA-AUD-01,DC-EAST,East,423,145,278,0.9197
2026-05-20,NOVA-AUD-01,DC-WEST,West,346,118,228,0.9451
2026-05-20,NOVA-AUD-02,DC-NORTH,North,459,151,308,0.9042
2026-05-20,NOVA-AUD-02,DC-SOUTH,South,460,166,294,0.8865
2026-05-20,NOVA-AUD-02,DC-EAST,East,500,173,327,0.8809
2026-05-20,NOVA-AUD-02,DC-WEST,West,483,194,289,0.9452
2026-05-20,NOVA-MOB-01,DC-NORTH,North,221,61,160,0.8681
2026-05-20,NOVA-MOB-01,DC-SOUTH,South,222,69,153,0.9197
2026-05-20,NOVA-MOB-01,DC-EAST,East,234,81,153,0.8647
2026-05-20,NOVA-MOB-01,DC-WEST,West,277,85,192,0.9149
2026-05-20,NOVA-MOB-02,DC-NORTH,North,339,150,189,0.8699
2026-05-20,NOVA-MOB-02,DC-SOUTH,South,293,90,203,0.887
2026-05-20,NOVA-MOB-02,DC-EAST,East,313,124,189,0.921
2026-05-20,NOVA-MOB-02,DC-WEST,West,310,113,197,0.8662
2026-05-20,NOVA-CPT-01,DC-NORTH,North,190,70,120,0.895
2026-05-20,NOVA-CPT-01,DC-SOUTH,South,186,53,133,0.916
2026-05-20,NOVA-CPT-01,DC-EAST,East,165,54,111,0.8632
2026-05-20,NOVA-CPT-01,DC-WEST,West,169,65,104,0.9474
2026-05-20,NOVA-CPT-02,DC-NORTH,North,227,75,152,0.9418
2026-05-20,NOVA-CPT-02,DC-SOUTH,South,201,64,137,0.918
2026-05-20,NOVA-CPT-02,DC-EAST,East,179,49,130,0.917
2026-05-20,NOVA-CPT-02,DC-WEST,West,220,79,141,0.8547
2026-05-20,NOVA-WBL-01,DC-NORTH,North,315,116,199,0.9097
2026-05-20,NOVA-WBL-01,DC-SOUTH,South,248,71,177,0.9433
2026-05-20,NOVA-WBL-01,DC-EAST,East,286,85,201,0.8468
2026-05-20,NOVA-WBL-01,DC-WEST,West,302,98,204,0.8753
2026-05-20,NOVA-WBL-02,DC-NORTH,North,449,117,332,0.9315
2026-05-20,NOVA-WBL-02,DC-SOUTH,South,435,133,302,0.8737
2026-05-20,NOVA-WBL-02,DC-EAST,East,442,162,280,0.8568
2026-05-20,NOVA-WBL-02,DC-WEST,West,396,160,236,0.8536
2026-05-20,NOVA-ACC-01,DC-NORTH,North,686,259,427,0.8681
2026-05-20,NOVA-ACC-01,DC-SOUTH,South,780,269,511,0.9142
2026-05-20,NOVA-ACC-01,DC-EAST,East,671,280,391,0.9146
2026-05-20,NOVA-ACC-01,DC-WEST,West,659,202,457,0.8602
2026-05-20,NOVA-ACC-02,DC-NORTH,North,499,216,283,0.9329
2026-05-20,NOVA-ACC-02,DC-SOUTH,South,477,146,331,0.9045
2026-05-20,NOVA-ACC-02,DC-EAST,East,578,185,393,0.8547
2026-05-20,NOVA-ACC-02,DC-WEST,West,626,222,404,0.9055
2026-05-21,NOVA-AUD-01,DC-NORTH,North,370,105,265,0.9192
2026-05-21,NOVA-AUD-01,DC-SOUTH,South,372,125,247,0.9221
2026-05-21,NOVA-AUD-01,DC-EAST,East,378,105,273,0.8639
2026-05-21,NOVA-AUD-01,DC-WEST,West,339,135,204,0.8808
2026-05-21,NOVA-AUD-02,DC-NORTH,North,455,187,268,0.8957
2026-05-21,NOVA-AUD-02,DC-SOUTH,South,419,185,234,0.8873
2026-05-21,NOVA-AUD-02,DC-EAST,East,448,177,271,0.913
2026-05-21,NOVA-AUD-02,DC-WEST,West,519,213,306,0.8904
2026-05-21,NOVA-MOB-01,DC-NORTH,North,257,65,192,0.9529
2026-05-21,NOVA-MOB-01,DC-SOUTH,South,277,83,194,0.9018
2026-05-21,NOVA-MOB-01,DC-EAST,East,251,98,153,0.8821
2026-05-21,NOVA-MOB-01,DC-WEST,West,253,102,151,0.93
2026-05-21,NOVA-MOB-02,DC-NORTH,North,329,144,185,0.9143
2026-05-21,NOVA-MOB-02,DC-SOUTH,South,315,134,181,0.9416
2026-05-21,NOVA-MOB-02,DC-EAST,East,269,114,155,0.9147
2026-05-21,NOVA-MOB-02,DC-WEST,West,266,91,175,0.8485
2026-05-21,NOVA-CPT-01,DC-NORTH,North,158,45,113,0.8468
2026-05-21,NOVA-CPT-01,DC-SOUTH,South,190,62,128,0.8959
2026-05-21,NOVA-CPT-01,DC-EAST,East,155,44,111,0.883
2026-05-21,NOVA-CPT-01,DC-WEST,West,170,58,112,0.9248
2026-05-21,NOVA-CPT-02,DC-NORTH,North,192,56,136,0.9212
2026-05-21,NOVA-CPT-02,DC-SOUTH,South,203,83,120,0.9395
2026-05-21,NOVA-CPT-02,DC-EAST,East,199,66,133,0.9307
2026-05-21,NOVA-CPT-02,DC-WEST,West,197,57,140,0.8714
2026-05-21,NOVA-WBL-01,DC-NORTH,North,300,119,181,0.9427
2026-05-21,NOVA-WBL-01,DC-SOUTH,South,257,64,193,0.8741
2026-05-21,NOVA-WBL-01,DC-EAST,East,317,95,222,0.8981
2026-05-21,NOVA-WBL-01,DC-WEST,West,315,138,177,0.8729
2026-05-21,NOVA-WBL-02,DC-NORTH,North,364,134,230,0.8813
2026-05-21,NOVA-WBL-02,DC-SOUTH,South,394,169,225,0.9045
2026-05-21,NOVA-WBL-02,DC-EAST,East,444,116,328,0.9092
2026-05-21,NOVA-WBL-02,DC-WEST,West,370,95,275,0.9434
2026-05-21,NOVA-ACC-01,DC-NORTH,North,814,206,608,0.9276
2026-05-21,NOVA-ACC-01,DC-SOUTH,South,704,181,523,0.9285
2026-05-21,NOVA-ACC-01,DC-EAST,East,789,205,584,0.9087
2026-05-21,NOVA-ACC-01,DC-WEST,West,861,256,605,0.8735
2026-05-21,NOVA-ACC-02,DC-NORTH,North,587,245,342,0.9213
2026-05-21,NOVA-ACC-02,DC-SOUTH,South,485,172,313,0.8979
2026-05-21,NOVA-ACC-02,DC-EAST,East,636,223,413,0.918
2026-05-21,NOVA-ACC-02,DC-WEST,West,541,170,371,0.9184
2026-05-22,NOVA-AUD-01,DC-NORTH,North,351,112,239,0.9377
2026-05-22,NOVA-AUD-01,DC-SOUTH,South,384,136,248,0.8965
2026-05-22,NOVA-AUD-01,DC-EAST,East,376,126,250,0.929
2026-05-22,NOVA-AUD-01,DC-WEST,West,367,162,205,0.9088
2026-05-22,NOVA-AUD-02,DC-NORTH,North,489,155,334,0.8553
2026-05-22,NOVA-AUD-02,DC-SOUTH,South,447,183,264,0.8601
2026-05-22,NOVA-AUD-02,DC-EAST,East,476,161,315,0.9119
2026-05-22,NOVA-AUD-02,DC-WEST,West,436,125,311,0.9375
2026-05-22,NOVA-MOB-01,DC-NORTH,North,221,72,149,0.9122
2026-05-22,NOVA-MOB-01,DC-SOUTH,South,281,80,201,0.901
2026-05-22,NOVA-MOB-01,DC-EAST,East,221,67,154,0.9051
2026-05-22,NOVA-MOB-01,DC-WEST,West,219,67,152,0.9266
2026-05-22,NOVA-MOB-02,DC-NORTH,North,329,128,201,0.9178
2026-05-22,NOVA-MOB-02,DC-SOUTH,South,303,105,198,0.9133
2026-05-22,NOVA-MOB-02,DC-EAST,East,272,81,191,0.8773
2026-05-22,NOVA-MOB-02,DC-WEST,West,284,92,192,0.9503
2026-05-22,NOVA-CPT-01,DC-NORTH,North,161,64,97,0.9534
2026-05-22,NOVA-CPT-01,DC-SOUTH,South,189,60,129,0.8839
2026-05-22,NOVA-CPT-01,DC-EAST,East,153,52,101,0.9142
2026-05-22,NOVA-CPT-01,DC-WEST,West,188,83,105,0.9162
2026-05-22,NOVA-CPT-02,DC-NORTH,North,192,81,111,0.9234
2026-05-22,NOVA-CPT-02,DC-SOUTH,South,205,91,114,0.8845
2026-05-22,NOVA-CPT-02,DC-EAST,East,187,79,108,0.8926
2026-05-22,NOVA-CPT-02,DC-WEST,West,200,86,114,0.914
2026-05-22,NOVA-WBL-01,DC-NORTH,North,270,119,151,0.9132
2026-05-22,NOVA-WBL-01,DC-SOUTH,South,320,102,218,0.9148
2026-05-22,NOVA-WBL-01,DC-EAST,East,284,98,186,0.9146
2026-05-22,NOVA-WBL-01,DC-WEST,West,291,114,177,0.9273
2026-05-22,NOVA-WBL-02,DC-NORTH,North,473,212,261,0.9465
2026-05-22,NOVA-WBL-02,DC-SOUTH,South,472,181,291,0.9191
2026-05-22,NOVA-WBL-02,DC-EAST,East,467,145,322,0.9393
2026-05-22,NOVA-WBL-02,DC-WEST,West,475,168,307,0.9228
2026-05-22,NOVA-ACC-01,DC-NORTH,North,748,256,492,0.8584
2026-05-22,NOVA-ACC-01,DC-SOUTH,South,659,206,453,0.8802
2026-05-22,NOVA-ACC-01,DC-EAST,East,672,292,380,0.8835
2026-05-22,NOVA-ACC-01,DC-WEST,West,832,268,564,0.8565
2026-05-22,NOVA-ACC-02,DC-NORTH,North,558,172,386,0.9103
2026-05-22,NOVA-ACC-02,DC-SOUTH,South,567,205,362,0.8894
2026-05-22,NOVA-ACC-02,DC-EAST,East,602,255,347,0.9416
2026-05-22,NOVA-ACC-02,DC-WEST,West,490,176,314,0.9117
2026-05-23,NOVA-AUD-01,DC-NORTH,North,340,89,251,0.9003
2026-05-23,NOVA-AUD-01,DC-SOUTH,South,431,158,273,0.9436
2026-05-23,NOVA-AUD-01,DC-EAST,East,430,170,260,0.9413
2026-05-23,NOVA-AUD-01,DC-WEST,West,392,148,244,0.8845
2026-05-23,NOVA-AUD-02,DC-NORTH,North,476,180,296,0.8742
2026-05-23,NOVA-AUD-02,DC-SOUTH,South,425,110,315,0.915
2026-05-23,NOVA-AUD-02,DC-EAST,East,560,227,333,0.8896
2026-05-23,NOVA-AUD-02,DC-WEST,West,529,183,346,0.9119
2026-05-23,NOVA-MOB-01,DC-NORTH,North,240,71,169,0.9285
2026-05-23,NOVA-MOB-01,DC-SOUTH,South,278,118,160,0.931
2026-05-23,NOVA-MOB-01,DC-EAST,East,269,108,161,0.9113
2026-05-23,NOVA-MOB-01,DC-WEST,West,281,110,171,0.855
2026-05-23,NOVA-MOB-02,DC-NORTH,North,329,127,202,0.9179
2026-05-23,NOVA-MOB-02,DC-SOUTH,South,277,108,169,0.8495
2026-05-23,NOVA-MOB-02,DC-EAST,East,337,116,221,0.8726
2026-05-23,NOVA-MOB-02,DC-WEST,West,293,99,194,0.9133
2026-05-23,NOVA-CPT-01,DC-NORTH,North,149,65,84,0.8719
2026-05-23,NOVA-CPT-01,DC-SOUTH,South,144,64,80,0.9389
2026-05-23,NOVA-CPT-01,DC-EAST,East,168,60,108,0.9349
2026-05-23,NOVA-CPT-01,DC-WEST,West,145,48,97,0.8731
2026-05-23,NOVA-CPT-02,DC-NORTH,North,228,102,126,0.9405
2026-05-23,NOVA-CPT-02,DC-SOUTH,South,206,83,123,0.8545
2026-05-23,NOVA-CPT-02,DC-EAST,East,182,69,113,0.9368
2026-05-23,NOVA-CPT-02,DC-WEST,West,203,82,121,0.8532
2026-05-23,NOVA-WBL-01,DC-NORTH,North,243,94,149,0.9283
2026-05-23,NOVA-WBL-01,DC-SOUTH,South,299,126,173,0.9164
2026-05-23,NOVA-WBL-01,DC-EAST,East,285,99,186,0.9475
2026-05-23,NOVA-WBL-01,DC-WEST,West,255,64,191,0.8805
2026-05-23,NOVA-WBL-02,DC-NORTH,North,473,152,321,0.8665
2026-05-23,NOVA-WBL-02,DC-SOUTH,South,425,125,300,0.8563
2026-05-23,NOVA-WBL-02,DC-EAST,East,402,173,229,0.8464
2026-05-23,NOVA-WBL-02,DC-WEST,West,474,173,301,0.8669
2026-05-23,NOVA-ACC-01,DC-NORTH,North,844,250,594,0.9163
2026-05-23,NOVA-ACC-01,DC-SOUTH,South,839,366,473,0.8761
2026-05-23,NOVA-ACC-01,DC-EAST,East,655,281,374,0.8905
2026-05-23,NOVA-ACC-01,DC-WEST,West,828,286,542,0.9162
2026-05-23,NOVA-ACC-02,DC-NORTH,North,616,201,415,0.86
2026-05-23,NOVA-ACC-02,DC-SOUTH,South,574,165,409,0.9052
2026-05-23,NOVA-ACC-02,DC-EAST,East,494,132,362,0.9408
2026-05-23,NOVA-ACC-02,DC-WEST,West,627,274,353,0.9274
2026-05-24,NOVA-AUD-01,DC-NORTH,North,366,139,227,0.9301
2026-05-24,NOVA-AUD-01,DC-SOUTH,South,430,174,256,0.9344
2026-05-24,NOVA-AUD-01,DC-EAST,East,385,137,248,0.873
2026-05-24,NOVA-AUD-01,DC-WEST,West,437,167,270,0.9019
2026-05-24,NOVA-AUD-02,DC-NORTH,North,464,143,321,0.8651
2026-05-24,NOVA-AUD-02,DC-SOUTH,South,440,173,267,0.9518
2026-05-24,NOVA-AUD-02,DC-EAST,East,517,142,375,0.9058
2026-05-24,NOVA-AUD-02,DC-WEST,West,424,170,254,0.9404
2026-05-24,NOVA-MOB-01,DC-NORTH,North,223,63,160,0.9098
2026-05-24,NOVA-MOB-01,DC-SOUTH,South,270,106,164,0.8766
2026-05-24,NOVA-MOB-01,DC-EAST,East,282,90,192,0.9474
2026-05-24,NOVA-MOB-01,DC-WEST,West,268,98,170,0.8898
2026-05-24,NOVA-MOB-02,DC-NORTH,North,306,115,191,0.8531
2026-05-24,NOVA-MOB-02,DC-SOUTH,South,338,142,196,0.9504
2026-05-24,NOVA-MOB-02,DC-EAST,East,279,92,187,0.9242
2026-05-24,NOVA-MOB-02,DC-WEST,West,289,120,169,0.8989
2026-05-24,NOVA-CPT-01,DC-NORTH,North,143,54,89,0.8737
2026-05-24,NOVA-CPT-01,DC-SOUTH,South,159,67,92,0.9537
2026-05-24,NOVA-CPT-01,DC-EAST,East,193,55,138,0.8707
2026-05-24,NOVA-CPT-01,DC-WEST,West,192,60,132,0.9203
2026-05-24,NOVA-CPT-02,DC-NORTH,North,214,73,141,0.9516
2026-05-24,NOVA-CPT-02,DC-SOUTH,South,240,80,160,0.9128
2026-05-24,NOVA-CPT-02,DC-EAST,East,210,92,118,0.9162
2026-05-24,NOVA-CPT-02,DC-WEST,West,237,68,169,0.8634
2026-05-24,NOVA-WBL-01,DC-NORTH,North,265,111,154,0.9304
2026-05-24,NOVA-WBL-01,DC-SOUTH,South,266,76,190,0.9511
2026-05-24,NOVA-WBL-01,DC-EAST,East,275,93,182,0.9163
2026-05-24,NOVA-WBL-01,DC-WEST,West,291,73,218,0.8708
2026-05-24,NOVA-WBL-02,DC-NORTH,North,389,165,224,0.8697
2026-05-24,NOVA-WBL-02,DC-SOUTH,South,417,105,312,0.903
2026-05-24,NOVA-WBL-02,DC-EAST,East,419,162,257,0.899
2026-05-24,NOVA-WBL-02,DC-WEST,West,399,112,287,0.9312
2026-05-24,NOVA-ACC-01,DC-NORTH,North,850,363,487,0.9181
2026-05-24,NOVA-ACC-01,DC-SOUTH,South,880,379,501,0.8496
2026-05-24,NOVA-ACC-01,DC-EAST,East,725,273,452,0.8692
2026-05-24,NOVA-ACC-01,DC-WEST,West,878,242,636,0.9464
2026-05-24,NOVA-ACC-02,DC-NORTH,North,483,142,341,0.9354
2026-05-24,NOVA-ACC-02,DC-SOUTH,South,556,162,394,0.8786
2026-05-24,NOVA-ACC-02,DC-EAST,East,630,263,367,0.8848
2026-05-24,NOVA-ACC-02,DC-WEST,West,481,125,356,0.8565
2026-05-25,NOVA-AUD-01,DC-NORTH,North,411,136,275,0.9046
2026-05-25,NOVA-AUD-01,DC-SOUTH,South,380,126,254,0.8762
2026-05-25,NOVA-AUD-01,DC-EAST,East,422,139,283,0.8826
2026-05-25,NOVA-AUD-01,DC-WEST,West,377,141,236,0.8789
2026-05-25,NOVA-AUD-02,DC-NORTH,North,426,155,271,0.9045
2026-05-25,NOVA-AUD-02,DC-SOUTH,South,545,229,316,0.8583
2026-05-25,NOVA-AUD-02,DC-EAST,East,448,169,279,0.8794
2026-05-25,NOVA-AUD-02,DC-WEST,West,534,211,323,0.8727
2026-05-25,NOVA-MOB-01,DC-NORTH,North,226,74,152,0.8997
2026-05-25,NOVA-MOB-01,DC-SOUTH,South,251,78,173,0.8797
2026-05-25,NOVA-MOB-01,DC-EAST,East,281,100,181,0.8556
2026-05-25,NOVA-MOB-01,DC-WEST,West,263,93,170,0.8885
2026-05-25,NOVA-MOB-02,DC-NORTH,North,298,99,199,0.8708
2026-05-25,NOVA-MOB-02,DC-SOUTH,South,336,96,240,0.9013
2026-05-25,NOVA-MOB-02,DC-EAST,East,265,70,195,0.8826
2026-05-25,NOVA-MOB-02,DC-WEST,West,329,107,222,0.8646
2026-05-25,NOVA-CPT-01,DC-NORTH,North,173,59,114,0.8466
2026-05-25,NOVA-CPT-01,DC-SOUTH,South,160,71,89,0.918
2026-05-25,NOVA-CPT-01,DC-EAST,East,148,64,84,0.9467
2026-05-25,NOVA-CPT-01,DC-WEST,West,155,39,116,0.9401
2026-05-25,NOVA-CPT-02,DC-NORTH,North,201,61,140,0.8994
2026-05-25,NOVA-CPT-02,DC-SOUTH,South,200,89,111,0.9462
2026-05-25,NOVA-CPT-02,DC-EAST,East,205,79,126,0.9327
2026-05-25,NOVA-CPT-02,DC-WEST,West,223,99,124,0.9423
2026-05-25,NOVA-WBL-01,DC-NORTH,North,276,113,163,0.8836
2026-05-25,NOVA-WBL-01,DC-SOUTH,South,254,76,178,0.9471
2026-05-25,NOVA-WBL-01,DC-EAST,East,272,112,160,0.8693
2026-05-25,NOVA-WBL-01,DC-WEST,West,263,97,166,0.8916
2026-05-25,NOVA-WBL-02,DC-NORTH,North,398,126,272,0.9034
2026-05-25,NOVA-WBL-02,DC-SOUTH,South,376,165,211,0.8691
2026-05-25,NOVA-WBL-02,DC-EAST,East,363,150,213,0.8783
2026-05-25,NOVA-WBL-02,DC-WEST,West,407,129,278,0.8921
2026-05-25,NOVA-ACC-01,DC-NORTH,North,748,297,451,0.8853
2026-05-25,NOVA-ACC-01,DC-SOUTH,South,830,221,609,0.8755
2026-05-25,NOVA-ACC-01,DC-EAST,East,865,334,531,0.8709
2026-05-25,NOVA-ACC-01,DC-WEST,West,867,261,606,0.8797
2026-05-25,NOVA-ACC-02,DC-NORTH,North,557,203,354,0.8875
2026-05-25,NOVA-ACC-02,DC-SOUTH,South,598,242,356,0.901
2026-05-25,NOVA-ACC-02,DC-EAST,East,501,192,309,0.9376
2026-05-25,NOVA-ACC-02,DC-WEST,West,492,151,341,0.9103
2026-05-26,NOVA-AUD-01,DC-NORTH,North,442,194,248,0.9274
2026-05-26,NOVA-AUD-01,DC-SOUTH,South,408,155,253,0.9122
2026-05-26,NOVA-AUD-01,DC-EAST,East,394,116,278,0.9281
2026-05-26,NOVA-AUD-01,DC-WEST,West,342,112,230,0.9172
2026-05-26,NOVA-AUD-02,DC-NORTH,North,478,185,293,0.9417
2026-05-26,NOVA-AUD-02,DC-SOUTH,South,455,188,267,0.9026
2026-05-26,NOVA-AUD-02,DC-EAST,East,480,170,310,0.8946
2026-05-26,NOVA-AUD-02,DC-WEST,West,435,148,287,0.9034
2026-05-26,NOVA-MOB-01,DC-NORTH,North,287,94,193,0.8734
2026-05-26,NOVA-MOB-01,DC-SOUTH,South,277,105,172,0.9524
2026-05-26,NOVA-MOB-01,DC-EAST,East,243,90,153,0.9477
2026-05-26,NOVA-MOB-01,DC-WEST,West,264,92,172,0.9284
2026-05-26,NOVA-MOB-02,DC-NORTH,North,325,127,198,0.883
2026-05-26,NOVA-MOB-02,DC-SOUTH,South,328,118,210,0.8959
2026-05-26,NOVA-MOB-02,DC-EAST,East,349,88,261,0.9272
2026-05-26,NOVA-MOB-02,DC-WEST,West,268,70,198,0.9331
2026-05-26,NOVA-CPT-01,DC-NORTH,North,181,66,115,0.9235
2026-05-26,NOVA-CPT-01,DC-SOUTH,South,177,63,114,0.8804
2026-05-26,NOVA-CPT-01,DC-EAST,East,182,76,106,0.9448
2026-05-26,NOVA-CPT-01,DC-WEST,West,157,51,106,0.8796
2026-05-26,NOVA-CPT-02,DC-NORTH,North,187,63,124,0.8491
2026-05-26,NOVA-CPT-02,DC-SOUTH,South,201,89,112,0.9361
2026-05-26,NOVA-CPT-02,DC-EAST,East,211,66,145,0.937
2026-05-26,NOVA-CPT-02,DC-WEST,West,229,83,146,0.9299
2026-05-26,NOVA-WBL-01,DC-NORTH,North,256,87,169,0.9064
2026-05-26,NOVA-WBL-01,DC-SOUTH,South,242,71,171,0.8949
2026-05-26,NOVA-WBL-01,DC-EAST,East,261,112,149,0.9061
2026-05-26,NOVA-WBL-01,DC-WEST,West,320,82,238,0.8796
2026-05-26,NOVA-WBL-02,DC-NORTH,North,466,203,263,0.8736
2026-05-26,NOVA-WBL-02,DC-SOUTH,South,361,144,217,0.942
2026-05-26,NOVA-WBL-02,DC-EAST,East,478,171,307,0.8847
2026-05-26,NOVA-WBL-02,DC-WEST,West,441,160,281,0.9244
2026-05-26,NOVA-ACC-01,DC-NORTH,North,875,298,577,0.8653
2026-05-26,NOVA-ACC-01,DC-SOUTH,South,833,246,587,0.9165
2026-05-26,NOVA-ACC-01,DC-EAST,East,666,175,491,0.9058
2026-05-26,NOVA-ACC-01,DC-WEST,West,755,315,440,0.875
2026-05-26,NOVA-ACC-02,DC-NORTH,North,589,162,427,0.9084
2026-05-26,NOVA-ACC-02,DC-SOUTH,South,614,208,406,0.848
2026-05-26,NOVA-ACC-02,DC-EAST,East,511,156,355,0.851
2026-05-26,NOVA-ACC-02,DC-WEST,West,616,187,429,0.9265
2026-05-27,NOVA-AUD-01,DC-NORTH,North,395,116,279,0.8849
2026-05-27,NOVA-AUD-01,DC-SOUTH,South,432,132,300,0.9035
2026-05-27,NOVA-AUD-01,DC-EAST,East,440,145,295,0.9133
2026-05-27,NOVA-AUD-01,DC-WEST,West,342,134,208,0.8912
2026-05-27,NOVA-AUD-02,DC-NORTH,North,558,245,313,0.9209
2026-05-27,NOVA-AUD-02,DC-SOUTH,South,458,205,253,0.8547
2026-05-27,NOVA-AUD-02,DC-EAST,East,451,164,287,0.8498
2026-05-27,NOVA-AUD-02,DC-WEST,West,505,191,314,0.9278
2026-05-27,NOVA-MOB-01,DC-NORTH,North,217,71,146,0.8961
2026-05-27,NOVA-MOB-01,DC-SOUTH,South,231,64,167,0.8752
2026-05-27,NOVA-MOB-01,DC-EAST,East,287,83,204,0.8556
2026-05-27,NOVA-MOB-01,DC-WEST,West,232,102,130,0.902
2026-05-27,NOVA-MOB-02,DC-NORTH,North,343,118,225,0.9224
2026-05-27,NOVA-MOB-02,DC-SOUTH,South,305,130,175,0.8927
2026-05-27,NOVA-MOB-02,DC-EAST,East,339,119,220,0.8997
2026-05-27,NOVA-MOB-02,DC-WEST,West,296,91,205,0.8992
2026-05-27,NOVA-CPT-01,DC-NORTH,North,145,59,86,0.9074
2026-05-27,NOVA-CPT-01,DC-SOUTH,South,155,42,113,0.8865
2026-05-27,NOVA-CPT-01,DC-EAST,East,173,61,112,0.9523
2026-05-27,NOVA-CPT-01,DC-WEST,West,182,77,105,0.9141
2026-05-27,NOVA-CPT-02,DC-NORTH,North,204,52,152,0.8929
2026-05-27,NOVA-CPT-02,DC-SOUTH,South,205,65,140,0.9451
2026-05-27,NOVA-CPT-02,DC-EAST,East,204,90,114,0.8935
2026-05-27,NOVA-CPT-02,DC-WEST,West,216,63,153,0.8608
2026-05-27,NOVA-WBL-01,DC-NORTH,North,289,116,173,0.9323
2026-05-27,NOVA-WBL-01,DC-SOUTH,South,289,74,215,0.9153
2026-05-27,NOVA-WBL-01,DC-EAST,East,316,134,182,0.9076
2026-05-27,NOVA-WBL-01,DC-WEST,West,255,83,172,0.8483
2026-05-27,NOVA-WBL-02,DC-NORTH,North,455,197,258,0.9203
2026-05-27,NOVA-WBL-02,DC-SOUTH,South,407,110,297,0.8861
2026-05-27,NOVA-WBL-02,DC-EAST,East,412,155,257,0.9534
2026-05-27,NOVA-WBL-02,DC-WEST,West,481,203,278,0.9367
2026-05-27,NOVA-ACC-01,DC-NORTH,North,825,348,477,0.9038
2026-05-27,NOVA-ACC-01,DC-SOUTH,South,758,269,489,0.9188
2026-05-27,NOVA-ACC-01,DC-EAST,East,758,260,498,0.9054
2026-05-27,NOVA-ACC-01,DC-WEST,West,728,310,418,0.8483
2026-05-27,NOVA-ACC-02,DC-NORTH,North,523,172,351,0.8586
2026-05-27,NOVA-ACC-02,DC-SOUTH,South,500,150,350,0.8907
2026-05-27,NOVA-ACC-02,DC-EAST,East,526,171,355,0.8929
2026-05-27,NOVA-ACC-02,DC-WEST,West,513,167,346,0.9274
2026-05-28,NOVA-AUD-01,DC-NORTH,North,379,168,211,0.9056
2026-05-28,NOVA-AUD-01,DC-SOUTH,South,422,123,299,0.9129
2026-05-28,NOVA-AUD-01,DC-EAST,East,426,175,251,0.9415
2026-05-28,NOVA-AUD-01,DC-WEST,West,357,93,264,0.8767
2026-05-28,NOVA-AUD-02,DC-NORTH,North,527,141,386,0.8709
2026-05-28,NOVA-AUD-02,DC-SOUTH,South,503,223,280,0.9076
2026-05-28,NOVA-AUD-02,DC-EAST,East,536,230,306,0.8786
2026-05-28,NOVA-AUD-02,DC-WEST,West,495,179,316,0.9234
2026-05-28,NOVA-MOB-01,DC-NORTH,North,230,90,140,0.9449
2026-05-28,NOVA-MOB-01,DC-SOUTH,South,221,65,156,0.8822
2026-05-28,NOVA-MOB-01,DC-EAST,East,248,96,152,0.9337
2026-05-28,NOVA-MOB-01,DC-WEST,West,270,107,163,0.914
2026-05-28,NOVA-MOB-02,DC-NORTH,North,327,104,223,0.8467
2026-05-28,NOVA-MOB-02,DC-SOUTH,South,278,76,202,0.936
2026-05-28,NOVA-MOB-02,DC-EAST,East,319,119,200,0.9419
2026-05-28,NOVA-MOB-02,DC-WEST,West,268,78,190,0.8476
2026-05-28,NOVA-CPT-01,DC-NORTH,North,157,66,91,0.9413
2026-05-28,NOVA-CPT-01,DC-SOUTH,South,178,68,110,0.942
2026-05-28,NOVA-CPT-01,DC-EAST,East,145,57,88,0.897
2026-05-28,NOVA-CPT-01,DC-WEST,West,157,59,98,0.9459
2026-05-28,NOVA-CPT-02,DC-NORTH,North,183,54,129,0.8628
2026-05-28,NOVA-CPT-02,DC-SOUTH,South,186,78,108,0.8904
2026-05-28,NOVA-CPT-02,DC-EAST,East,205,64,141,0.8719
2026-05-28,NOVA-CPT-02,DC-WEST,West,231,93,138,0.9066
2026-05-28,NOVA-WBL-01,DC-NORTH,North,245,88,157,0.9203
2026-05-28,NOVA-WBL-01,DC-SOUTH,South,297,87,210,0.873
2026-05-28,NOVA-WBL-01,DC-EAST,East,254,75,179,0.8928
2026-05-28,NOVA-WBL-01,DC-WEST,West,276,111,165,0.9509
2026-05-28,NOVA-WBL-02,DC-NORTH,North,475,157,318,0.8783
2026-05-28,NOVA-WBL-02,DC-SOUTH,South,475,145,330,0.9187
2026-05-28,NOVA-WBL-02,DC-EAST,East,366,112,254,0.8854
2026-05-28,NOVA-WBL-02,DC-WEST,West,470,125,345,0.9183
2026-05-28,NOVA-ACC-01,DC-NORTH,North,728,197,531,0.858
2026-05-28,NOVA-ACC-01,DC-SOUTH,South,671,221,450,0.9492
2026-05-28,NOVA-ACC-01,DC-EAST,East,793,303,490,0.8623
2026-05-28,NOVA-ACC-01,DC-WEST,West,873,356,517,0.8659
2026-05-28,NOVA-ACC-02,DC-NORTH,North,632,166,466,0.913
2026-05-28,NOVA-ACC-02,DC-SOUTH,South,600,219,381,0.9444
2026-05-28,NOVA-ACC-02,DC-EAST,East,533,205,328,0.9529
2026-05-28,NOVA-ACC-02,DC-WEST,West,511,194,317,0.8505
2026-05-29,NOVA-AUD-01,DC-NORTH,North,439,113,326,0.9194
2026-05-29,NOVA-AUD-01,DC-SOUTH,South,403,142,261,0.8541
2026-05-29,NOVA-AUD-01,DC-EAST,East,334,94,240,0.862
2026-05-29,NOVA-AUD-01,DC-WEST,West,426,162,264,0.9412
2026-05-29,NOVA-AUD-02,DC-NORTH,North,515,212,303,0.8784
2026-05-29,NOVA-AUD-02,DC-SOUTH,South,525,185,340,0.9325
2026-05-29,NOVA-AUD-02,DC-EAST,East,429,183,246,0.8794
2026-05-29,NOVA-AUD-02,DC-WEST,West,434,152,282,0.9039
2026-05-29,NOVA-MOB-01,DC-NORTH,North,237,103,134,0.873
2026-05-29,NOVA-MOB-01,DC-SOUTH,South,239,82,157,0.861
2026-05-29,NOVA-MOB-01,DC-EAST,East,259,80,179,0.9332
2026-05-29,NOVA-MOB-01,DC-WEST,West,252,90,162,0.8974
2026-05-29,NOVA-MOB-02,DC-NORTH,North,307,86,221,0.909
2026-05-29,NOVA-MOB-02,DC-SOUTH,South,308,116,192,0.8548
2026-05-29,NOVA-MOB-02,DC-EAST,East,317,102,215,0.9446
2026-05-29,NOVA-MOB-02,DC-WEST,West,316,84,232,0.8776
2026-05-29,NOVA-CPT-01,DC-NORTH,North,154,56,98,0.9291
2026-05-29,NOVA-CPT-01,DC-SOUTH,South,178,50,128,0.9492
2026-05-29,NOVA-CPT-01,DC-EAST,East,191,82,109,0.849
2026-05-29,NOVA-CPT-01,DC-WEST,West,180,50,130,0.9378
2026-05-29,NOVA-CPT-02,DC-NORTH,North,187,48,139,0.9115
2026-05-29,NOVA-CPT-02,DC-SOUTH,South,203,55,148,0.945
2026-05-29,NOVA-CPT-02,DC-EAST,East,226,75,151,0.9065
2026-05-29,NOVA-CPT-02,DC-WEST,West,196,51,145,0.9052
2026-05-29,NOVA-WBL-01,DC-NORTH,North,304,104,200,0.8926
2026-05-29,NOVA-WBL-01,DC-SOUTH,South,294,105,189,0.8908
2026-05-29,NOVA-WBL-01,DC-EAST,East,295,128,167,0.9144
2026-05-29,NOVA-WBL-01,DC-WEST,West,274,78,196,0.9494
2026-05-29,NOVA-WBL-02,DC-NORTH,North,372,157,215,0.8785
2026-05-29,NOVA-WBL-02,DC-SOUTH,South,453,157,296,0.9317
2026-05-29,NOVA-WBL-02,DC-EAST,East,425,113,312,0.9485
2026-05-29,NOVA-WBL-02,DC-WEST,West,443,189,254,0.8528
2026-05-29,NOVA-ACC-01,DC-NORTH,North,821,291,530,0.9484
2026-05-29,NOVA-ACC-01,DC-SOUTH,South,733,270,463,0.8653
2026-05-29,NOVA-ACC-01,DC-EAST,East,665,212,453,0.8585
2026-05-29,NOVA-ACC-01,DC-WEST,West,750,211,539,0.9366
2026-05-29,NOVA-ACC-02,DC-NORTH,North,626,196,430,0.8624
2026-05-29,NOVA-ACC-02,DC-SOUTH,South,609,213,396,0.8488
2026-05-29,NOVA-ACC-02,DC-EAST,East,483,179,304,0.891
2026-05-29,NOVA-ACC-02,DC-WEST,West,480,155,325,0.8912
2026-05-30,NOVA-AUD-01,DC-NORTH,North,336,140,196,0.9006
2026-05-30,NOVA-AUD-01,DC-SOUTH,South,408,149,259,0.8821
2026-05-30,NOVA-AUD-01,DC-EAST,East,450,155,295,0.945
2026-05-30,NOVA-AUD-01,DC-WEST,West,440,121,319,0.8514
2026-05-30,NOVA-AUD-02,DC-NORTH,North,458,133,325,0.8484
2026-05-30,NOVA-AUD-02,DC-SOUTH,South,493,166,327,0.9046
2026-05-30,NOVA-AUD-02,DC-EAST,East,481,209,272,0.8877
2026-05-30,NOVA-AUD-02,DC-WEST,West,440,186,254,0.9024
2026-05-30,NOVA-MOB-01,DC-NORTH,North,233,63,170,0.8709
2026-05-30,NOVA-MOB-01,DC-SOUTH,South,228,82,146,0.8519
2026-05-30,NOVA-MOB-01,DC-EAST,East,227,98,129,0.8524
2026-05-30,NOVA-MOB-01,DC-WEST,West,250,86,164,0.849
2026-05-30,NOVA-MOB-02,DC-NORTH,North,283,82,201,0.9046
2026-05-30,NOVA-MOB-02,DC-SOUTH,South,280,115,165,0.9389
2026-05-30,NOVA-MOB-02,DC-EAST,East,302,103,199,0.9183
2026-05-30,NOVA-MOB-02,DC-WEST,West,330,137,193,0.886
2026-05-30,NOVA-CPT-01,DC-NORTH,North,188,80,108,0.9474
2026-05-30,NOVA-CPT-01,DC-SOUTH,South,186,66,120,0.8641
2026-05-30,NOVA-CPT-01,DC-EAST,East,192,80,112,0.8745
2026-05-30,NOVA-CPT-01,DC-WEST,West,161,50,111,0.8829
2026-05-30,NOVA-CPT-02,DC-NORTH,North,196,80,116,0.8789
2026-05-30,NOVA-CPT-02,DC-SOUTH,South,235,92,143,0.916
2026-05-30,NOVA-CPT-02,DC-EAST,East,210,58,152,0.8792
2026-05-30,NOVA-CPT-02,DC-WEST,West,200,62,138,0.9248
2026-05-30,NOVA-WBL-01,DC-NORTH,North,292,109,183,0.9241
2026-05-30,NOVA-WBL-01,DC-SOUTH,South,254,75,179,0.8754
2026-05-30,NOVA-WBL-01,DC-EAST,East,239,102,137,0.8508
2026-05-30,NOVA-WBL-01,DC-WEST,West,293,127,166,0.8826
2026-05-30,NOVA-WBL-02,DC-NORTH,North,454,158,296,0.8849
2026-05-30,NOVA-WBL-02,DC-SOUTH,South,421,134,287,0.8831
2026-05-30,NOVA-WBL-02,DC-EAST,East,464,155,309,0.9111
2026-05-30,NOVA-WBL-02,DC-WEST,West,402,167,235,0.9177
2026-05-30,NOVA-ACC-01,DC-NORTH,North,823,303,520,0.9105
2026-05-30,NOVA-ACC-01,DC-SOUTH,South,795,352,443,0.9167
2026-05-30,NOVA-ACC-01,DC-EAST,East,831,336,495,0.8939
2026-05-30,NOVA-ACC-01,DC-WEST,West,699,204,495,0.865
2026-05-30,NOVA-ACC-02,DC-NORTH,North,642,239,403,0.8681
2026-05-30,NOVA-ACC-02,DC-SOUTH,South,565,224,341,0.9385
2026-05-30,NOVA-ACC-02,DC-EAST,East,532,215,317,0.8828
2026-05-30,NOVA-ACC-02,DC-WEST,West,586,246,340,0.9423
2026-05-31,NOVA-AUD-01,DC-NORTH,North,334,118,216,0.8864
2026-05-31,NOVA-AUD-01,DC-SOUTH,South,397,122,275,0.8996
2026-05-31,NOVA-AUD-01,DC-EAST,East,429,165,264,0.9406
2026-05-31,NOVA-AUD-01,DC-WEST,West,351,129,222,0.8531
2026-05-31,NOVA-AUD-02,DC-NORTH,North,542,239,303,0.9262
2026-05-31,NOVA-AUD-02,DC-SOUTH,South,474,125,349,0.8664
2026-05-31,NOVA-AUD-02,DC-EAST,East,470,205,265,0.8567
2026-05-31,NOVA-AUD-02,DC-WEST,West,480,180,300,0.8508
2026-05-31,NOVA-MOB-01,DC-NORTH,North,269,69,200,0.895
2026-05-31,NOVA-MOB-01,DC-SOUTH,South,282,122,160,0.8757
2026-05-31,NOVA-MOB-01,DC-EAST,East,214,88,126,0.9311
2026-05-31,NOVA-MOB-01,DC-WEST,West,274,104,170,0.9142
2026-05-31,NOVA-MOB-02,DC-NORTH,North,271,69,202,0.9243
2026-05-31,NOVA-MOB-02,DC-SOUTH,South,329,133,196,0.9383
2026-05-31,NOVA-MOB-02,DC-EAST,East,302,90,212,0.9359
2026-05-31,NOVA-MOB-02,DC-WEST,West,328,110,218,0.8649
2026-05-31,NOVA-CPT-01,DC-NORTH,North,161,47,114,0.9282
2026-05-31,NOVA-CPT-01,DC-SOUTH,South,185,75,110,0.9393
2026-05-31,NOVA-CPT-01,DC-EAST,East,158,42,116,0.9521
2026-05-31,NOVA-CPT-01,DC-WEST,West,149,66,83,0.9351
2026-05-31,NOVA-CPT-02,DC-NORTH,North,202,82,120,0.947
2026-05-31,NOVA-CPT-02,DC-SOUTH,South,188,84,104,0.9429
2026-05-31,NOVA-CPT-02,DC-EAST,East,218,56,162,0.8606
2026-05-31,NOVA-CPT-02,DC-WEST,West,214,74,140,0.9225
2026-05-31,NOVA-WBL-01,DC-NORTH,North,309,82,227,0.8706
2026-05-31,NOVA-WBL-01,DC-SOUTH,South,241,62,179,0.8617
2026-05-31,NOVA-WBL-01,DC-EAST,East,277,110,167,0.8474
2026-05-31,NOVA-WBL-01,DC-WEST,West,294,108,186,0.8862
2026-05-31,NOVA-WBL-02,DC-NORTH,North,438,195,243,0.9018
2026-05-31,NOVA-WBL-02,DC-SOUTH,South,389,107,282,0.8707
2026-05-31,NOVA-WBL-02,DC-EAST,East,367,132,235,0.9188
2026-05-31,NOVA-WBL-02,DC-WEST,West,446,125,321,0.8929
2026-05-31,NOVA-ACC-01,DC-NORTH,North,696,262,434,0.9092
2026-05-31,NOVA-ACC-01,DC-SOUTH,South,855,335,520,0.8781
2026-05-31,NOVA-ACC-01,DC-EAST,East,744,220,524,0.9423
2026-05-31,NOVA-ACC-01,DC-WEST,West,718,220,498,0.8966
2026-05-31,NOVA-ACC-02,DC-NORTH,North,575,165,410,0.9154
2026-05-31,NOVA-ACC-02,DC-SOUTH,South,545,221,324,0.9338
2026-05-31,NOVA-ACC-02,DC-EAST,East,618,230,388,0.9387
2026-05-31,NOVA-ACC-02,DC-WEST,West,501,159,342,0.9355
2026-06-01,NOVA-AUD-01,DC-NORTH,North,431,176,255,0.926
2026-06-01,NOVA-AUD-01,DC-SOUTH,South,387,157,230,0.9338
2026-06-01,NOVA-AUD-01,DC-EAST,East,435,125,310,0.9259
2026-06-01,NOVA-AUD-01,DC-WEST,West,334,98,236,0.9133
2026-06-01,NOVA-AUD-02,DC-NORTH,North,498,160,338,0.9072
2026-06-01,NOVA-AUD-02,DC-SOUTH,South,551,229,322,0.9206
2026-06-01,NOVA-AUD-02,DC-EAST,East,492,151,341,0.8698
2026-06-01,NOVA-AUD-02,DC-WEST,West,515,222,293,0.8683
2026-06-01,NOVA-MOB-01,DC-NORTH,North,287,107,180,0.8472
2026-06-01,NOVA-MOB-01,DC-SOUTH,South,260,76,184,0.8482
2026-06-01,NOVA-MOB-01,DC-EAST,East,255,104,151,0.932
2026-06-01,NOVA-MOB-01,DC-WEST,West,230,61,169,0.8585
2026-06-01,NOVA-MOB-02,DC-NORTH,North,289,100,189,0.8864
2026-06-01,NOVA-MOB-02,DC-SOUTH,South,314,112,202,0.8932
2026-06-01,NOVA-MOB-02,DC-EAST,East,268,89,179,0.8692
2026-06-01,NOVA-MOB-02,DC-WEST,West,308,122,186,0.948
2026-06-01,NOVA-CPT-01,DC-NORTH,North,154,40,114,0.869
2026-06-01,NOVA-CPT-01,DC-SOUTH,South,189,82,107,0.9145
2026-06-01,NOVA-CPT-01,DC-EAST,East,166,52,114,0.8843
2026-06-01,NOVA-CPT-01,DC-WEST,West,182,50,132,0.8708
2026-06-01,NOVA-CPT-02,DC-NORTH,North,187,70,117,0.9063
2026-06-01,NOVA-CPT-02,DC-SOUTH,South,236,62,174,0.9483
2026-06-01,NOVA-CPT-02,DC-EAST,East,219,80,139,0.8813
2026-06-01,NOVA-CPT-02,DC-WEST,West,210,88,122,0.8491
2026-06-01,NOVA-WBL-01,DC-NORTH,North,256,106,150,0.8615
2026-06-01,NOVA-WBL-01,DC-SOUTH,South,278,86,192,0.8701
2026-06-01,NOVA-WBL-01,DC-EAST,East,266,74,192,0.879
2026-06-01,NOVA-WBL-01,DC-WEST,West,306,126,180,0.8692
2026-06-01,NOVA-WBL-02,DC-NORTH,North,471,185,286,0.9298
2026-06-01,NOVA-WBL-02,DC-SOUTH,South,425,121,304,0.8686
2026-06-01,NOVA-WBL-02,DC-EAST,East,466,135,331,0.8701
2026-06-01,NOVA-WBL-02,DC-WEST,West,376,103,273,0.8525
2026-06-01,NOVA-ACC-01,DC-NORTH,North,795,236,559,0.9412
2026-06-01,NOVA-ACC-01,DC-SOUTH,South,764,297,467,0.8491
2026-06-01,NOVA-ACC-01,DC-EAST,East,742,236,506,0.881
2026-06-01,NOVA-ACC-01,DC-WEST,West,696,225,471,0.9461
2026-06-01,NOVA-ACC-02,DC-NORTH,North,503,198,305,0.8728
2026-06-01,NOVA-ACC-02,DC-SOUTH,South,480,129,351,0.8843
2026-06-01,NOVA-ACC-02,DC-EAST,East,522,186,336,0.8486
2026-06-01,NOVA-ACC-02,DC-WEST,West,530,204,326,0.856
2026-06-02,NOVA-AUD-01,DC-NORTH,North,360,127,233,0.9227
2026-06-02,NOVA-AUD-01,DC-SOUTH,South,388,134,254,0.9296
2026-06-02,NOVA-AUD-01,DC-EAST,East,364,133,231,0.9093
2026-06-02,NOVA-AUD-01,DC-WEST,West,363,111,252,0.9532
2026-06-02,NOVA-AUD-02,DC-NORTH,North,495,217,278,0.9153
2026-06-02,NOVA-AUD-02,DC-SOUTH,South,549,232,317,0.924
2026-06-02,NOVA-AUD-02,DC-EAST,East,538,150,388,0.928
2026-06-02,NOVA-AUD-02,DC-WEST,West,476,203,273,0.924
2026-06-02,NOVA-MOB-01,DC-NORTH,North,287,77,210,0.8694
2026-06-02,NOVA-MOB-01,DC-SOUTH,South,233,67,166,0.9242
2026-06-02,NOVA-MOB-01,DC-EAST,East,249,70,179,0.9289
2026-06-02,NOVA-MOB-01,DC-WEST,West,238,95,143,0.927
2026-06-02,NOVA-MOB-02,DC-NORTH,North,297,91,206,0.9053
2026-06-02,NOVA-MOB-02,DC-SOUTH,South,345,94,251,0.9409
2026-06-02,NOVA-MOB-02,DC-EAST,East,294,131,163,0.9177
2026-06-02,NOVA-MOB-02,DC-WEST,West,353,92,261,0.8946
2026-06-02,NOVA-CPT-01,DC-NORTH,North,155,42,113,0.9272
2026-06-02,NOVA-CPT-01,DC-SOUTH,South,175,78,97,0.8664
2026-06-02,NOVA-CPT-01,DC-EAST,East,185,61,124,0.8608
2026-06-02,NOVA-CPT-01,DC-WEST,West,174,67,107,0.915
2026-06-02,NOVA-CPT-02,DC-NORTH,North,185,46,139,0.9278
2026-06-02,NOVA-CPT-02,DC-SOUTH,South,236,95,141,0.8944
2026-06-02,NOVA-CPT-02,DC-EAST,East,198,67,131,0.8863
2026-06-02,NOVA-CPT-02,DC-WEST,West,200,85,115,0.9162
2026-06-02,NOVA-WBL-01,DC-NORTH,North,288,129,159,0.8479
2026-06-02,NOVA-WBL-01,DC-SOUTH,South,274,78,196,0.8705
2026-06-02,NOVA-WBL-01,DC-EAST,East,307,125,182,0.8909
2026-06-02,NOVA-WBL-01,DC-WEST,West,309,89,220,0.9276
2026-06-02,NOVA-WBL-02,DC-NORTH,North,386,105,281,0.8566
2026-06-02,NOVA-WBL-02,DC-SOUTH,South,406,105,301,0.8525
2026-06-02,NOVA-WBL-02,DC-EAST,East,465,172,293,0.8815
2026-06-02,NOVA-WBL-02,DC-WEST,West,382,97,285,0.8645
2026-06-02,NOVA-ACC-01,DC-NORTH,North,827,295,532,0.942
2026-06-02,NOVA-ACC-01,DC-SOUTH,South,704,209,495,0.8514
2026-06-02,NOVA-ACC-01,DC-EAST,East,747,289,458,0.9478
2026-06-02,NOVA-ACC-01,DC-WEST,West,769,265,504,0.9198
2026-06-02,NOVA-ACC-02,DC-NORTH,North,577,189,388,0.899
2026-06-02,NOVA-ACC-02,DC-SOUTH,South,530,147,383,0.8892
2026-06-02,NOVA-ACC-02,DC-EAST,East,563,174,389,0.864
2026-06-02,NOVA-ACC-02,DC-WEST,West,615,226,389,0.9329
2026-06-03,NOVA-AUD-01,DC-NORTH,North,424,158,266,0.9286
2026-06-03,NOVA-AUD-01,DC-SOUTH,South,413,120,293,0.9443
2026-06-03,NOVA-AUD-01,DC-EAST,East,405,172,233,0.8882
2026-06-03,NOVA-AUD-01,DC-WEST,West,389,158,231,0.9472
2026-06-03,NOVA-AUD-02,DC-NORTH,North,469,175,294,0.9333
2026-06-03,NOVA-AUD-02,DC-SOUTH,South,465,152,313,0.9324
2026-06-03,NOVA-AUD-02,DC-EAST,East,525,161,364,0.9221
2026-06-03,NOVA-AUD-02,DC-WEST,West,477,198,279,0.8951
2026-06-03,NOVA-MOB-01,DC-NORTH,North,220,78,142,0.9111
2026-06-03,NOVA-MOB-01,DC-SOUTH,South,262,73,189,0.8902
2026-06-03,NOVA-MOB-01,DC-EAST,East,250,66,184,0.8926
2026-06-03,NOVA-MOB-01,DC-WEST,West,258,85,173,0.8934
2026-06-03,NOVA-MOB-02,DC-NORTH,North,279,77,202,0.9218
2026-06-03,NOVA-MOB-02,DC-SOUTH,South,321,121,200,0.9447
2026-06-03,NOVA-MOB-02,DC-EAST,East,353,129,224,0.9336
2026-06-03,NOVA-MOB-02,DC-WEST,West,289,100,189,0.9256
2026-06-03,NOVA-CPT-01,DC-NORTH,North,144,44,100,0.8704
2026-06-03,NOVA-CPT-01,DC-SOUTH,South,154,68,86,0.925
2026-06-03,NOVA-CPT-01,DC-EAST,East,162,65,97,0.8953
2026-06-03,NOVA-CPT-01,DC-WEST,West,147,49,98,0.8957
2026-06-03,NOVA-CPT-02,DC-NORTH,North,187,77,110,0.8724
2026-06-03,NOVA-CPT-02,DC-SOUTH,South,204,87,117,0.9274
2026-06-03,NOVA-CPT-02,DC-EAST,East,192,49,143,0.8963
2026-06-03,NOVA-CPT-02,DC-WEST,West,211,92,119,0.8684
2026-06-03,NOVA-WBL-01,DC-NORTH,North,256,103,153,0.9246
2026-06-03,NOVA-WBL-01,DC-SOUTH,South,286,75,211,0.9
2026-06-03,NOVA-WBL-01,DC-EAST,East,301,115,186,0.8854
2026-06-03,NOVA-WBL-01,DC-WEST,West,273,102,171,0.854
2026-06-03,NOVA-WBL-02,DC-NORTH,North,420,143,277,0.943
2026-06-03,NOVA-WBL-02,DC-SOUTH,South,370,120,250,0.8874
2026-06-03,NOVA-WBL-02,DC-EAST,East,478,174,304,0.8976
2026-06-03,NOVA-WBL-02,DC-WEST,West,384,152,232,0.8587
2026-06-03,NOVA-ACC-01,DC-NORTH,North,665,278,387,0.932
2026-06-03,NOVA-ACC-01,DC-SOUTH,South,801,274,527,0.8783
2026-06-03,NOVA-ACC-01,DC-EAST,East,834,277,557,0.8831
2026-06-03,NOVA-ACC-01,DC-WEST,West,883,227,656,0.8778
2026-06-03,NOVA-ACC-02,DC-NORTH,North,579,174,405,0.9278
2026-06-03,NOVA-ACC-02,DC-SOUTH,South,604,222,382,0.9092
2026-06-03,NOVA-ACC-02,DC-EAST,East,619,204,415,0.9534
2026-06-03,NOVA-ACC-02,DC-WEST,West,618,166,452,0.9383
2026-06-04,NOVA-AUD-01,DC-NORTH,North,434,187,247,0.9218
2026-06-04,NOVA-AUD-01,DC-SOUTH,South,404,104,300,0.894
2026-06-04,NOVA-AUD-01,DC-EAST,East,437,120,317,0.8885
2026-06-04,NOVA-AUD-01,DC-WEST,West,449,146,303,0.9159
2026-06-04,NOVA-AUD-02,DC-NORTH,North,546,216,330,0.8989
2026-06-04,NOVA-AUD-02,DC-SOUTH,South,538,159,379,0.8865
2026-06-04,NOVA-AUD-02,DC-EAST,East,450,145,305,0.8973
2026-06-04,NOVA-AUD-02,DC-WEST,West,475,120,355,0.9326
2026-06-04,NOVA-MOB-01,DC-NORTH,North,241,60,181,0.847
2026-06-04,NOVA-MOB-01,DC-SOUTH,South,256,69,187,0.8671
2026-06-04,NOVA-MOB-01,DC-EAST,East,252,102,150,0.908
2026-06-04,NOVA-MOB-01,DC-WEST,West,221,75,146,0.9449
2026-06-04,NOVA-MOB-02,DC-NORTH,North,335,127,208,0.8465
2026-06-04,NOVA-MOB-02,DC-SOUTH,South,352,133,219,0.9105
2026-06-04,NOVA-MOB-02,DC-EAST,East,352,122,230,0.9153
2026-06-04,NOVA-MOB-02,DC-WEST,West,315,110,205,0.9244
2026-06-04,NOVA-CPT-01,DC-NORTH,North,177,48,129,0.9018
2026-06-04,NOVA-CPT-01,DC-SOUTH,South,161,62,99,0.8907
2026-06-04,NOVA-CPT-01,DC-EAST,East,155,66,89,0.9056
2026-06-04,NOVA-CPT-01,DC-WEST,West,142,60,82,0.9066
2026-06-04,NOVA-CPT-02,DC-NORTH,North,187,80,107,0.8654
2026-06-04,NOVA-CPT-02,DC-SOUTH,South,197,82,115,0.8928
2026-06-04,NOVA-CPT-02,DC-EAST,East,239,79,160,0.856
2026-06-04,NOVA-CPT-02,DC-WEST,West,222,71,151,0.8928
2026-06-04,NOVA-WBL-01,DC-NORTH,North,272,77,195,0.8896
2026-06-04,NOVA-WBL-01,DC-SOUTH,South,319,131,188,0.8783
2026-06-04,NOVA-WBL-01,DC-EAST,East,256,105,151,0.8677
2026-06-04,NOVA-WBL-01,DC-WEST,West,301,85,216,0.9524
2026-06-04,NOVA-WBL-02,DC-NORTH,North,441,156,285,0.8487
2026-06-04,NOVA-WBL-02,DC-SOUTH,South,429,117,312,0.9296
2026-06-04,NOVA-WBL-02,DC-EAST,East,469,124,345,0.8898
2026-06-04,NOVA-WBL-02,DC-WEST,West,389,140,249,0.8944
2026-06-04,NOVA-ACC-01,DC-NORTH,North,879,271,608,0.894
2026-06-04,NOVA-ACC-01,DC-SOUTH,South,848,308,540,0.9491
2026-06-04,NOVA-ACC-01,DC-EAST,East,874,337,537,0.9195
2026-06-04,NOVA-ACC-01,DC-WEST,West,857,218,639,0.9338
2026-06-04,NOVA-ACC-02,DC-NORTH,North,530,182,348,0.8512
2026-06-04,NOVA-ACC-02,DC-SOUTH,South,580,195,385,0.9376
2026-06-04,NOVA-ACC-02,DC-EAST,East,541,170,371,0.8613
2026-06-04,NOVA-ACC-02,DC-WEST,West,635,217,418,0.9102
2026-06-05,NOVA-AUD-01,DC-NORTH,North,362,124,238,0.9001
2026-06-05,NOVA-AUD-01,DC-SOUTH,South,432,114,318,0.8924
2026-06-05,NOVA-AUD-01,DC-EAST,East,396,137,259,0.941
2026-06-05,NOVA-AUD-01,DC-WEST,West,346,151,195,0.8491
2026-06-05,NOVA-AUD-02,DC-NORTH,North,428,145,283,0.8969
2026-06-05,NOVA-AUD-02,DC-SOUTH,South,475,208,267,0.851
2026-06-05,NOVA-AUD-02,DC-EAST,East,442,111,331,0.916
2026-06-05,NOVA-AUD-02,DC-WEST,West,453,176,277,0.8793
2026-06-05,NOVA-MOB-01,DC-NORTH,North,224,78,146,0.8607
2026-06-05,NOVA-MOB-01,DC-SOUTH,South,240,68,172,0.8492
2026-06-05,NOVA-MOB-01,DC-EAST,East,237,67,170,0.8741
2026-06-05,NOVA-MOB-01,DC-WEST,West,239,93,146,0.8661
2026-06-05,NOVA-MOB-02,DC-NORTH,North,319,89,230,0.9413
2026-06-05,NOVA-MOB-02,DC-SOUTH,South,263,84,179,0.954
2026-06-05,NOVA-MOB-02,DC-EAST,East,321,81,240,0.8733
2026-06-05,NOVA-MOB-02,DC-WEST,West,269,77,192,0.931
2026-06-05,NOVA-CPT-01,DC-NORTH,North,159,50,109,0.8816
2026-06-05,NOVA-CPT-01,DC-SOUTH,South,158,53,105,0.8881
2026-06-05,NOVA-CPT-01,DC-EAST,East,163,60,103,0.8698
2026-06-05,NOVA-CPT-01,DC-WEST,West,158,58,100,0.8809
2026-06-05,NOVA-CPT-02,DC-NORTH,North,230,87,143,0.8651
2026-06-05,NOVA-CPT-02,DC-SOUTH,South,187,81,106,0.9334
2026-06-05,NOVA-CPT-02,DC-EAST,East,201,89,112,0.8625
2026-06-05,NOVA-CPT-02,DC-WEST,West,239,91,148,0.8667
2026-06-05,NOVA-WBL-01,DC-NORTH,North,313,96,217,0.8672
2026-06-05,NOVA-WBL-01,DC-SOUTH,South,238,64,174,0.8715
2026-06-05,NOVA-WBL-01,DC-EAST,East,252,88,164,0.8855
2026-06-05,NOVA-WBL-01,DC-WEST,West,282,105,177,0.8949
2026-06-05,NOVA-WBL-02,DC-NORTH,North,432,158,274,0.9538
2026-06-05,NOVA-WBL-02,DC-SOUTH,South,409,149,260,0.9261
2026-06-05,NOVA-WBL-02,DC-EAST,East,371,134,237,0.8701
2026-06-05,NOVA-WBL-02,DC-WEST,West,463,122,341,0.8738
2026-06-05,NOVA-ACC-01,DC-NORTH,North,788,275,513,0.9169
2026-06-05,NOVA-ACC-01,DC-SOUTH,South,706,236,470,0.8918
2026-06-05,NOVA-ACC-01,DC-EAST,East,875,228,647,0.9497
2026-06-05,NOVA-ACC-01,DC-WEST,West,818,351,467,0.8964
2026-06-05,NOVA-ACC-02,DC-NORTH,North,528,229,299,0.8665
2026-06-05,NOVA-ACC-02,DC-SOUTH,South,492,186,306,0.8957
2026-06-05,NOVA-ACC-02,DC-EAST,East,618,230,388,0.85
2026-06-05,NOVA-ACC-02,DC-WEST,West,508,195,313,0.9263
2026-06-06,NOVA-AUD-01,DC-NORTH,North,372,146,226,0.9008
2026-06-06,NOVA-AUD-01,DC-SOUTH,South,431,137,294,0.9249
2026-06-06,NOVA-AUD-01,DC-EAST,East,362,103,259,0.9364
2026-06-06,NOVA-AUD-01,DC-WEST,West,386,169,217,0.8708
2026-06-06,NOVA-AUD-02,DC-NORTH,North,525,179,346,0.9283
2026-06-06,NOVA-AUD-02,DC-SOUTH,South,489,144,345,0.9015
2026-06-06,NOVA-AUD-02,DC-EAST,East,543,163,380,0.8558
2026-06-06,NOVA-AUD-02,DC-WEST,West,514,212,302,0.8638
2026-06-06,NOVA-MOB-01,DC-NORTH,North,282,114,168,0.8911
2026-06-06,NOVA-MOB-01,DC-SOUTH,South,266,116,150,0.9418
2026-06-06,NOVA-MOB-01,DC-EAST,East,262,71,191,0.8469
2026-06-06,NOVA-MOB-01,DC-WEST,West,234,64,170,0.8682
2026-06-06,NOVA-MOB-02,DC-NORTH,North,274,69,205,0.9425
2026-06-06,NOVA-MOB-02,DC-SOUTH,South,326,126,200,0.9517
2026-06-06,NOVA-MOB-02,DC-EAST,East,295,95,200,0.9212
2026-06-06,NOVA-MOB-02,DC-WEST,West,325,142,183,0.874
2026-06-06,NOVA-CPT-01,DC-NORTH,North,167,43,124,0.8707
2026-06-06,NOVA-CPT-01,DC-SOUTH,South,186,79,107,0.8529
2026-06-06,NOVA-CPT-01,DC-EAST,East,157,59,98,0.8889
2026-06-06,NOVA-CPT-01,DC-WEST,West,158,67,91,0.8697
2026-06-06,NOVA-CPT-02,DC-NORTH,North,222,59,163,0.9138
2026-06-06,NOVA-CPT-02,DC-SOUTH,South,185,78,107,0.8536
2026-06-06,NOVA-CPT-02,DC-EAST,East,237,100,137,0.8652
2026-06-06,NOVA-CPT-02,DC-WEST,West,192,52,140,0.9088
2026-06-06,NOVA-WBL-01,DC-NORTH,North,286,80,206,0.952
2026-06-06,NOVA-WBL-01,DC-SOUTH,South,306,119,187,0.953
2026-06-06,NOVA-WBL-01,DC-EAST,East,276,71,205,0.8814
2026-06-06,NOVA-WBL-01,DC-WEST,West,297,116,181,0.8502
2026-06-06,NOVA-WBL-02,DC-NORTH,North,398,130,268,0.9525
2026-06-06,NOVA-WBL-02,DC-SOUTH,South,372,126,246,0.8989
2026-06-06,NOVA-WBL-02,DC-EAST,East,391,128,263,0.9363
2026-06-06,NOVA-WBL-02,DC-WEST,West,418,132,286,0.8586
2026-06-06,NOVA-ACC-01,DC-NORTH,North,882,252,630,0.8669
2026-06-06,NOVA-ACC-01,DC-SOUTH,South,818,353,465,0.9388
2026-06-06,NOVA-ACC-01,DC-EAST,East,870,357,513,0.936
2026-06-06,NOVA-ACC-01,DC-WEST,West,868,375,493,0.9056
2026-06-06,NOVA-ACC-02,DC-NORTH,North,583,213,370,0.8602
2026-06-06,NOVA-ACC-02,DC-SOUTH,South,560,145,415,0.8624
2026-06-06,NOVA-ACC-02,DC-EAST,East,488,143,345,0.9409
2026-06-06,NOVA-ACC-02,DC-WEST,West,481,184,297,0.9311
2026-06-07,NOVA-AUD-01,DC-NORTH,North,338,128,210,0.9015
2026-06-07,NOVA-AUD-01,DC-SOUTH,South,447,156,291,0.9129
2026-06-07,NOVA-AUD-01,DC-EAST,East,355,117,238,0.9004
2026-06-07,NOVA-AUD-01,DC-WEST,West,355,108,247,0.8593
2026-06-07,NOVA-AUD-02,DC-NORTH,North,500,207,293,0.9124
2026-06-07,NOVA-AUD-02,DC-SOUTH,South,515,231,284,0.904
2026-06-07,NOVA-AUD-02,DC-EAST,East,465,166,299,0.8999
2026-06-07,NOVA-AUD-02,DC-WEST,West,522,142,380,0.9436
2026-06-07,NOVA-MOB-01,DC-NORTH,North,217,95,122,0.8971
2026-06-07,NOVA-MOB-01,DC-SOUTH,South,246,109,137,0.9234
2026-06-07,NOVA-MOB-01,DC-EAST,East,254,85,169,0.8913
2026-06-07,NOVA-MOB-01,DC-WEST,West,280,110,170,0.9515
2026-06-07,NOVA-MOB-02,DC-NORTH,North,330,91,239,0.9367
2026-06-07,NOVA-MOB-02,DC-SOUTH,South,353,154,199,0.9115
2026-06-07,NOVA-MOB-02,DC-EAST,East,344,149,195,0.9307
2026-06-07,NOVA-MOB-02,DC-WEST,West,276,75,201,0.8498
2026-06-07,NOVA-CPT-01,DC-NORTH,North,184,73,111,0.8689
2026-06-07,NOVA-CPT-01,DC-SOUTH,South,162,44,118,0.8873
2026-06-07,NOVA-CPT-01,DC-EAST,East,162,63,99,0.92
2026-06-07,NOVA-CPT-01,DC-WEST,West,173,69,104,0.8688
2026-06-07,NOVA-CPT-02,DC-NORTH,North,183,82,101,0.9356
2026-06-07,NOVA-CPT-02,DC-SOUTH,South,216,81,135,0.9199
2026-06-07,NOVA-CPT-02,DC-EAST,East,211,53,158,0.8642
2026-06-07,NOVA-CPT-02,DC-WEST,West,191,71,120,0.881
2026-06-07,NOVA-WBL-01,DC-NORTH,North,253,86,167,0.8892
2026-06-07,NOVA-WBL-01,DC-SOUTH,South,295,94,201,0.9502
2026-06-07,NOVA-WBL-01,DC-EAST,East,241,84,157,0.8809
2026-06-07,NOVA-WBL-01,DC-WEST,West,283,120,163,0.9109
2026-06-07,NOVA-WBL-02,DC-NORTH,North,464,204,260,0.9479
2026-06-07,NOVA-WBL-02,DC-SOUTH,South,454,191,263,0.8878
2026-06-07,NOVA-WBL-02,DC-EAST,East,363,108,255,0.9307
2026-06-07,NOVA-WBL-02,DC-WEST,West,416,147,269,0.9497
2026-06-07,NOVA-ACC-01,DC-NORTH,North,788,242,546,0.9152
2026-06-07,NOVA-ACC-01,DC-SOUTH,South,780,333,447,0.9289
2026-06-07,NOVA-ACC-01,DC-EAST,East,849,279,570,0.8618
2026-06-07,NOVA-ACC-01,DC-WEST,West,744,298,446,0.8498
2026-06-07,NOVA-ACC-02,DC-NORTH,North,582,214,368,0.8512
2026-06-07,NOVA-ACC-02,DC-SOUTH,South,590,163,427,0.9514
2026-06-07,NOVA-ACC-02,DC-EAST,East,564,210,354,0.8662
2026-06-07,NOVA-ACC-02,DC-WEST,West,476,192,284,0.8962
2026-06-08,NOVA-AUD-01,DC-NORTH,North,356,126,230,0.9428
2026-06-08,NOVA-AUD-01,DC-SOUTH,South,436,137,299,0.8482
2026-06-08,NOVA-AUD-01,DC-EAST,East,447,131,316,0.8679
2026-06-08,NOVA-AUD-01,DC-WEST,West,378,163,215,0.8945
2026-06-08,NOVA-AUD-02,DC-NORTH,North,467,169,298,0.9085
2026-06-08,NOVA-AUD-02,DC-SOUTH,South,468,167,301,0.8569
2026-06-08,NOVA-AUD-02,DC-EAST,East,530,231,299,0.9212
2026-06-08,NOVA-AUD-02,DC-WEST,West,502,135,367,0.8702
2026-06-08,NOVA-MOB-01,DC-NORTH,North,242,105,137,0.8611
2026-06-08,NOVA-MOB-01,DC-SOUTH,South,241,96,145,0.901
2026-06-08,NOVA-MOB-01,DC-EAST,East,233,88,145,0.9524
2026-06-08,NOVA-MOB-01,DC-WEST,West,215,86,129,0.8916
2026-06-08,NOVA-MOB-02,DC-NORTH,North,306,87,219,0.8565
2026-06-08,NOVA-MOB-02,DC-SOUTH,South,323,87,236,0.9264
2026-06-08,NOVA-MOB-02,DC-EAST,East,332,144,188,0.8785
2026-06-08,NOVA-MOB-02,DC-WEST,West,286,108,178,0.9015
2026-06-08,NOVA-CPT-01,DC-NORTH,North,160,44,116,0.8783
2026-06-08,NOVA-CPT-01,DC-SOUTH,South,163,43,120,0.9193
2026-06-08,NOVA-CPT-01,DC-EAST,East,146,60,86,0.8561
2026-06-08,NOVA-CPT-01,DC-WEST,West,142,38,104,0.9421
2026-06-08,NOVA-CPT-02,DC-NORTH,North,209,76,133,0.9263
2026-06-08,NOVA-CPT-02,DC-SOUTH,South,193,84,109,0.9145
2026-06-08,NOVA-CPT-02,DC-EAST,East,199,53,146,0.8788
2026-06-08,NOVA-CPT-02,DC-WEST,West,238,78,160,0.8943
2026-06-08,NOVA-WBL-01,DC-NORTH,North,310,88,222,0.8792
2026-06-08,NOVA-WBL-01,DC-SOUTH,South,258,73,185,0.9189
2026-06-08,NOVA-WBL-01,DC-EAST,East,263,80,183,0.9458
2026-06-08,NOVA-WBL-01,DC-WEST,West,246,65,181,0.906
2026-06-08,NOVA-WBL-02,DC-NORTH,North,477,211,266,0.9532
2026-06-08,NOVA-WBL-02,DC-SOUTH,South,468,136,332,0.9168
2026-06-08,NOVA-WBL-02,DC-EAST,East,396,130,266,0.8756
2026-06-08,NOVA-WBL-02,DC-WEST,West,402,103,299,0.8629
2026-06-08,NOVA-ACC-01,DC-NORTH,North,658,195,463,0.9445
2026-06-08,NOVA-ACC-01,DC-SOUTH,South,776,261,515,0.9401
2026-06-08,NOVA-ACC-01,DC-EAST,East,753,254,499,0.8874
2026-06-08,NOVA-ACC-01,DC-WEST,West,746,277,469,0.9334
2026-06-08,NOVA-ACC-02,DC-NORTH,North,560,215,345,0.8873
2026-06-08,NOVA-ACC-02,DC-SOUTH,South,510,229,281,0.8498
2026-06-08,NOVA-ACC-02,DC-EAST,East,523,208,315,0.8899
2026-06-08,NOVA-ACC-02,DC-WEST,West,616,177,439,0.9415
2026-06-09,NOVA-AUD-01,DC-NORTH,North,438,167,271,0.8462
2026-06-09,NOVA-AUD-01,DC-SOUTH,South,394,173,221,0.9338
2026-06-09,NOVA-AUD-01,DC-EAST,East,341,106,235,0.8582
2026-06-09,NOVA-AUD-01,DC-WEST,West,393,167,226,0.8521
2026-06-09,NOVA-AUD-02,DC-NORTH,North,508,143,365,0.9213
2026-06-09,NOVA-AUD-02,DC-SOUTH,South,450,168,282,0.8748
2026-06-09,NOVA-AUD-02,DC-EAST,East,473,169,304,0.871
2026-06-09,NOVA-AUD-02,DC-WEST,West,461,178,283,0.8879
2026-06-09,NOVA-MOB-01,DC-NORTH,North,226,91,135,0.9009
2026-06-09,NOVA-MOB-01,DC-SOUTH,South,253,72,181,0.8613
2026-06-09,NOVA-MOB-01,DC-EAST,East,234,67,167,0.8904
2026-06-09,NOVA-MOB-01,DC-WEST,West,257,108,149,0.924
2026-06-09,NOVA-MOB-02,DC-NORTH,North,351,134,217,0.9192
2026-06-09,NOVA-MOB-02,DC-SOUTH,South,307,135,172,0.8729
2026-06-09,NOVA-MOB-02,DC-EAST,East,276,116,160,0.9099
2026-06-09,NOVA-MOB-02,DC-WEST,West,327,121,206,0.9161
2026-06-09,NOVA-CPT-01,DC-NORTH,North,155,43,112,0.9484
2026-06-09,NOVA-CPT-01,DC-SOUTH,South,189,49,140,0.8895
2026-06-09,NOVA-CPT-01,DC-EAST,East,173,53,120,0.8482
2026-06-09,NOVA-CPT-01,DC-WEST,West,162,66,96,0.8621
2026-06-09,NOVA-CPT-02,DC-NORTH,North,206,89,117,0.8489
2026-06-09,NOVA-CPT-02,DC-SOUTH,South,201,78,123,0.9127
2026-06-09,NOVA-CPT-02,DC-EAST,East,220,62,158,0.855
2026-06-09,NOVA-CPT-02,DC-WEST,West,232,77,155,0.909
2026-06-09,NOVA-WBL-01,DC-NORTH,North,254,112,142,0.9139
2026-06-09,NOVA-WBL-01,DC-SOUTH,South,281,112,169,0.8629
2026-06-09,NOVA-WBL-01,DC-EAST,East,266,116,150,0.866
2026-06-09,NOVA-WBL-01,DC-WEST,West,310,87,223,0.9108
2026-06-09,NOVA-WBL-02,DC-NORTH,North,391,131,260,0.8784
2026-06-09,NOVA-WBL-02,DC-SOUTH,South,394,121,273,0.8748
2026-06-09,NOVA-WBL-02,DC-EAST,East,393,152,241,0.891
2026-06-09,NOVA-WBL-02,DC-WEST,West,404,135,269,0.9401
2026-06-09,NOVA-ACC-01,DC-NORTH,North,667,220,447,0.8726
2026-06-09,NOVA-ACC-01,DC-SOUTH,South,857,218,639,0.8633
2026-06-09,NOVA-ACC-01,DC-EAST,East,761,250,511,0.8878
2026-06-09,NOVA-ACC-01,DC-WEST,West,813,359,454,0.8845
2026-06-09,NOVA-ACC-02,DC-NORTH,North,596,157,439,0.8695
2026-06-09,NOVA-ACC-02,DC-SOUTH,South,594,238,356,0.8687
2026-06-09,NOVA-ACC-02,DC-EAST,East,523,170,353,0.9317
2026-06-09,NOVA-ACC-02,DC-WEST,West,577,170,407,0.897
2026-06-10,NOVA-AUD-01,DC-NORTH,North,389,158,231,0.879
2026-06-10,NOVA-AUD-01,DC-SOUTH,South,420,180,240,0.8642
2026-06-10,NOVA-AUD-01,DC-EAST,East,393,159,234,0.8538
2026-06-10,NOVA-AUD-01,DC-WEST,West,432,165,267,0.9152
2026-06-10,NOVA-AUD-02,DC-NORTH,North,529,234,295,0.8574
2026-06-10,NOVA-AUD-02,DC-SOUTH,South,527,184,343,0.8921
2026-06-10,NOVA-AUD-02,DC-EAST,East,432,132,300,0.9231
2026-06-10,NOVA-AUD-02,DC-WEST,West,506,211,295,0.8958
2026-06-10,NOVA-MOB-01,DC-NORTH,North,260,96,164,0.8769
2026-06-10,NOVA-MOB-01,DC-SOUTH,South,289,120,169,0.8539
2026-06-10,NOVA-MOB-01,DC-EAST,East,237,99,138,0.89
2026-06-10,NOVA-MOB-01,DC-WEST,West,255,72,183,0.8955
2026-06-10,NOVA-MOB-02,DC-NORTH,North,298,79,219,0.8472
2026-06-10,NOVA-MOB-02,DC-SOUTH,South,346,125,221,0.897
2026-06-10,NOVA-MOB-02,DC-EAST,East,352,98,254,0.9314
2026-06-10,NOVA-MOB-02,DC-WEST,West,348,122,226,0.8747
2026-06-10,NOVA-CPT-01,DC-NORTH,North,146,47,99,0.8632
2026-06-10,NOVA-CPT-01,DC-SOUTH,South,165,72,93,0.8878
2026-06-10,NOVA-CPT-01,DC-EAST,East,188,70,118,0.9139
2026-06-10,NOVA-CPT-01,DC-WEST,West,180,73,107,0.9038
2026-06-10,NOVA-CPT-02,DC-NORTH,North,204,63,141,0.9464
2026-06-10,NOVA-CPT-02,DC-SOUTH,South,180,54,126,0.8843
2026-06-10,NOVA-CPT-02,DC-EAST,East,186,47,139,0.8982
2026-06-10,NOVA-CPT-02,DC-WEST,West,205,82,123,0.8962
2026-06-10,NOVA-WBL-01,DC-NORTH,North,278,75,203,0.9481
2026-06-10,NOVA-WBL-01,DC-SOUTH,South,269,74,195,0.8478
2026-06-10,NOVA-WBL-01,DC-EAST,East,300,114,186,0.8669
2026-06-10,NOVA-WBL-01,DC-WEST,West,248,111,137,0.8892
2026-06-10,NOVA-WBL-02,DC-NORTH,North,453,174,279,0.8538
2026-06-10,NOVA-WBL-02,DC-SOUTH,South,459,164,295,0.8818
2026-06-10,NOVA-WBL-02,DC-EAST,East,405,112,293,0.8678
2026-06-10,NOVA-WBL-02,DC-WEST,West,394,116,278,0.9162
2026-06-10,NOVA-ACC-01,DC-NORTH,North,670,246,424,0.8481
2026-06-10,NOVA-ACC-01,DC-SOUTH,South,737,302,435,0.9337
2026-06-10,NOVA-ACC-01,DC-EAST,East,705,253,452,0.9366
2026-06-10,NOVA-ACC-01,DC-WEST,West,868,240,628,0.9342
2026-06-10,NOVA-ACC-02,DC-NORTH,North,484,203,281,0.8522
2026-06-10,NOVA-ACC-02,DC-SOUTH,South,615,250,365,0.9266
2026-06-10,NOVA-ACC-02,DC-EAST,East,635,251,384,0.9154
2026-06-10,NOVA-ACC-02,DC-WEST,West,604,152,452,0.9061
2026-06-11,NOVA-AUD-01,DC-NORTH,North,338,105,233,0.8629
2026-06-11,NOVA-AUD-01,DC-SOUTH,South,363,132,231,0.9495
2026-06-11,NOVA-AUD-01,DC-EAST,East,392,124,268,0.9029
2026-06-11,NOVA-AUD-01,DC-WEST,West,393,111,282,0.9483
2026-06-11,NOVA-AUD-02,DC-NORTH,North,538,140,398,0.858
2026-06-11,NOVA-AUD-02,DC-SOUTH,South,477,190,287,0.8895
2026-06-11,NOVA-AUD-02,DC-EAST,East,514,132,382,0.9343
2026-06-11,NOVA-AUD-02,DC-WEST,West,506,221,285,0.8657
2026-06-11,NOVA-MOB-01,DC-NORTH,North,280,75,205,0.9124
2026-06-11,NOVA-MOB-01,DC-SOUTH,South,260,112,148,0.942
2026-06-11,NOVA-MOB-01,DC-EAST,East,279,102,177,0.9381
2026-06-11,NOVA-MOB-01,DC-WEST,West,276,95,181,0.8579
2026-06-11,NOVA-MOB-02,DC-NORTH,North,332,143,189,0.8855
2026-06-11,NOVA-MOB-02,DC-SOUTH,South,285,114,171,0.9215
2026-06-11,NOVA-MOB-02,DC-EAST,East,351,144,207,0.926
2026-06-11,NOVA-MOB-02,DC-WEST,West,268,79,189,0.8698
2026-06-11,NOVA-CPT-01,DC-NORTH,North,190,62,128,0.915
2026-06-11,NOVA-CPT-01,DC-SOUTH,South,181,55,126,0.8672
2026-06-11,NOVA-CPT-01,DC-EAST,East,166,50,116,0.8517
2026-06-11,NOVA-CPT-01,DC-WEST,West,157,43,114,0.9478
2026-06-11,NOVA-CPT-02,DC-NORTH,North,207,82,125,0.875
2026-06-11,NOVA-CPT-02,DC-SOUTH,South,199,65,134,0.925
2026-06-11,NOVA-CPT-02,DC-EAST,East,233,63,170,0.8815
2026-06-11,NOVA-CPT-02,DC-WEST,West,200,72,128,0.8543
2026-06-11,NOVA-WBL-01,DC-NORTH,North,272,68,204,0.9518
2026-06-11,NOVA-WBL-01,DC-SOUTH,South,263,68,195,0.8934
2026-06-11,NOVA-WBL-01,DC-EAST,East,279,93,186,0.849
2026-06-11,NOVA-WBL-01,DC-WEST,West,302,134,168,0.8969
2026-06-11,NOVA-WBL-02,DC-NORTH,North,425,163,262,0.9133
2026-06-11,NOVA-WBL-02,DC-SOUTH,South,464,196,268,0.8767
2026-06-11,NOVA-WBL-02,DC-EAST,East,436,128,308,0.8949
2026-06-11,NOVA-WBL-02,DC-WEST,West,473,186,287,0.8621
2026-06-11,NOVA-ACC-01,DC-NORTH,North,792,313,479,0.9216
2026-06-11,NOVA-ACC-01,DC-SOUTH,South,872,375,497,0.8678
2026-06-11,NOVA-ACC-01,DC-EAST,East,680,249,431,0.9123
2026-06-11,NOVA-ACC-01,DC-WEST,West,798,338,460,0.8789
2026-06-11,NOVA-ACC-02,DC-NORTH,North,617,252,365,0.933
2026-06-11,NOVA-ACC-02,DC-SOUTH,South,493,152,341,0.8862
2026-06-11,NOVA-ACC-02,DC-EAST,East,541,195,346,0.9444
2026-06-11,NOVA-ACC-02,DC-WEST,West,567,171,396,0.9327
2026-06-12,NOVA-AUD-01,DC-NORTH,North,383,118,265,0.8788
2026-06-12,NOVA-AUD-01,DC-SOUTH,South,359,129,230,0.9181
2026-06-12,NOVA-AUD-01,DC-EAST,East,437,133,304,0.9351
2026-06-12,NOVA-AUD-01,DC-WEST,West,377,161,216,0.8842
2026-06-12,NOVA-AUD-02,DC-NORTH,North,467,185,282,0.939
2026-06-12,NOVA-AUD-02,DC-SOUTH,South,533,181,352,0.9057
2026-06-12,NOVA-AUD-02,DC-EAST,East,426,160,266,0.9234
2026-06-12,NOVA-AUD-02,DC-WEST,West,501,184,317,0.8966
2026-06-12,NOVA-MOB-01,DC-NORTH,North,224,59,165,0.9464
2026-06-12,NOVA-MOB-01,DC-SOUTH,South,220,83,137,0.8595
2026-06-12,NOVA-MOB-01,DC-EAST,East,273,80,193,0.8634
2026-06-12,NOVA-MOB-01,DC-WEST,West,250,110,140,0.8693
2026-06-12,NOVA-MOB-02,DC-NORTH,North,344,113,231,0.9142
2026-06-12,NOVA-MOB-02,DC-SOUTH,South,319,129,190,0.8999
2026-06-12,NOVA-MOB-02,DC-EAST,East,351,145,206,0.8947
2026-06-12,NOVA-MOB-02,DC-WEST,West,310,119,191,0.8874
2026-06-12,NOVA-CPT-01,DC-NORTH,North,172,57,115,0.9524
2026-06-12,NOVA-CPT-01,DC-SOUTH,South,167,59,108,0.9368
2026-06-12,NOVA-CPT-01,DC-EAST,East,176,60,116,0.9508
2026-06-12,NOVA-CPT-01,DC-WEST,West,156,57,99,0.8576
2026-06-12,NOVA-CPT-02,DC-NORTH,North,218,93,125,0.9127
2026-06-12,NOVA-CPT-02,DC-SOUTH,South,227,94,133,0.8583
2026-06-12,NOVA-CPT-02,DC-EAST,East,229,71,158,0.9487
2026-06-12,NOVA-CPT-02,DC-WEST,West,230,70,160,0.8762
2026-06-12,NOVA-WBL-01,DC-NORTH,North,272,76,196,0.8498
2026-06-12,NOVA-WBL-01,DC-SOUTH,South,246,80,166,0.9311
2026-06-12,NOVA-WBL-01,DC-EAST,East,253,94,159,0.913
2026-06-12,NOVA-WBL-01,DC-WEST,West,273,94,179,0.9294
2026-06-12,NOVA-WBL-02,DC-NORTH,North,414,185,229,0.9212
2026-06-12,NOVA-WBL-02,DC-SOUTH,South,461,137,324,0.8649
2026-06-12,NOVA-WBL-02,DC-EAST,East,459,149,310,0.8685
2026-06-12,NOVA-WBL-02,DC-WEST,West,419,110,309,0.8906
2026-06-12,NOVA-ACC-01,DC-NORTH,North,773,240,533,0.8914
2026-06-12,NOVA-ACC-01,DC-SOUTH,South,770,203,567,0.8596
2026-06-12,NOVA-ACC-01,DC-EAST,East,665,223,442,0.9061
2026-06-12,NOVA-ACC-01,DC-WEST,West,796,224,572,0.8955
2026-06-12,NOVA-ACC-02,DC-NORTH,North,642,284,358,0.9092
2026-06-12,NOVA-ACC-02,DC-SOUTH,South,583,230,353,0.8966
2026-06-12,NOVA-ACC-02,DC-EAST,East,638,168,470,0.9128
2026-06-12,NOVA-ACC-02,DC-WEST,West,635,185,450,0.919
2026-06-13,NOVA-AUD-01,DC-NORTH,North,402,162,240,0.9201
2026-06-13,NOVA-AUD-01,DC-SOUTH,South,367,156,211,0.8872
2026-06-13,NOVA-AUD-01,DC-EAST,East,378,131,247,0.8576
2026-06-13,NOVA-AUD-01,DC-WEST,West,338,113,225,0.9211
2026-06-13,NOVA-AUD-02,DC-NORTH,North,474,205,269,0.9053
2026-06-13,NOVA-AUD-02,DC-SOUTH,South,549,142,407,0.8741
2026-06-13,NOVA-AUD-02,DC-EAST,East,471,183,288,0.901
2026-06-13,NOVA-AUD-02,DC-WEST,West,475,200,275,0.8822
2026-06-13,NOVA-MOB-01,DC-NORTH,North,227,63,164,0.8596
2026-06-13,NOVA-MOB-01,DC-SOUTH,South,270,70,200,0.9291
2026-06-13,NOVA-MOB-01,DC-EAST,East,284,90,194,0.9193
2026-06-13,NOVA-MOB-01,DC-WEST,West,282,106,176,0.879
2026-06-13,NOVA-MOB-02,DC-NORTH,North,272,82,190,0.915
2026-06-13,NOVA-MOB-02,DC-SOUTH,South,269,102,167,0.8463
2026-06-13,NOVA-MOB-02,DC-EAST,East,346,151,195,0.8461
2026-06-13,NOVA-MOB-02,DC-WEST,West,296,117,179,0.9053
2026-06-13,NOVA-CPT-01,DC-NORTH,North,185,52,133,0.9458
2026-06-13,NOVA-CPT-01,DC-SOUTH,South,144,60,84,0.8923
2026-06-13,NOVA-CPT-01,DC-EAST,East,169,58,111,0.9315
2026-06-13,NOVA-CPT-01,DC-WEST,West,191,78,113,0.9423
2026-06-13,NOVA-CPT-02,DC-NORTH,North,213,87,126,0.9119
2026-06-13,NOVA-CPT-02,DC-SOUTH,South,187,49,138,0.8928
2026-06-13,NOVA-CPT-02,DC-EAST,East,185,54,131,0.8746
2026-06-13,NOVA-CPT-02,DC-WEST,West,222,78,144,0.9518
2026-06-13,NOVA-WBL-01,DC-NORTH,North,271,87,184,0.9118
2026-06-13,NOVA-WBL-01,DC-SOUTH,South,238,94,144,0.9143
2026-06-13,NOVA-WBL-01,DC-EAST,East,246,94,152,0.8847
2026-06-13,NOVA-WBL-01,DC-WEST,West,306,82,224,0.8703
2026-06-13,NOVA-WBL-02,DC-NORTH,North,457,178,279,0.864
2026-06-13,NOVA-WBL-02,DC-SOUTH,South,477,210,267,0.9389
2026-06-13,NOVA-WBL-02,DC-EAST,East,361,117,244,0.8528
2026-06-13,NOVA-WBL-02,DC-WEST,West,360,97,263,0.9386
2026-06-13,NOVA-ACC-01,DC-NORTH,North,818,263,555,0.9403
2026-06-13,NOVA-ACC-01,DC-SOUTH,South,868,361,507,0.911
2026-06-13,NOVA-ACC-01,DC-EAST,East,714,257,457,0.9424
2026-06-13,NOVA-ACC-01,DC-WEST,West,776,205,571,0.8747
2026-06-13,NOVA-ACC-02,DC-NORTH,North,477,183,294,0.9274
2026-06-13,NOVA-ACC-02,DC-SOUTH,South,500,194,306,0.8786
2026-06-13,NOVA-ACC-02,DC-EAST,East,642,220,422,0.9206
2026-06-13,NOVA-ACC-02,DC-WEST,West,526,153,373,0.8797
2026-06-14,NOVA-AUD-01,DC-NORTH,North,427,164,263,0.8964
2026-06-14,NOVA-AUD-01,DC-SOUTH,South,376,126,250,0.8876
2026-06-14,NOVA-AUD-01,DC-EAST,East,430,159,271,0.8661
2026-06-14,NOVA-AUD-01,DC-WEST,West,359,160,199,0.8715
2026-06-14,NOVA-AUD-02,DC-NORTH,North,554,207,347,0.8471
2026-06-14,NOVA-AUD-02,DC-SOUTH,South,551,242,309,0.9094
2026-06-14,NOVA-AUD-02,DC-EAST,East,535,142,393,0.9285
2026-06-14,NOVA-AUD-02,DC-WEST,West,436,117,319,0.8827
2026-06-14,NOVA-MOB-01,DC-NORTH,North,275,107,168,0.9511
2026-06-14,NOVA-MOB-01,DC-SOUTH,South,248,80,168,0.8974
2026-06-14,NOVA-MOB-01,DC-EAST,East,216,84,132,0.9171
2026-06-14,NOVA-MOB-01,DC-WEST,West,269,100,169,0.9373
2026-06-14,NOVA-MOB-02,DC-NORTH,North,311,135,176,0.8527
2026-06-14,NOVA-MOB-02,DC-SOUTH,South,263,83,180,0.9011
2026-06-14,NOVA-MOB-02,DC-EAST,East,298,127,171,0.9365
2026-06-14,NOVA-MOB-02,DC-WEST,West,317,84,233,0.9477
2026-06-14,NOVA-CPT-01,DC-NORTH,North,143,39,104,0.9524
2026-06-14,NOVA-CPT-01,DC-SOUTH,South,147,53,94,0.9093
2026-06-14,NOVA-CPT-01,DC-EAST,East,181,51,130,0.8705
2026-06-14,NOVA-CPT-01,DC-WEST,West,146,52,94,0.9407
2026-06-14,NOVA-CPT-02,DC-NORTH,North,200,66,134,0.9456
2026-06-14,NOVA-CPT-02,DC-SOUTH,South,190,51,139,0.9011
2026-06-14,NOVA-CPT-02,DC-EAST,East,236,93,143,0.9215
2026-06-14,NOVA-CPT-02,DC-WEST,West,239,84,155,0.8595
2026-06-14,NOVA-WBL-01,DC-NORTH,North,246,94,152,0.8842
2026-06-14,NOVA-WBL-01,DC-SOUTH,South,311,139,172,0.9139
2026-06-14,NOVA-WBL-01,DC-EAST,East,253,72,181,0.9092
2026-06-14,NOVA-WBL-01,DC-WEST,West,296,90,206,0.9315
2026-06-14,NOVA-WBL-02,DC-NORTH,North,390,153,237,0.8892
2026-06-14,NOVA-WBL-02,DC-SOUTH,South,473,203,270,0.938
2026-06-14,NOVA-WBL-02,DC-EAST,East,429,122,307,0.8598
2026-06-14,NOVA-WBL-02,DC-WEST,West,363,133,230,0.9353
2026-06-14,NOVA-ACC-01,DC-NORTH,North,816,249,567,0.9044
2026-06-14,NOVA-ACC-01,DC-SOUTH,South,669,192,477,0.9473
2026-06-14,NOVA-ACC-01,DC-EAST,East,693,284,409,0.8824
2026-06-14,NOVA-ACC-01,DC-WEST,West,790,244,546,0.8651
2026-06-14,NOVA-ACC-02,DC-NORTH,North,488,133,355,0.8981
2026-06-14,NOVA-ACC-02,DC-SOUTH,South,522,169,353,0.8525
2026-06-14,NOVA-ACC-02,DC-EAST,East,533,187,346,0.852
2026-06-14,NOVA-ACC-02,DC-WEST,West,583,210,373,0.8583
2026-06-15,NOVA-AUD-01,DC-NORTH,North,445,194,251,0.8462
2026-06-15,NOVA-AUD-01,DC-SOUTH,South,391,106,285,0.8827
2026-06-15,NOVA-AUD-01,DC-EAST,East,446,175,271,0.8938
2026-06-15,NOVA-AUD-01,DC-WEST,West,356,158,198,0.8627
2026-06-15,NOVA-AUD-02,DC-NORTH,North,425,181,244,0.9532
2026-06-15,NOVA-AUD-02,DC-SOUTH,South,484,193,291,0.8925
2026-06-15,NOVA-AUD-02,DC-EAST,East,500,162,338,0.8662
2026-06-15,NOVA-AUD-02,DC-WEST,West,486,169,317,0.8662
2026-06-15,NOVA-MOB-01,DC-NORTH,North,281,117,164,0.9262
2026-06-15,NOVA-MOB-01,DC-SOUTH,South,226,56,170,0.8743
2026-06-15,NOVA-MOB-01,DC-EAST,East,246,89,157,0.9265
2026-06-15,NOVA-MOB-01,DC-WEST,West,254,108,146,0.944
2026-06-15,NOVA-MOB-02,DC-NORTH,North,344,147,197,0.8535
2026-06-15,NOVA-MOB-02,DC-SOUTH,South,302,130,172,0.9161
2026-06-15,NOVA-MOB-02,DC-EAST,East,282,73,209,0.9218
2026-06-15,NOVA-MOB-02,DC-WEST,West,328,107,221,0.856
2026-06-15,NOVA-CPT-01,DC-NORTH,North,188,64,124,0.9343
2026-06-15,NOVA-CPT-01,DC-SOUTH,South,145,40,105,0.8776
2026-06-15,NOVA-CPT-01,DC-EAST,East,144,40,104,0.8635
2026-06-15,NOVA-CPT-01,DC-WEST,West,143,41,102,0.9054
2026-06-15,NOVA-CPT-02,DC-NORTH,North,231,58,173,0.9308
2026-06-15,NOVA-CPT-02,DC-SOUTH,South,236,63,173,0.9226
2026-06-15,NOVA-CPT-02,DC-EAST,East,218,91,127,0.8717
2026-06-15,NOVA-CPT-02,DC-WEST,West,229,98,131,0.9371
2026-06-15,NOVA-WBL-01,DC-NORTH,North,303,124,179,0.8728
2026-06-15,NOVA-WBL-01,DC-SOUTH,South,245,64,181,0.9412
2026-06-15,NOVA-WBL-01,DC-EAST,East,287,84,203,0.898
2026-06-15,NOVA-WBL-01,DC-WEST,West,257,76,181,0.896
2026-06-15,NOVA-WBL-02,DC-NORTH,North,428,151,277,0.9342
2026-06-15,NOVA-WBL-02,DC-SOUTH,South,423,184,239,0.8539
2026-06-15,NOVA-WBL-02,DC-EAST,East,472,209,263,0.8504
2026-06-15,NOVA-WBL-02,DC-WEST,West,374,110,264,0.8967
2026-06-15,NOVA-ACC-01,DC-NORTH,North,746,320,426,0.9261
2026-06-15,NOVA-ACC-01,DC-SOUTH,South,656,261,395,0.8983
2026-06-15,NOVA-ACC-01,DC-EAST,East,810,276,534,0.8921
2026-06-15,NOVA-ACC-01,DC-WEST,West,690,236,454,0.8953
2026-06-15,NOVA-ACC-02,DC-NORTH,North,481,205,276,0.9032
2026-06-15,NOVA-ACC-02,DC-SOUTH,South,537,174,363,0.9369
2026-06-15,NOVA-ACC-02,DC-EAST,East,605,225,380,0.8531
2026-06-15,NOVA-ACC-02,DC-WEST,West,629,197,432,0.8793
2026-06-16,NOVA-AUD-01,DC-NORTH,North,341,93,248,0.9232
2026-06-16,NOVA-AUD-01,DC-SOUTH,South,406,122,284,0.904
2026-06-16,NOVA-AUD-01,DC-EAST,East,408,167,241,0.8591
2026-06-16,NOVA-AUD-01,DC-WEST,West,401,120,281,0.9481
2026-06-16,NOVA-AUD-02,DC-NORTH,North,515,149,366,0.8736
2026-06-16,NOVA-AUD-02,DC-SOUTH,South,442,173,269,0.9165
2026-06-16,NOVA-AUD-02,DC-EAST,East,556,227,329,0.9448
2026-06-16,NOVA-AUD-02,DC-WEST,West,417,148,269,0.8624
2026-06-16,NOVA-MOB-01,DC-NORTH,North,275,93,182,0.9536
2026-06-16,NOVA-MOB-01,DC-SOUTH,South,281,107,174,0.8755
2026-06-16,NOVA-MOB-01,DC-EAST,East,238,63,175,0.911
2026-06-16,NOVA-MOB-01,DC-WEST,West,261,106,155,0.9269
2026-06-16,NOVA-MOB-02,DC-NORTH,North,301,115,186,0.8889
2026-06-16,NOVA-MOB-02,DC-SOUTH,South,262,104,158,0.9195
2026-06-16,NOVA-MOB-02,DC-EAST,East,337,107,230,0.8999
2026-06-16,NOVA-MOB-02,DC-WEST,West,307,107,200,0.8715
2026-06-16,NOVA-CPT-01,DC-NORTH,North,168,75,93,0.8588
2026-06-16,NOVA-CPT-01,DC-SOUTH,South,165,55,110,0.8703
2026-06-16,NOVA-CPT-01,DC-EAST,East,152,46,106,0.9026
2026-06-16,NOVA-CPT-01,DC-WEST,West,183,71,112,0.8472
2026-06-16,NOVA-CPT-02,DC-NORTH,North,236,103,133,0.9317
2026-06-16,NOVA-CPT-02,DC-SOUTH,South,188,83,105,0.9022
2026-06-16,NOVA-CPT-02,DC-EAST,East,233,80,153,0.9303
2026-06-16,NOVA-CPT-02,DC-WEST,West,196,71,125,0.9525
2026-06-16,NOVA-WBL-01,DC-NORTH,North,245,88,157,0.8556
2026-06-16,NOVA-WBL-01,DC-SOUTH,South,319,136,183,0.9212
2026-06-16,NOVA-WBL-01,DC-EAST,East,294,77,217,0.877
2026-06-16,NOVA-WBL-01,DC-WEST,West,247,92,155,0.8993
2026-06-16,NOVA-WBL-02,DC-NORTH,North,436,187,249,0.8828
2026-06-16,NOVA-WBL-02,DC-SOUTH,South,432,140,292,0.9358
2026-06-16,NOVA-WBL-02,DC-EAST,East,466,138,328,0.8487
2026-06-16,NOVA-WBL-02,DC-WEST,West,444,148,296,0.9378
2026-06-16,NOVA-ACC-01,DC-NORTH,North,872,220,652,0.8977
2026-06-16,NOVA-ACC-01,DC-SOUTH,South,717,253,464,0.9507
2026-06-16,NOVA-ACC-01,DC-EAST,East,885,250,635,0.8806
2026-06-16,NOVA-ACC-01,DC-WEST,West,716,237,479,0.945
2026-06-16,NOVA-ACC-02,DC-NORTH,North,553,204,349,0.8527
2026-06-16,NOVA-ACC-02,DC-SOUTH,South,596,264,332,0.9325
2026-06-16,NOVA-ACC-02,DC-EAST,East,614,213,401,0.8675
2026-06-16,NOVA-ACC-02,DC-WEST,West,573,231,342,0.8978
2026-06-17,NOVA-AUD-01,DC-NORTH,North,355,126,229,0.9069
2026-06-17,NOVA-AUD-01,DC-SOUTH,South,357,141,216,0.9501
2026-06-17,NOVA-AUD-01,DC-EAST,East,371,137,234,0.943
2026-06-17,NOVA-AUD-01,DC-WEST,West,430,138,292,0.9471
2026-06-17,NOVA-AUD-02,DC-NORTH,North,559,166,393,0.8705
2026-06-17,NOVA-AUD-02,DC-SOUTH,South,549,239,310,0.9262
2026-06-17,NOVA-AUD-02,DC-EAST,East,471,143,328,0.8604
2026-06-17,NOVA-AUD-02,DC-WEST,West,443,147,296,0.8697
2026-06-17,NOVA-MOB-01,DC-NORTH,North,241,80,161,0.8996
2026-06-17,NOVA-MOB-01,DC-SOUTH,South,253,73,180,0.9463
2026-06-17,NOVA-MOB-01,DC-EAST,East,275,94,181,0.932
2026-06-17,NOVA-MOB-01,DC-WEST,West,271,84,187,0.9458
2026-06-17,NOVA-MOB-02,DC-NORTH,North,353,148,205,0.9002
2026-06-17,NOVA-MOB-02,DC-SOUTH,South,312,95,217,0.8963
2026-06-17,NOVA-MOB-02,DC-EAST,East,272,88,184,0.9135
2026-06-17,NOVA-MOB-02,DC-WEST,West,291,89,202,0.8844
2026-06-17,NOVA-CPT-01,DC-NORTH,North,179,73,106,0.9388
2026-06-17,NOVA-CPT-01,DC-SOUTH,South,150,45,105,0.9403
2026-06-17,NOVA-CPT-01,DC-EAST,East,190,66,124,0.947
2026-06-17,NOVA-CPT-01,DC-WEST,West,163,64,99,0.9209
2026-06-17,NOVA-CPT-02,DC-NORTH,North,237,73,164,0.8911
2026-06-17,NOVA-CPT-02,DC-SOUTH,South,211,77,134,0.9246
2026-06-17,NOVA-CPT-02,DC-EAST,East,187,54,133,0.9016
2026-06-17,NOVA-CPT-02,DC-WEST,West,203,60,143,0.9398
2026-06-17,NOVA-WBL-01,DC-NORTH,North,317,81,236,0.8566
2026-06-17,NOVA-WBL-01,DC-SOUTH,South,294,105,189,0.8649
2026-06-17,NOVA-WBL-01,DC-EAST,East,292,106,186,0.9245
2026-06-17,NOVA-WBL-01,DC-WEST,West,299,129,170,0.8499
2026-06-17,NOVA-WBL-02,DC-NORTH,North,360,115,245,0.8922
2026-06-17,NOVA-WBL-02,DC-SOUTH,South,438,148,290,0.9352
2026-06-17,NOVA-WBL-02,DC-EAST,East,440,157,283,0.918
2026-06-17,NOVA-WBL-02,DC-WEST,West,408,105,303,0.9049
2026-06-17,NOVA-ACC-01,DC-NORTH,North,753,275,478,0.9415
2026-06-17,NOVA-ACC-01,DC-SOUTH,South,710,295,415,0.9247
2026-06-17,NOVA-ACC-01,DC-EAST,East,850,374,476,0.9375
2026-06-17,NOVA-ACC-01,DC-WEST,West,810,360,450,0.9205
2026-06-17,NOVA-ACC-02,DC-NORTH,North,575,252,323,0.8495
2026-06-17,NOVA-ACC-02,DC-SOUTH,South,638,254,384,0.8541
2026-06-17,NOVA-ACC-02,DC-EAST,East,613,158,455,0.9156
2026-06-17,NOVA-ACC-02,DC-WEST,West,628,187,441,0.8499
2026-06-18,NOVA-AUD-01,DC-NORTH,North,428,150,278,0.9031
2026-06-18,NOVA-AUD-01,DC-SOUTH,South,402,167,235,0.8529
2026-06-18,NOVA-AUD-01,DC-EAST,East,359,101,258,0.9028
2026-06-18,NOVA-AUD-01,DC-WEST,West,374,157,217,0.9444
2026-06-18,NOVA-AUD-02,DC-NORTH,North,537,158,379,0.89
2026-06-18,NOVA-AUD-02,DC-SOUTH,South,541,207,334,0.949
2026-06-18,NOVA-AUD-02,DC-EAST,East,545,160,385,0.8619
2026-06-18,NOVA-AUD-02,DC-WEST,West,548,223,325,0.8998
2026-06-18,NOVA-MOB-01,DC-NORTH,North,257,71,186,0.9421
2026-06-18,NOVA-MOB-01,DC-SOUTH,South,223,80,143,0.9494
2026-06-18,NOVA-MOB-01,DC-EAST,East,257,76,181,0.9338
2026-06-18,NOVA-MOB-01,DC-WEST,West,238,60,178,0.895
2026-06-18,NOVA-MOB-02,DC-NORTH,North,318,101,217,0.9152
2026-06-18,NOVA-MOB-02,DC-SOUTH,South,269,91,178,0.9397
2026-06-18,NOVA-MOB-02,DC-EAST,East,314,120,194,0.9225
2026-06-18,NOVA-MOB-02,DC-WEST,West,296,88,208,0.9435
2026-06-18,NOVA-CPT-01,DC-NORTH,North,144,43,101,0.9083
2026-06-18,NOVA-CPT-01,DC-SOUTH,South,188,83,105,0.8896
2026-06-18,NOVA-CPT-01,DC-EAST,East,168,53,115,0.8747
2026-06-18,NOVA-CPT-01,DC-WEST,West,155,58,97,0.9323
2026-06-18,NOVA-CPT-02,DC-NORTH,North,230,72,158,0.8628
2026-06-18,NOVA-CPT-02,DC-SOUTH,South,198,65,133,0.8682
2026-06-18,NOVA-CPT-02,DC-EAST,East,233,80,153,0.8728
2026-06-18,NOVA-CPT-02,DC-WEST,West,237,61,176,0.9247
2026-06-18,NOVA-WBL-01,DC-NORTH,North,260,70,190,0.9181
2026-06-18,NOVA-WBL-01,DC-SOUTH,South,306,85,221,0.8767
2026-06-18,NOVA-WBL-01,DC-EAST,East,292,94,198,0.9264
2026-06-18,NOVA-WBL-01,DC-WEST,West,307,137,170,0.9442
2026-06-18,NOVA-WBL-02,DC-NORTH,North,436,179,257,0.9328
2026-06-18,NOVA-WBL-02,DC-SOUTH,South,431,108,323,0.8464
2026-06-18,NOVA-WBL-02,DC-EAST,East,368,135,233,0.8605
2026-06-18,NOVA-WBL-02,DC-WEST,West,418,164,254,0.857
2026-06-18,NOVA-ACC-01,DC-NORTH,North,768,292,476,0.8566
2026-06-18,NOVA-ACC-01,DC-SOUTH,South,743,247,496,0.8911
2026-06-18,NOVA-ACC-01,DC-EAST,East,709,183,526,0.85
2026-06-18,NOVA-ACC-01,DC-WEST,West,714,277,437,0.9151
2026-06-18,NOVA-ACC-02,DC-NORTH,North,555,223,332,0.8952
2026-06-18,NOVA-ACC-02,DC-SOUTH,South,537,161,376,0.8864
2026-06-18,NOVA-ACC-02,DC-EAST,East,516,162,354,0.9261
2026-06-18,NOVA-ACC-02,DC-WEST,West,547,154,393,0.8625
2026-06-19,NOVA-AUD-01,DC-NORTH,North,396,155,241,0.8955
2026-06-19,NOVA-AUD-01,DC-SOUTH,South,441,144,297,0.8521
2026-06-19,NOVA-AUD-01,DC-EAST,East,390,158,232,0.9434
2026-06-19,NOVA-AUD-01,DC-WEST,West,401,146,255,0.9447
2026-06-19,NOVA-AUD-02,DC-NORTH,North,429,120,309,0.8576
2026-06-19,NOVA-AUD-02,DC-SOUTH,South,449,162,287,0.8858
2026-06-19,NOVA-AUD-02,DC-EAST,East,460,165,295,0.9398
2026-06-19,NOVA-AUD-02,DC-WEST,West,507,219,288,0.8521
2026-06-19,NOVA-MOB-01,DC-NORTH,North,237,83,154,0.9114
2026-06-19,NOVA-MOB-01,DC-SOUTH,South,244,82,162,0.9056
2026-06-19,NOVA-MOB-01,DC-EAST,East,243,78,165,0.9184
2026-06-19,NOVA-MOB-01,DC-WEST,West,259,81,178,0.8868
2026-06-19,NOVA-MOB-02,DC-NORTH,North,326,118,208,0.8964
2026-06-19,NOVA-MOB-02,DC-SOUTH,South,304,98,206,0.9447
2026-06-19,NOVA-MOB-02,DC-EAST,East,332,93,239,0.8775
2026-06-19,NOVA-MOB-02,DC-WEST,West,265,70,195,0.9214
2026-06-19,NOVA-CPT-01,DC-NORTH,North,149,55,94,0.9413
2026-06-19,NOVA-CPT-01,DC-SOUTH,South,144,38,106,0.8488
2026-06-19,NOVA-CPT-01,DC-EAST,East,164,60,104,0.9335
2026-06-19,NOVA-CPT-01,DC-WEST,West,151,40,111,0.9265
2026-06-19,NOVA-CPT-02,DC-NORTH,North,207,83,124,0.8505
2026-06-19,NOVA-CPT-02,DC-SOUTH,South,197,59,138,0.8662
2026-06-19,NOVA-CPT-02,DC-EAST,East,211,58,153,0.9502
2026-06-19,NOVA-CPT-02,DC-WEST,West,241,92,149,0.9051
2026-06-19,NOVA-WBL-01,DC-NORTH,North,268,91,177,0.9013
2026-06-19,NOVA-WBL-01,DC-SOUTH,South,255,69,186,0.9232
2026-06-19,NOVA-WBL-01,DC-EAST,East,318,88,230,0.8503
2026-06-19,NOVA-WBL-01,DC-WEST,West,297,87,210,0.8992
2026-06-19,NOVA-WBL-02,DC-NORTH,North,437,143,294,0.8534
2026-06-19,NOVA-WBL-02,DC-SOUTH,South,413,124,289,0.8997
2026-06-19,NOVA-WBL-02,DC-EAST,East,471,173,298,0.8686
2026-06-19,NOVA-WBL-02,DC-WEST,West,466,180,286,0.944
2026-06-19,NOVA-ACC-01,DC-NORTH,North,692,246,446,0.9398
2026-06-19,NOVA-ACC-01,DC-SOUTH,South,841,264,577,0.9256
2026-06-19,NOVA-ACC-01,DC-EAST,East,786,215,571,0.8752
2026-06-19,NOVA-ACC-01,DC-WEST,West,878,263,615,0.9464
2026-06-19,NOVA-ACC-02,DC-NORTH,North,524,188,336,0.8597
2026-06-19,NOVA-ACC-02,DC-SOUTH,South,524,131,393,0.9044
2026-06-19,NOVA-ACC-02,DC-EAST,East,525,210,315,0.9249
2026-06-19,NOVA-ACC-02,DC-WEST,West,547,165,382,0.8588
2026-06-20,NOVA-AUD-01,DC-NORTH,North,444,137,307,0.8627
2026-06-20,NOVA-AUD-01,DC-SOUTH,South,420,179,241,0.8514
2026-06-20,NOVA-AUD-01,DC-EAST,East,435,141,294,0.8667
2026-06-20,NOVA-AUD-01,DC-WEST,West,425,134,291,0.8985
2026-06-20,NOVA-AUD-02,DC-NORTH,North,516,139,377,0.9493
2026-06-20,NOVA-AUD-02,DC-SOUTH,South,557,198,359,0.8461
2026-06-20,NOVA-AUD-02,DC-EAST,East,479,174,305,0.9022
2026-06-20,NOVA-AUD-02,DC-WEST,West,465,148,317,0.9138
2026-06-20,NOVA-MOB-01,DC-NORTH,North,282,107,175,0.8655
2026-06-20,NOVA-MOB-01,DC-SOUTH,South,283,92,191,0.8718
2026-06-20,NOVA-MOB-01,DC-EAST,East,217,91,126,0.8735
2026-06-20,NOVA-MOB-01,DC-WEST,West,245,85,160,0.8526
2026-06-20,NOVA-MOB-02,DC-NORTH,North,312,137,175,0.8888
2026-06-20,NOVA-MOB-02,DC-SOUTH,South,283,88,195,0.8844
2026-06-20,NOVA-MOB-02,DC-EAST,East,337,100,237,0.8793
2026-06-20,NOVA-MOB-02,DC-WEST,West,264,90,174,0.8852
2026-06-20,NOVA-CPT-01,DC-NORTH,North,174,67,107,0.8594
2026-06-20,NOVA-CPT-01,DC-SOUTH,South,156,66,90,0.9097
2026-06-20,NOVA-CPT-01,DC-EAST,East,143,53,90,0.8922
2026-06-20,NOVA-CPT-01,DC-WEST,West,155,55,100,0.8783
2026-06-20,NOVA-CPT-02,DC-NORTH,North,188,50,138,0.8491
2026-06-20,NOVA-CPT-02,DC-SOUTH,South,200,80,120,0.9021
2026-06-20,NOVA-CPT-02,DC-EAST,East,218,90,128,0.9301
2026-06-20,NOVA-CPT-02,DC-WEST,West,196,50,146,0.8848
2026-06-20,NOVA-WBL-01,DC-NORTH,North,314,118,196,0.869
2026-06-20,NOVA-WBL-01,DC-SOUTH,South,290,96,194,0.8932
2026-06-20,NOVA-WBL-01,DC-EAST,East,315,98,217,0.8594
2026-06-20,NOVA-WBL-01,DC-WEST,West,269,70,199,0.9262
2026-06-20,NOVA-WBL-02,DC-NORTH,North,419,185,234,0.9378
2026-06-20,NOVA-WBL-02,DC-SOUTH,South,429,129,300,0.8823
2026-06-20,NOVA-WBL-02,DC-EAST,East,394,131,263,0.8661
2026-06-20,NOVA-WBL-02,DC-WEST,West,384,102,282,0.9527
2026-06-20,NOVA-ACC-01,DC-NORTH,North,882,257,625,0.9214
2026-06-20,NOVA-ACC-01,DC-SOUTH,South,812,319,493,0.906
2026-06-20,NOVA-ACC-01,DC-EAST,East,681,301,380,0.8504
2026-06-20,NOVA-ACC-01,DC-WEST,West,779,268,511,0.9463
2026-06-20,NOVA-ACC-02,DC-NORTH,North,638,276,362,0.8488
2026-06-20,NOVA-ACC-02,DC-SOUTH,South,481,163,318,0.8999
2026-06-20,NOVA-ACC-02,DC-EAST,East,636,235,401,0.9348
2026-06-20,NOVA-ACC-02,DC-WEST,West,491,178,313,0.8895
2026-06-21,NOVA-AUD-01,DC-NORTH,North,424,144,280,0.8472
2026-06-21,NOVA-AUD-01,DC-SOUTH,South,441,186,255,0.9477
2026-06-21,NOVA-AUD-01,DC-EAST,East,393,138,255,0.9465
2026-06-21,NOVA-AUD-01,DC-WEST,West,429,187,242,0.8928
2026-06-21,NOVA-AUD-02,DC-NORTH,North,421,150,271,0.8703
2026-06-21,NOVA-AUD-02,DC-SOUTH,South,494,189,305,0.899
2026-06-21,NOVA-AUD-02,DC-EAST,East,532,197,335,0.8508
2026-06-21,NOVA-AUD-02,DC-WEST,West,540,164,376,0.8849
2026-06-21,NOVA-MOB-01,DC-NORTH,North,229,84,145,0.8762
2026-06-21,NOVA-MOB-01,DC-SOUTH,South,287,101,186,0.9023
2026-06-21,NOVA-MOB-01,DC-EAST,East,250,74,176,0.9406
2026-06-21,NOVA-MOB-01,DC-WEST,West,232,72,160,0.8692
2026-06-21,NOVA-MOB-02,DC-NORTH,North,306,136,170,0.9239
2026-06-21,NOVA-MOB-02,DC-SOUTH,South,262,108,154,0.8823
2026-06-21,NOVA-MOB-02,DC-EAST,East,283,123,160,0.9023
2026-06-21,NOVA-MOB-02,DC-WEST,West,314,88,226,0.8479
2026-06-21,NOVA-CPT-01,DC-NORTH,North,153,63,90,0.8498
2026-06-21,NOVA-CPT-01,DC-SOUTH,South,143,61,82,0.9117
2026-06-21,NOVA-CPT-01,DC-EAST,East,161,57,104,0.9438
2026-06-21,NOVA-CPT-01,DC-WEST,West,162,67,95,0.899
2026-06-21,NOVA-CPT-02,DC-NORTH,North,210,66,144,0.8853
2026-06-21,NOVA-CPT-02,DC-SOUTH,South,200,63,137,0.9136
2026-06-21,NOVA-CPT-02,DC-EAST,East,184,71,113,0.9431
2026-06-21,NOVA-CPT-02,DC-WEST,West,231,100,131,0.947
2026-06-21,NOVA-WBL-01,DC-NORTH,North,245,69,176,0.9315
2026-06-21,NOVA-WBL-01,DC-SOUTH,South,249,77,172,0.8905
2026-06-21,NOVA-WBL-01,DC-EAST,East,278,108,170,0.9353
2026-06-21,NOVA-WBL-01,DC-WEST,West,290,113,177,0.8554
2026-06-21,NOVA-WBL-02,DC-NORTH,North,420,109,311,0.9418
2026-06-21,NOVA-WBL-02,DC-SOUTH,South,438,143,295,0.8758
2026-06-21,NOVA-WBL-02,DC-EAST,East,369,160,209,0.9169
2026-06-21,NOVA-WBL-02,DC-WEST,West,417,174,243,0.9537
2026-06-21,NOVA-ACC-01,DC-NORTH,North,791,347,444,0.8747
2026-06-21,NOVA-ACC-01,DC-SOUTH,South,740,257,483,0.9264
2026-06-21,NOVA-ACC-01,DC-EAST,East,675,234,441,0.9091
2026-06-21,NOVA-ACC-01,DC-WEST,West,670,216,454,0.8709
2026-06-21,NOVA-ACC-02,DC-NORTH,North,505,162,343,0.8832
2026-06-21,NOVA-ACC-02,DC-SOUTH,South,513,149,364,0.8674
2026-06-21,NOVA-ACC-02,DC-EAST,East,519,217,302,0.905
2026-06-21,NOVA-ACC-02,DC-WEST,West,578,215,363,0.8487
2026-06-22,NOVA-AUD-01,DC-NORTH,North,430,172,258,0.9458
2026-06-22,NOVA-AUD-01,DC-SOUTH,South,353,100,253,0.9447
2026-06-22,NOVA-AUD-01,DC-EAST,East,341,94,247,0.8959
2026-06-22,NOVA-AUD-01,DC-WEST,West,426,139,287,0.889
2026-06-22,NOVA-AUD-02,DC-NORTH,North,545,176,369,0.9089
2026-06-22,NOVA-AUD-02,DC-SOUTH,South,560,192,368,0.897
2026-06-22,NOVA-AUD-02,DC-EAST,East,460,123,337,0.925
2026-06-22,NOVA-AUD-02,DC-WEST,West,462,142,320,0.8561
2026-06-22,NOVA-MOB-01,DC-NORTH,North,287,81,206,0.9312
2026-06-22,NOVA-MOB-01,DC-SOUTH,South,233,100,133,0.9142
2026-06-22,NOVA-MOB-01,DC-EAST,East,220,86,134,0.8737
2026-06-22,NOVA-MOB-01,DC-WEST,West,264,112,152,0.9521
2026-06-22,NOVA-MOB-02,DC-NORTH,North,305,120,185,0.9377
2026-06-22,NOVA-MOB-02,DC-SOUTH,South,323,93,230,0.8978
2026-06-22,NOVA-MOB-02,DC-EAST,East,302,113,189,0.9027
2026-06-22,NOVA-MOB-02,DC-WEST,West,289,106,183,0.9377
2026-06-22,NOVA-CPT-01,DC-NORTH,North,174,74,100,0.9107
2026-06-22,NOVA-CPT-01,DC-SOUTH,South,146,40,106,0.9403
2026-06-22,NOVA-CPT-01,DC-EAST,East,177,68,109,0.8597
2026-06-22,NOVA-CPT-01,DC-WEST,West,187,58,129,0.8791
2026-06-22,NOVA-CPT-02,DC-NORTH,North,219,89,130,0.8463
2026-06-22,NOVA-CPT-02,DC-SOUTH,South,207,87,120,0.8688
2026-06-22,NOVA-CPT-02,DC-EAST,East,234,86,148,0.9023
2026-06-22,NOVA-CPT-02,DC-WEST,West,181,76,105,0.9015
2026-06-22,NOVA-WBL-01,DC-NORTH,North,297,124,173,0.9443
2026-06-22,NOVA-WBL-01,DC-SOUTH,South,283,113,170,0.8996
2026-06-22,NOVA-WBL-01,DC-EAST,East,262,88,174,0.9178
2026-06-22,NOVA-WBL-01,DC-WEST,West,261,112,149,0.948
2026-06-22,NOVA-WBL-02,DC-NORTH,North,406,118,288,0.9172
2026-06-22,NOVA-WBL-02,DC-SOUTH,South,405,140,265,0.9075
2026-06-22,NOVA-WBL-02,DC-EAST,East,464,168,296,0.8729
2026-06-22,NOVA-WBL-02,DC-WEST,West,367,96,271,0.93
2026-06-22,NOVA-ACC-01,DC-NORTH,North,683,193,490,0.854
2026-06-22,NOVA-ACC-01,DC-SOUTH,South,854,304,550,0.8839
2026-06-22,NOVA-ACC-01,DC-EAST,East,829,266,563,0.9044
2026-06-22,NOVA-ACC-01,DC-WEST,West,671,193,478,0.9322
2026-06-22,NOVA-ACC-02,DC-NORTH,North,598,212,386,0.8875
2026-06-22,NOVA-ACC-02,DC-SOUTH,South,561,202,359,0.8647
2026-06-22,NOVA-ACC-02,DC-EAST,East,500,218,282,0.8569
2026-06-22,NOVA-ACC-02,DC-WEST,West,517,189,328,0.9227
2026-06-23,NOVA-AUD-01,DC-NORTH,North,353,139,214,0.9081
2026-06-23,NOVA-AUD-01,DC-SOUTH,South,426,137,289,0.8481
2026-06-23,NOVA-AUD-01,DC-EAST,East,342,113,229,0.9172
2026-06-23,NOVA-AUD-01,DC-WEST,West,339,141,198,0.8554
2026-06-23,NOVA-AUD-02,DC-NORTH,North,527,154,373,0.8631
2026-06-23,NOVA-AUD-02,DC-SOUTH,South,485,203,282,0.8663
2026-06-23,NOVA-AUD-02,DC-EAST,East,491,151,340,0.876
2026-06-23,NOVA-AUD-02,DC-WEST,West,555,187,368,0.8933
2026-06-23,NOVA-MOB-01,DC-NORTH,North,235,74,161,0.8756
2026-06-23,NOVA-MOB-01,DC-SOUTH,South,277,89,188,0.9162
2026-06-23,NOVA-MOB-01,DC-EAST,East,289,97,192,0.9483
2026-06-23,NOVA-MOB-01,DC-WEST,West,271,78,193,0.8533
2026-06-23,NOVA-MOB-02,DC-NORTH,North,293,130,163,0.9368
2026-06-23,NOVA-MOB-02,DC-SOUTH,South,303,98,205,0.9033
2026-06-23,NOVA-MOB-02,DC-EAST,East,350,113,237,0.9069
2026-06-23,NOVA-MOB-02,DC-WEST,West,300,130,170,0.9506
2026-06-23,NOVA-CPT-01,DC-NORTH,North,182,57,125,0.9187
2026-06-23,NOVA-CPT-01,DC-SOUTH,South,147,49,98,0.9306
2026-06-23,NOVA-CPT-01,DC-EAST,East,162,45,117,0.929
2026-06-23,NOVA-CPT-01,DC-WEST,West,164,70,94,0.8979
2026-06-23,NOVA-CPT-02,DC-NORTH,North,184,80,104,0.9444
2026-06-23,NOVA-CPT-02,DC-SOUTH,South,188,83,105,0.9341
2026-06-23,NOVA-CPT-02,DC-EAST,East,186,82,104,0.9319
2026-06-23,NOVA-CPT-02,DC-WEST,West,228,72,156,0.9482
2026-06-23,NOVA-WBL-01,DC-NORTH,North,285,111,174,0.8803
2026-06-23,NOVA-WBL-01,DC-SOUTH,South,270,110,160,0.9409
2026-06-23,NOVA-WBL-01,DC-EAST,East,246,94,152,0.9304
2026-06-23,NOVA-WBL-01,DC-WEST,West,260,65,195,0.9021
2026-06-23,NOVA-WBL-02,DC-NORTH,North,448,158,290,0.9333
2026-06-23,NOVA-WBL-02,DC-SOUTH,South,358,136,222,0.8755
2026-06-23,NOVA-WBL-02,DC-EAST,East,377,153,224,0.9406
2026-06-23,NOVA-WBL-02,DC-WEST,West,452,148,304,0.8576
2026-06-23,NOVA-ACC-01,DC-NORTH,North,796,204,592,0.914
2026-06-23,NOVA-ACC-01,DC-SOUTH,South,761,272,489,0.9099
2026-06-23,NOVA-ACC-01,DC-EAST,East,730,266,464,0.8546
2026-06-23,NOVA-ACC-01,DC-WEST,West,677,244,433,0.9
2026-06-23,NOVA-ACC-02,DC-NORTH,North,640,244,396,0.9025
2026-06-23,NOVA-ACC-02,DC-SOUTH,South,563,149,414,0.8943
2026-06-23,NOVA-ACC-02,DC-EAST,East,519,190,329,0.9196
2026-06-23,NOVA-ACC-02,DC-WEST,West,546,189,357,0.8917
2026-06-24,NOVA-AUD-01,DC-NORTH,North,370,127,243,0.919
2026-06-24,NOVA-AUD-01,DC-SOUTH,South,395,132,263,0.8992
2026-06-24,NOVA-AUD-01,DC-EAST,East,430,153,277,0.8588
2026-06-24,NOVA-AUD-01,DC-WEST,West,383,109,274,0.8677
2026-06-24,NOVA-AUD-02,DC-NORTH,North,498,217,281,0.8857
2026-06-24,NOVA-AUD-02,DC-SOUTH,South,512,165,347,0.9121
2026-06-24,NOVA-AUD-02,DC-EAST,East,535,140,395,0.939
2026-06-24,NOVA-AUD-02,DC-WEST,West,555,170,385,0.9215
2026-06-24,NOVA-MOB-01,DC-NORTH,North,264,115,149,0.8891
2026-06-24,NOVA-MOB-01,DC-SOUTH,South,273,98,175,0.8557
2026-06-24,NOVA-MOB-01,DC-EAST,East,255,96,159,0.8547
2026-06-24,NOVA-MOB-01,DC-WEST,West,265,106,159,0.8989
2026-06-24,NOVA-MOB-02,DC-NORTH,North,339,117,222,0.8754
2026-06-24,NOVA-MOB-02,DC-SOUTH,South,353,127,226,0.8806
2026-06-24,NOVA-MOB-02,DC-EAST,East,326,121,205,0.8896
2026-06-24,NOVA-MOB-02,DC-WEST,West,299,97,202,0.9172
2026-06-24,NOVA-CPT-01,DC-NORTH,North,177,57,120,0.8802
2026-06-24,NOVA-CPT-01,DC-SOUTH,South,144,41,103,0.9527
2026-06-24,NOVA-CPT-01,DC-EAST,East,191,76,115,0.877
2026-06-24,NOVA-CPT-01,DC-WEST,West,152,49,103,0.8672
2026-06-24,NOVA-CPT-02,DC-NORTH,North,219,84,135,0.9095
2026-06-24,NOVA-CPT-02,DC-SOUTH,South,200,53,147,0.8697
2026-06-24,NOVA-CPT-02,DC-EAST,East,235,88,147,0.9345
2026-06-24,NOVA-CPT-02,DC-WEST,West,207,53,154,0.8916
2026-06-24,NOVA-WBL-01,DC-NORTH,North,320,102,218,0.9136
2026-06-24,NOVA-WBL-01,DC-SOUTH,South,252,76,176,0.9141
2026-06-24,NOVA-WBL-01,DC-EAST,East,243,71,172,0.9281
2026-06-24,NOVA-WBL-01,DC-WEST,West,305,108,197,0.9191
2026-06-24,NOVA-WBL-02,DC-NORTH,North,380,110,270,0.8585
2026-06-24,NOVA-WBL-02,DC-SOUTH,South,394,135,259,0.9483
2026-06-24,NOVA-WBL-02,DC-EAST,East,363,90,273,0.8888
2026-06-24,NOVA-WBL-02,DC-WEST,West,445,127,318,0.9447
2026-06-24,NOVA-ACC-01,DC-NORTH,North,687,249,438,0.8633
2026-06-24,NOVA-ACC-01,DC-SOUTH,South,735,323,412,0.9307
2026-06-24,NOVA-ACC-01,DC-EAST,East,818,237,581,0.892
2026-06-24,NOVA-ACC-01,DC-WEST,West,681,171,510,0.9071
2026-06-24,NOVA-ACC-02,DC-NORTH,North,619,179,440,0.9233
2026-06-24,NOVA-ACC-02,DC-SOUTH,South,497,203,294,0.9321
2026-06-24,NOVA-ACC-02,DC-EAST,East,482,158,324,0.8858
2026-06-24,NOVA-ACC-02,DC-WEST,West,522,191,331,0.8476
2026-06-25,NOVA-AUD-01,DC-NORTH,North,443,154,289,0.95
2026-06-25,NOVA-AUD-01,DC-SOUTH,South,361,113,248,0.8721
2026-06-25,NOVA-AUD-01,DC-EAST,East,424,137,287,0.9311
2026-06-25,NOVA-AUD-01,DC-WEST,West,414,108,306,0.9007
2026-06-25,NOVA-AUD-02,DC-NORTH,North,519,150,369,0.9235
2026-06-25,NOVA-AUD-02,DC-SOUTH,South,498,138,360,0.8741
2026-06-25,NOVA-AUD-02,DC-EAST,East,434,146,288,0.9418
2026-06-25,NOVA-AUD-02,DC-WEST,West,457,167,290,0.8913
2026-06-25,NOVA-MOB-01,DC-NORTH,North,225,69,156,0.8942
2026-06-25,NOVA-MOB-01,DC-SOUTH,South,261,69,192,0.9091
2026-06-25,NOVA-MOB-01,DC-EAST,East,219,94,125,0.9401
2026-06-25,NOVA-MOB-01,DC-WEST,West,230,89,141,0.9025
2026-06-25,NOVA-MOB-02,DC-NORTH,North,348,89,259,0.9276
2026-06-25,NOVA-MOB-02,DC-SOUTH,South,303,75,228,0.9208
2026-06-25,NOVA-MOB-02,DC-EAST,East,310,110,200,0.9227
2026-06-25,NOVA-MOB-02,DC-WEST,West,353,129,224,0.9068
2026-06-25,NOVA-CPT-01,DC-NORTH,North,186,64,122,0.9288
2026-06-25,NOVA-CPT-01,DC-SOUTH,South,190,64,126,0.8502
2026-06-25,NOVA-CPT-01,DC-EAST,East,146,55,91,0.9425
2026-06-25,NOVA-CPT-01,DC-WEST,West,157,44,113,0.8749
2026-06-25,NOVA-CPT-02,DC-NORTH,North,194,50,144,0.9491
2026-06-25,NOVA-CPT-02,DC-SOUTH,South,217,63,154,0.8614
2026-06-25,NOVA-CPT-02,DC-EAST,East,179,52,127,0.8896
2026-06-25,NOVA-CPT-02,DC-WEST,West,219,66,153,0.8498
2026-06-25,NOVA-WBL-01,DC-NORTH,North,287,129,158,0.8828
2026-06-25,NOVA-WBL-01,DC-SOUTH,South,303,120,183,0.8619
2026-06-25,NOVA-WBL-01,DC-EAST,East,240,88,152,0.8692
2026-06-25,NOVA-WBL-01,DC-WEST,West,296,104,192,0.8592
2026-06-25,NOVA-WBL-02,DC-NORTH,North,425,126,299,0.8761
2026-06-25,NOVA-WBL-02,DC-SOUTH,South,360,122,238,0.8786
2026-06-25,NOVA-WBL-02,DC-EAST,East,425,153,272,0.8695
2026-06-25,NOVA-WBL-02,DC-WEST,West,362,114,248,0.953
2026-06-25,NOVA-ACC-01,DC-NORTH,North,734,299,435,0.9314
2026-06-25,NOVA-ACC-01,DC-SOUTH,South,684,238,446,0.8847
2026-06-25,NOVA-ACC-01,DC-EAST,East,859,308,551,0.9227
2026-06-25,NOVA-ACC-01,DC-WEST,West,774,348,426,0.8565
2026-06-25,NOVA-ACC-02,DC-NORTH,North,637,194,443,0.9056
2026-06-25,NOVA-ACC-02,DC-SOUTH,South,593,183,410,0.9168
2026-06-25,NOVA-ACC-02,DC-EAST,East,519,221,298,0.8644
2026-06-25,NOVA-ACC-02,DC-WEST,West,504,180,324,0.9508
2026-06-26,NOVA-AUD-01,DC-NORTH,North,363,150,213,0.8469
2026-06-26,NOVA-AUD-01,DC-SOUTH,South,381,168,213,0.8561
2026-06-26,NOVA-AUD-01,DC-EAST,East,415,173,242,0.9216
2026-06-26,NOVA-AUD-01,DC-WEST,West,390,108,282,0.8851
2026-06-26,NOVA-AUD-02,DC-NORTH,North,536,192,344,0.9325
2026-06-26,NOVA-AUD-02,DC-SOUTH,South,550,243,307,0.89
2026-06-26,NOVA-AUD-02,DC-EAST,East,533,230,303,0.8751
2026-06-26,NOVA-AUD-02,DC-WEST,West,420,110,310,0.9182
2026-06-26,NOVA-MOB-01,DC-NORTH,North,275,77,198,0.9148
2026-06-26,NOVA-MOB-01,DC-SOUTH,South,267,119,148,0.9361
2026-06-26,NOVA-MOB-01,DC-EAST,East,222,86,136,0.8517
2026-06-26,NOVA-MOB-01,DC-WEST,West,244,97,147,0.8485
2026-06-26,NOVA-MOB-02,DC-NORTH,North,348,114,234,0.9161
2026-06-26,NOVA-MOB-02,DC-SOUTH,South,328,108,220,0.8656
2026-06-26,NOVA-MOB-02,DC-EAST,East,296,90,206,0.8655
2026-06-26,NOVA-MOB-02,DC-WEST,West,263,68,195,0.8671
2026-06-26,NOVA-CPT-01,DC-NORTH,North,182,47,135,0.8498
2026-06-26,NOVA-CPT-01,DC-SOUTH,South,172,52,120,0.8692
2026-06-26,NOVA-CPT-01,DC-EAST,East,172,68,104,0.9533
2026-06-26,NOVA-CPT-01,DC-WEST,West,143,45,98,0.893
2026-06-26,NOVA-CPT-02,DC-NORTH,North,211,69,142,0.862
2026-06-26,NOVA-CPT-02,DC-SOUTH,South,214,70,144,0.8593
2026-06-26,NOVA-CPT-02,DC-EAST,East,236,67,169,0.8759
2026-06-26,NOVA-CPT-02,DC-WEST,West,241,82,159,0.9304
2026-06-26,NOVA-WBL-01,DC-NORTH,North,305,117,188,0.8534
2026-06-26,NOVA-WBL-01,DC-SOUTH,South,310,112,198,0.85
2026-06-26,NOVA-WBL-01,DC-EAST,East,314,97,217,0.888
2026-06-26,NOVA-WBL-01,DC-WEST,West,239,80,159,0.9466
2026-06-26,NOVA-WBL-02,DC-NORTH,North,449,154,295,0.9083
2026-06-26,NOVA-WBL-02,DC-SOUTH,South,366,123,243,0.8975
2026-06-26,NOVA-WBL-02,DC-EAST,East,392,109,283,0.9137
2026-06-26,NOVA-WBL-02,DC-WEST,West,389,171,218,0.8567
2026-06-26,NOVA-ACC-01,DC-NORTH,North,660,251,409,0.9295
2026-06-26,NOVA-ACC-01,DC-SOUTH,South,853,377,476,0.9177
2026-06-26,NOVA-ACC-01,DC-EAST,East,844,311,533,0.9352
2026-06-26,NOVA-ACC-01,DC-WEST,West,656,171,485,0.9019
2026-06-26,NOVA-ACC-02,DC-NORTH,North,513,186,327,0.8647
2026-06-26,NOVA-ACC-02,DC-SOUTH,South,495,197,298,0.9245
2026-06-26,NOVA-ACC-02,DC-EAST,East,500,173,327,0.8909
2026-06-26,NOVA-ACC-02,DC-WEST,West,627,240,387,0.9074
2026-06-27,NOVA-AUD-01,DC-NORTH,North,348,95,253,0.9211
2026-06-27,NOVA-AUD-01,DC-SOUTH,South,427,171,256,0.8915
2026-06-27,NOVA-AUD-01,DC-EAST,East,437,113,324,0.8491
2026-06-27,NOVA-AUD-01,DC-WEST,West,433,186,247,0.9222
2026-06-27,NOVA-AUD-02,DC-NORTH,North,469,132,337,0.8587
2026-06-27,NOVA-AUD-02,DC-SOUTH,South,449,137,312,0.9359
2026-06-27,NOVA-AUD-02,DC-EAST,East,519,201,318,0.8923
2026-06-27,NOVA-AUD-02,DC-WEST,West,476,156,320,0.9112
2026-06-27,NOVA-MOB-01,DC-NORTH,North,220,77,143,0.9368
2026-06-27,NOVA-MOB-01,DC-SOUTH,South,224,97,127,0.8877
2026-06-27,NOVA-MOB-01,DC-EAST,East,232,101,131,0.8994
2026-06-27,NOVA-MOB-01,DC-WEST,West,262,97,165,0.8975
2026-06-27,NOVA-MOB-02,DC-NORTH,North,287,98,189,0.9426
2026-06-27,NOVA-MOB-02,DC-SOUTH,South,304,101,203,0.8869
2026-06-27,NOVA-MOB-02,DC-EAST,East,300,97,203,0.947
2026-06-27,NOVA-MOB-02,DC-WEST,West,336,148,188,0.9232
2026-06-27,NOVA-CPT-01,DC-NORTH,North,153,59,94,0.8571
2026-06-27,NOVA-CPT-01,DC-SOUTH,South,189,76,113,0.9307
2026-06-27,NOVA-CPT-01,DC-EAST,East,190,82,108,0.869
2026-06-27,NOVA-CPT-01,DC-WEST,West,158,43,115,0.8579
2026-06-27,NOVA-CPT-02,DC-NORTH,North,241,72,169,0.8841
2026-06-27,NOVA-CPT-02,DC-SOUTH,South,222,94,128,0.8766
2026-06-27,NOVA-CPT-02,DC-EAST,East,241,93,148,0.8604
2026-06-27,NOVA-CPT-02,DC-WEST,West,197,52,145,0.8478
2026-06-27,NOVA-WBL-01,DC-NORTH,North,286,82,204,0.948
2026-06-27,NOVA-WBL-01,DC-SOUTH,South,241,62,179,0.937
2026-06-27,NOVA-WBL-01,DC-EAST,East,246,91,155,0.9065
2026-06-27,NOVA-WBL-01,DC-WEST,West,273,72,201,0.8776
2026-06-27,NOVA-WBL-02,DC-NORTH,North,430,135,295,0.9179
2026-06-27,NOVA-WBL-02,DC-SOUTH,South,424,125,299,0.8906
2026-06-27,NOVA-WBL-02,DC-EAST,East,382,130,252,0.9272
2026-06-27,NOVA-WBL-02,DC-WEST,West,361,123,238,0.9042
2026-06-27,NOVA-ACC-01,DC-NORTH,North,831,222,609,0.9046
2026-06-27,NOVA-ACC-01,DC-SOUTH,South,769,197,572,0.9434
2026-06-27,NOVA-ACC-01,DC-EAST,East,731,278,453,0.9495
2026-06-27,NOVA-ACC-01,DC-WEST,West,885,269,616,0.9499
2026-06-27,NOVA-ACC-02,DC-NORTH,North,494,213,281,0.9515
2026-06-27,NOVA-ACC-02,DC-SOUTH,South,482,190,292,0.9116
2026-06-27,NOVA-ACC-02,DC-EAST,East,526,233,293,0.8621
2026-06-27,NOVA-ACC-02,DC-WEST,West,613,234,379,0.9066
2026-06-28,NOVA-AUD-01,DC-NORTH,North,402,100,302,0.8666
2026-06-28,NOVA-AUD-01,DC-SOUTH,South,426,118,308,0.9278
2026-06-28,NOVA-AUD-01,DC-EAST,East,431,138,293,0.9443
2026-06-28,NOVA-AUD-01,DC-WEST,West,375,139,236,0.9446
2026-06-28,NOVA-AUD-02,DC-NORTH,North,470,190,280,0.9446
2026-06-28,NOVA-AUD-02,DC-SOUTH,South,426,165,261,0.858
2026-06-28,NOVA-AUD-02,DC-EAST,East,474,149,325,0.9326
2026-06-28,NOVA-AUD-02,DC-WEST,West,472,122,350,0.905
2026-06-28,NOVA-MOB-01,DC-NORTH,North,222,76,146,0.846
2026-06-28,NOVA-MOB-01,DC-SOUTH,South,224,57,167,0.8729
2026-06-28,NOVA-MOB-01,DC-EAST,East,266,77,189,0.8676
2026-06-28,NOVA-MOB-01,DC-WEST,West,219,67,152,0.9513
2026-06-28,NOVA-MOB-02,DC-NORTH,North,326,122,204,0.8967
2026-06-28,NOVA-MOB-02,DC-SOUTH,South,276,72,204,0.8912
2026-06-28,NOVA-MOB-02,DC-EAST,East,268,111,157,0.9526
2026-06-28,NOVA-MOB-02,DC-WEST,West,272,71,201,0.9394
2026-06-28,NOVA-CPT-01,DC-NORTH,North,186,79,107,0.8901
2026-06-28,NOVA-CPT-01,DC-SOUTH,South,167,47,120,0.8585
2026-06-28,NOVA-CPT-01,DC-EAST,East,167,57,110,0.8647
2026-06-28,NOVA-CPT-01,DC-WEST,West,161,57,104,0.9285
2026-06-28,NOVA-CPT-02,DC-NORTH,North,194,50,144,0.868
2026-06-28,NOVA-CPT-02,DC-SOUTH,South,199,72,127,0.8889
2026-06-28,NOVA-CPT-02,DC-EAST,East,207,55,152,0.9177
2026-06-28,NOVA-CPT-02,DC-WEST,West,188,54,134,0.9391
2026-06-28,NOVA-WBL-01,DC-NORTH,North,303,134,169,0.9429
2026-06-28,NOVA-WBL-01,DC-SOUTH,South,253,73,180,0.9225
2026-06-28,NOVA-WBL-01,DC-EAST,East,270,105,165,0.8598
2026-06-28,NOVA-WBL-01,DC-WEST,West,288,127,161,0.9456
2026-06-28,NOVA-WBL-02,DC-NORTH,North,458,203,255,0.8545
2026-06-28,NOVA-WBL-02,DC-SOUTH,South,385,117,268,0.9389
2026-06-28,NOVA-WBL-02,DC-EAST,East,358,116,242,0.8543
2026-06-28,NOVA-WBL-02,DC-WEST,West,476,158,318,0.8582
2026-06-28,NOVA-ACC-01,DC-NORTH,North,684,217,467,0.9524
2026-06-28,NOVA-ACC-01,DC-SOUTH,South,718,259,459,0.8738
2026-06-28,NOVA-ACC-01,DC-EAST,East,758,222,536,0.8676
2026-06-28,NOVA-ACC-01,DC-WEST,West,864,220,644,0.878
2026-06-28,NOVA-ACC-02,DC-NORTH,North,494,143,351,0.92
2026-06-28,NOVA-ACC-02,DC-SOUTH,South,538,157,381,0.9209
2026-06-28,NOVA-ACC-02,DC-EAST,East,635,274,361,0.8757
2026-06-28,NOVA-ACC-02,DC-WEST,West,622,199,423,0.9002
2026-06-29,NOVA-AUD-01,DC-NORTH,North,412,139,273,0.8838
2026-06-29,NOVA-AUD-01,DC-SOUTH,South,376,104,272,0.9495
2026-06-29,NOVA-AUD-01,DC-EAST,East,363,144,219,0.9007
2026-06-29,NOVA-AUD-01,DC-WEST,West,398,176,222,0.944
2026-06-29,NOVA-AUD-02,DC-NORTH,North,535,143,392,0.8675
2026-06-29,NOVA-AUD-02,DC-SOUTH,South,563,179,384,0.9023
2026-06-29,NOVA-AUD-02,DC-EAST,East,506,219,287,0.8465
2026-06-29,NOVA-AUD-02,DC-WEST,West,535,138,397,0.9257
2026-06-29,NOVA-MOB-01,DC-NORTH,North,218,92,126,0.9071
2026-06-29,NOVA-MOB-01,DC-SOUTH,South,286,109,177,0.8799
2026-06-29,NOVA-MOB-01,DC-EAST,East,288,86,202,0.892
2026-06-29,NOVA-MOB-01,DC-WEST,West,247,66,181,0.9456
2026-06-29,NOVA-MOB-02,DC-NORTH,North,331,131,200,0.9269
2026-06-29,NOVA-MOB-02,DC-SOUTH,South,325,107,218,0.8681
2026-06-29,NOVA-MOB-02,DC-EAST,East,315,99,216,0.8989
2026-06-29,NOVA-MOB-02,DC-WEST,West,272,72,200,0.855
2026-06-29,NOVA-CPT-01,DC-NORTH,North,152,59,93,0.9117
2026-06-29,NOVA-CPT-01,DC-SOUTH,South,183,52,131,0.9127
2026-06-29,NOVA-CPT-01,DC-EAST,East,171,48,123,0.8941
2026-06-29,NOVA-CPT-01,DC-WEST,West,151,62,89,0.9294
2026-06-29,NOVA-CPT-02,DC-NORTH,North,235,83,152,0.9012
2026-06-29,NOVA-CPT-02,DC-SOUTH,South,226,96,130,0.8857
2026-06-29,NOVA-CPT-02,DC-EAST,East,217,89,128,0.8475
2026-06-29,NOVA-CPT-02,DC-WEST,West,181,65,116,0.8962
2026-06-29,NOVA-WBL-01,DC-NORTH,North,263,90,173,0.848
2026-06-29,NOVA-WBL-01,DC-SOUTH,South,261,69,192,0.8719
2026-06-29,NOVA-WBL-01,DC-EAST,East,279,124,155,0.8631
2026-06-29,NOVA-WBL-01,DC-WEST,West,309,126,183,0.875
2026-06-29,NOVA-WBL-02,DC-NORTH,North,451,196,255,0.871
2026-06-29,NOVA-WBL-02,DC-SOUTH,South,397,102,295,0.905
2026-06-29,NOVA-WBL-02,DC-EAST,East,396,159,237,0.8728
2026-06-29,NOVA-WBL-02,DC-WEST,West,457,175,282,0.9342
2026-06-29,NOVA-ACC-01,DC-NORTH,North,838,274,564,0.8883
2026-06-29,NOVA-ACC-01,DC-SOUTH,South,687,229,458,0.9046
2026-06-29,NOVA-ACC-01,DC-EAST,East,688,257,431,0.9108
2026-06-29,NOVA-ACC-01,DC-WEST,West,789,271,518,0.9214
2026-06-29,NOVA-ACC-02,DC-NORTH,North,560,213,347,0.8761
2026-06-29,NOVA-ACC-02,DC-SOUTH,South,608,249,359,0.8913
2026-06-29,NOVA-ACC-02,DC-EAST,East,590,242,348,0.9389
2026-06-29,NOVA-ACC-02,DC-WEST,West,587,222,365,0.9366
2026-06-30,NOVA-AUD-01,DC-NORTH,North,396,138,258,0.9352
2026-06-30,NOVA-AUD-01,DC-SOUTH,South,375,107,268,0.9105
2026-06-30,NOVA-AUD-01,DC-EAST,East,403,125,278,0.9018
2026-06-30,NOVA-AUD-01,DC-WEST,West,429,122,307,0.9152
2026-06-30,NOVA-AUD-02,DC-NORTH,North,459,203,256,0.8767
2026-06-30,NOVA-AUD-02,DC-SOUTH,South,539,231,308,0.8957
2026-06-30,NOVA-AUD-02,DC-EAST,East,434,172,262,0.8835
2026-06-30,NOVA-AUD-02,DC-WEST,West,428,161,267,0.9134
2026-06-30,NOVA-MOB-01,DC-NORTH,North,258,70,188,0.9241
2026-06-30,NOVA-MOB-01,DC-SOUTH,South,244,76,168,0.8941
2026-06-30,NOVA-MOB-01,DC-EAST,East,226,60,166,0.9046
2026-06-30,NOVA-MOB-01,DC-WEST,West,289,122,167,0.8507
2026-06-30,NOVA-MOB-02,DC-NORTH,North,333,136,197,0.8943
2026-06-30,NOVA-MOB-02,DC-SOUTH,South,326,117,209,0.9505
2026-06-30,NOVA-MOB-02,DC-EAST,East,269,99,170,0.8867
2026-06-30,NOVA-MOB-02,DC-WEST,West,305,84,221,0.9013
2026-06-30,NOVA-CPT-01,DC-NORTH,North,170,65,105,0.9017
2026-06-30,NOVA-CPT-01,DC-SOUTH,South,177,76,101,0.8644
2026-06-30,NOVA-CPT-01,DC-EAST,East,165,45,120,0.9331
2026-06-30,NOVA-CPT-01,DC-WEST,West,185,56,129,0.8812
2026-06-30,NOVA-CPT-02,DC-NORTH,North,237,105,132,0.946
2026-06-30,NOVA-CPT-02,DC-SOUTH,South,233,86,147,0.8862
2026-06-30,NOVA-CPT-02,DC-EAST,East,188,70,118,0.9188
2026-06-30,NOVA-CPT-02,DC-WEST,West,208,64,144,0.9446
2026-06-30,NOVA-WBL-01,DC-NORTH,North,314,129,185,0.9464
2026-06-30,NOVA-WBL-01,DC-SOUTH,South,318,127,191,0.9263
2026-06-30,NOVA-WBL-01,DC-EAST,East,270,74,196,0.9004
2026-06-30,NOVA-WBL-01,DC-WEST,West,303,104,199,0.8787
2026-06-30,NOVA-WBL-02,DC-NORTH,North,362,102,260,0.9392
2026-06-30,NOVA-WBL-02,DC-SOUTH,South,453,172,281,0.8636
2026-06-30,NOVA-WBL-02,DC-EAST,East,359,146,213,0.866
2026-06-30,NOVA-WBL-02,DC-WEST,West,449,124,325,0.9462
2026-06-30,NOVA-ACC-01,DC-NORTH,North,705,297,408,0.8858
2026-06-30,NOVA-ACC-01,DC-SOUTH,South,682,203,479,0.9292
2026-06-30,NOVA-ACC-01,DC-EAST,East,797,304,493,0.9525
2026-06-30,NOVA-ACC-01,DC-WEST,West,797,252,545,0.9132
2026-06-30,NOVA-ACC-02,DC-NORTH,North,620,266,354,0.9495
2026-06-30,NOVA-ACC-02,DC-SOUTH,South,582,227,355,0.8864
2026-06-30,NOVA-ACC-02,DC-EAST,East,520,168,352,0.9007
2026-06-30,NOVA-ACC-02,DC-WEST,West,554,164,390,0.9287
2026-07-01,NOVA-AUD-01,DC-NORTH,North,403,164,239,0.9074
2026-07-01,NOVA-AUD-01,DC-SOUTH,South,411,144,267,0.9019
2026-07-01,NOVA-AUD-01,DC-EAST,East,370,161,209,0.8629
2026-07-01,NOVA-AUD-01,DC-WEST,West,353,99,254,0.8934
2026-07-01,NOVA-AUD-02,DC-NORTH,North,532,152,380,0.9141
2026-07-01,NOVA-AUD-02,DC-SOUTH,South,533,163,370,0.9065
2026-07-01,NOVA-AUD-02,DC-EAST,East,463,144,319,0.8768
2026-07-01,NOVA-AUD-02,DC-WEST,West,439,113,326,0.8778
2026-07-01,NOVA-MOB-01,DC-NORTH,North,288,113,175,0.8948
2026-07-01,NOVA-MOB-01,DC-SOUTH,South,227,92,135,0.932
2026-07-01,NOVA-MOB-01,DC-EAST,East,222,82,140,0.9169
2026-07-01,NOVA-MOB-01,DC-WEST,West,280,101,179,0.8944
2026-07-01,NOVA-MOB-02,DC-NORTH,North,284,91,193,0.9394
2026-07-01,NOVA-MOB-02,DC-SOUTH,South,283,72,211,0.9142
2026-07-01,NOVA-MOB-02,DC-EAST,East,330,92,238,0.8515
2026-07-01,NOVA-MOB-02,DC-WEST,West,319,107,212,0.9117
2026-07-01,NOVA-CPT-01,DC-NORTH,North,186,59,127,0.953
2026-07-01,NOVA-CPT-01,DC-SOUTH,South,186,64,122,0.8925
2026-07-01,NOVA-CPT-01,DC-EAST,East,149,63,86,0.9161
2026-07-01,NOVA-CPT-01,DC-WEST,West,148,62,86,0.8596
2026-07-01,NOVA-CPT-02,DC-NORTH,North,233,90,143,0.9146
2026-07-01,NOVA-CPT-02,DC-SOUTH,South,231,70,161,0.9062
2026-07-01,NOVA-CPT-02,DC-EAST,East,202,70,132,0.9342
2026-07-01,NOVA-CPT-02,DC-WEST,West,181,68,113,0.869
2026-07-01,NOVA-WBL-01,DC-NORTH,North,271,119,152,0.9018
2026-07-01,NOVA-WBL-01,DC-SOUTH,South,294,76,218,0.8877
2026-07-01,NOVA-WBL-01,DC-EAST,East,280,116,164,0.9195
2026-07-01,NOVA-WBL-01,DC-WEST,West,266,93,173,0.944
2026-07-01,NOVA-WBL-02,DC-NORTH,North,359,106,253,0.9286
2026-07-01,NOVA-WBL-02,DC-SOUTH,South,423,152,271,0.8819
2026-07-01,NOVA-WBL-02,DC-EAST,East,398,114,284,0.9015
2026-07-01,NOVA-WBL-02,DC-WEST,West,416,165,251,0.8942
2026-07-01,NOVA-ACC-01,DC-NORTH,North,761,325,436,0.8523
2026-07-01,NOVA-ACC-01,DC-SOUTH,South,711,219,492,0.846
2026-07-01,NOVA-ACC-01,DC-EAST,East,740,268,472,0.932
2026-07-01,NOVA-ACC-01,DC-WEST,West,694,246,448,0.849
2026-07-01,NOVA-ACC-02,DC-NORTH,North,515,137,378,0.8553
2026-07-01,NOVA-ACC-02,DC-SOUTH,South,574,220,354,0.9208
2026-07-01,NOVA-ACC-02,DC-EAST,East,550,174,376,0.9373
2026-07-01,NOVA-ACC-02,DC-WEST,West,642,238,404,0.8514
2026-07-02,NOVA-AUD-01,DC-NORTH,North,364,139,225,0.8739
2026-07-02,NOVA-AUD-01,DC-SOUTH,South,427,165,262,0.9173
2026-07-02,NOVA-AUD-01,DC-EAST,East,341,97,244,0.8806
2026-07-02,NOVA-AUD-01,DC-WEST,West,427,189,238,0.8575
2026-07-02,NOVA-AUD-02,DC-NORTH,North,464,194,270,0.9136
2026-07-02,NOVA-AUD-02,DC-SOUTH,South,443,188,255,0.914
2026-07-02,NOVA-AUD-02,DC-EAST,East,532,233,299,0.9065
2026-07-02,NOVA-AUD-02,DC-WEST,West,516,148,368,0.8583
2026-07-02,NOVA-MOB-01,DC-NORTH,North,255,69,186,0.9459
2026-07-02,NOVA-MOB-01,DC-SOUTH,South,281,125,156,0.9426
2026-07-02,NOVA-MOB-01,DC-EAST,East,259,74,185,0.8541
2026-07-02,NOVA-MOB-01,DC-WEST,West,246,92,154,0.9146
2026-07-02,NOVA-MOB-02,DC-NORTH,North,339,93,246,0.9328
2026-07-02,NOVA-MOB-02,DC-SOUTH,South,275,110,165,0.9396
2026-07-02,NOVA-MOB-02,DC-EAST,East,286,116,170,0.8519
2026-07-02,NOVA-MOB-02,DC-WEST,West,337,122,215,0.8491
2026-07-02,NOVA-CPT-01,DC-NORTH,North,182,62,120,0.8541
2026-07-02,NOVA-CPT-01,DC-SOUTH,South,180,52,128,0.9386
2026-07-02,NOVA-CPT-01,DC-EAST,East,181,59,122,0.8965
2026-07-02,NOVA-CPT-01,DC-WEST,West,175,63,112,0.8526
2026-07-02,NOVA-CPT-02,DC-NORTH,North,226,75,151,0.9464
2026-07-02,NOVA-CPT-02,DC-SOUTH,South,223,58,165,0.8913
2026-07-02,NOVA-CPT-02,DC-EAST,East,180,48,132,0.9044
2026-07-02,NOVA-CPT-02,DC-WEST,West,189,74,115,0.8484
2026-07-02,NOVA-WBL-01,DC-NORTH,North,296,79,217,0.8777
2026-07-02,NOVA-WBL-01,DC-SOUTH,South,261,88,173,0.8482
2026-07-02,NOVA-WBL-01,DC-EAST,East,254,89,165,0.907
2026-07-02,NOVA-WBL-01,DC-WEST,West,301,86,215,0.8703
2026-07-02,NOVA-WBL-02,DC-NORTH,North,414,164,250,0.9393
2026-07-02,NOVA-WBL-02,DC-SOUTH,South,411,131,280,0.9183
2026-07-02,NOVA-WBL-02,DC-EAST,East,376,115,261,0.9226
2026-07-02,NOVA-WBL-02,DC-WEST,West,365,159,206,0.8545
2026-07-02,NOVA-ACC-01,DC-NORTH,North,857,355,502,0.8572
2026-07-02,NOVA-ACC-01,DC-SOUTH,South,750,269,481,0.8604
2026-07-02,NOVA-ACC-01,DC-EAST,East,844,273,571,0.9211
2026-07-02,NOVA-ACC-01,DC-WEST,West,730,275,455,0.8969
2026-07-02,NOVA-ACC-02,DC-NORTH,North,566,237,329,0.9244
2026-07-02,NOVA-ACC-02,DC-SOUTH,South,635,210,425,0.9001
2026-07-02,NOVA-ACC-02,DC-EAST,East,530,135,395,0.946
2026-07-02,NOVA-ACC-02,DC-WEST,West,638,286,352,0.875
2026-07-03,NOVA-AUD-01,DC-NORTH,North,422,148,274,0.9376
2026-07-03,NOVA-AUD-01,DC-SOUTH,South,384,169,215,0.938
2026-07-03,NOVA-AUD-01,DC-EAST,East,436,163,273,0.8991
2026-07-03,NOVA-AUD-01,DC-WEST,West,411,138,273,0.907
2026-07-03,NOVA-AUD-02,DC-NORTH,North,443,166,277,0.9102
2026-07-03,NOVA-AUD-02,DC-SOUTH,South,453,136,317,0.9329
2026-07-03,NOVA-AUD-02,DC-EAST,East,511,227,284,0.8735
2026-07-03,NOVA-AUD-02,DC-WEST,West,448,153,295,0.921
2026-07-03,NOVA-MOB-01,DC-NORTH,North,237,80,157,0.9357
2026-07-03,NOVA-MOB-01,DC-SOUTH,South,234,86,148,0.9237
2026-07-03,NOVA-MOB-01,DC-EAST,East,269,76,193,0.927
2026-07-03,NOVA-MOB-01,DC-WEST,West,218,90,128,0.8972
2026-07-03,NOVA-MOB-02,DC-NORTH,North,342,139,203,0.9168
2026-07-03,NOVA-MOB-02,DC-SOUTH,South,337,146,191,0.8494
2026-07-03,NOVA-MOB-02,DC-EAST,East,354,154,200,0.9061
2026-07-03,NOVA-MOB-02,DC-WEST,West,263,69,194,0.8542
2026-07-03,NOVA-CPT-01,DC-NORTH,North,155,51,104,0.9125
2026-07-03,NOVA-CPT-01,DC-SOUTH,South,146,51,95,0.9308
2026-07-03,NOVA-CPT-01,DC-EAST,East,187,73,114,0.9043
2026-07-03,NOVA-CPT-01,DC-WEST,West,177,71,106,0.8971
2026-07-03,NOVA-CPT-02,DC-NORTH,North,181,49,132,0.8768
2026-07-03,NOVA-CPT-02,DC-SOUTH,South,178,67,111,0.8749
2026-07-03,NOVA-CPT-02,DC-EAST,East,222,66,156,0.8801
2026-07-03,NOVA-CPT-02,DC-WEST,West,233,94,139,0.9371
2026-07-03,NOVA-WBL-01,DC-NORTH,North,249,82,167,0.8605
2026-07-03,NOVA-WBL-01,DC-SOUTH,South,319,137,182,0.8529
2026-07-03,NOVA-WBL-01,DC-EAST,East,295,93,202,0.9495
2026-07-03,NOVA-WBL-01,DC-WEST,West,245,89,156,0.8851
2026-07-03,NOVA-WBL-02,DC-NORTH,North,443,180,263,0.8894
2026-07-03,NOVA-WBL-02,DC-SOUTH,South,470,166,304,0.9471
2026-07-03,NOVA-WBL-02,DC-EAST,East,365,116,249,0.8556
2026-07-03,NOVA-WBL-02,DC-WEST,West,458,130,328,0.9408
2026-07-03,NOVA-ACC-01,DC-NORTH,North,657,164,493,0.9036
2026-07-03,NOVA-ACC-01,DC-SOUTH,South,772,308,464,0.9165
2026-07-03,NOVA-ACC-01,DC-EAST,East,866,327,539,0.8782
2026-07-03,NOVA-ACC-01,DC-WEST,West,836,260,576,0.8954
2026-07-03,NOVA-ACC-02,DC-NORTH,North,550,155,395,0.9008
2026-07-03,NOVA-ACC-02,DC-SOUTH,South,530,233,297,0.9312
2026-07-03,NOVA-ACC-02,DC-EAST,East,638,246,392,0.8544
2026-07-03,NOVA-ACC-02,DC-WEST,West,602,218,384,0.8843
2026-07-04,NOVA-AUD-01,DC-NORTH,North,396,104,292,0.8508
2026-07-04,NOVA-AUD-01,DC-SOUTH,South,442,128,314,0.8961
2026-07-04,NOVA-AUD-01,DC-EAST,East,434,190,244,0.9379
2026-07-04,NOVA-AUD-01,DC-WEST,West,402,179,223,0.924
2026-07-04,NOVA-AUD-02,DC-NORTH,North,451,199,252,0.8947
2026-07-04,NOVA-AUD-02,DC-SOUTH,South,429,108,321,0.8644
2026-07-04,NOVA-AUD-02,DC-EAST,East,539,209,330,0.8669
2026-07-04,NOVA-AUD-02,DC-WEST,West,483,184,299,0.9387
2026-07-04,NOVA-MOB-01,DC-NORTH,North,258,75,183,0.9475
2026-07-04,NOVA-MOB-01,DC-SOUTH,South,237,92,145,0.8835
2026-07-04,NOVA-MOB-01,DC-EAST,East,219,67,152,0.8756
2026-07-04,NOVA-MOB-01,DC-WEST,West,264,92,172,0.9457
2026-07-04,NOVA-MOB-02,DC-NORTH,North,301,126,175,0.8605
2026-07-04,NOVA-MOB-02,DC-SOUTH,South,316,127,189,0.9338
2026-07-04,NOVA-MOB-02,DC-EAST,East,348,123,225,0.9511
2026-07-04,NOVA-MOB-02,DC-WEST,West,271,120,151,0.8616
2026-07-04,NOVA-CPT-01,DC-NORTH,North,180,71,109,0.8511
2026-07-04,NOVA-CPT-01,DC-SOUTH,South,161,65,96,0.9196
2026-07-04,NOVA-CPT-01,DC-EAST,East,159,70,89,0.9084
2026-07-04,NOVA-CPT-01,DC-WEST,West,161,50,111,0.9171
2026-07-04,NOVA-CPT-02,DC-NORTH,North,221,75,146,0.9292
2026-07-04,NOVA-CPT-02,DC-SOUTH,South,194,62,132,0.9208
2026-07-04,NOVA-CPT-02,DC-EAST,East,235,77,158,0.9233
2026-07-04,NOVA-CPT-02,DC-WEST,West,204,80,124,0.8601
2026-07-04,NOVA-WBL-01,DC-NORTH,North,269,81,188,0.8884
2026-07-04,NOVA-WBL-01,DC-SOUTH,South,240,99,141,0.8985
2026-07-04,NOVA-WBL-01,DC-EAST,East,238,85,153,0.8967
2026-07-04,NOVA-WBL-01,DC-WEST,West,318,130,188,0.9366
2026-07-04,NOVA-WBL-02,DC-NORTH,North,383,97,286,0.8952
2026-07-04,NOVA-WBL-02,DC-SOUTH,South,479,130,349,0.9381
2026-07-04,NOVA-WBL-02,DC-EAST,East,450,185,265,0.9341
2026-07-04,NOVA-WBL-02,DC-WEST,West,379,123,256,0.9429
2026-07-04,NOVA-ACC-01,DC-NORTH,North,775,312,463,0.8656
2026-07-04,NOVA-ACC-01,DC-SOUTH,South,707,200,507,0.9069
2026-07-04,NOVA-ACC-01,DC-EAST,East,668,274,394,0.8644
2026-07-04,NOVA-ACC-01,DC-WEST,West,779,309,470,0.8775
2026-07-04,NOVA-ACC-02,DC-NORTH,North,542,135,407,0.9167
2026-07-04,NOVA-ACC-02,DC-SOUTH,South,596,227,369,0.9537
2026-07-04,NOVA-ACC-02,DC-EAST,East,564,178,386,0.9007
2026-07-04,NOVA-ACC-02,DC-WEST,West,577,234,343,0.8718
2026-07-05,NOVA-AUD-01,DC-NORTH,North,350,131,219,0.9185
2026-07-05,NOVA-AUD-01,DC-SOUTH,South,428,126,302,0.9252
2026-07-05,NOVA-AUD-01,DC-EAST,East,441,136,305,0.8563
2026-07-05,NOVA-AUD-01,DC-WEST,West,404,181,223,0.8784
2026-07-05,NOVA-AUD-02,DC-NORTH,North,518,210,308,0.891
2026-07-05,NOVA-AUD-02,DC-SOUTH,South,544,217,327,0.8766
2026-07-05,NOVA-AUD-02,DC-EAST,East,477,143,334,0.9385
2026-07-05,NOVA-AUD-02,DC-WEST,West,461,185,276,0.9479
2026-07-05,NOVA-MOB-01,DC-NORTH,North,236,101,135,0.8897
2026-07-05,NOVA-MOB-01,DC-SOUTH,South,230,77,153,0.9173
2026-07-05,NOVA-MOB-01,DC-EAST,East,268,87,181,0.9274
2026-07-05,NOVA-MOB-01,DC-WEST,West,277,96,181,0.8517
2026-07-05,NOVA-MOB-02,DC-NORTH,North,282,95,187,0.8477
2026-07-05,NOVA-MOB-02,DC-SOUTH,South,352,150,202,0.8747
2026-07-05,NOVA-MOB-02,DC-EAST,East,273,75,198,0.9443
2026-07-05,NOVA-MOB-02,DC-WEST,West,301,127,174,0.8886
2026-07-05,NOVA-CPT-01,DC-NORTH,North,161,61,100,0.9001
2026-07-05,NOVA-CPT-01,DC-SOUTH,South,177,63,114,0.8812
2026-07-05,NOVA-CPT-01,DC-EAST,East,172,43,129,0.8602
2026-07-05,NOVA-CPT-01,DC-WEST,West,170,62,108,0.9138
2026-07-05,NOVA-CPT-02,DC-NORTH,North,181,77,104,0.9002
2026-07-05,NOVA-CPT-02,DC-SOUTH,South,206,57,149,0.8622
2026-07-05,NOVA-CPT-02,DC-EAST,East,182,57,125,0.8479
2026-07-05,NOVA-CPT-02,DC-WEST,West,226,99,127,0.894
2026-07-05,NOVA-WBL-01,DC-NORTH,North,276,77,199,0.9361
2026-07-05,NOVA-WBL-01,DC-SOUTH,South,273,122,151,0.8883
2026-07-05,NOVA-WBL-01,DC-EAST,East,275,84,191,0.88
2026-07-05,NOVA-WBL-01,DC-WEST,West,310,120,190,0.931
2026-07-05,NOVA-WBL-02,DC-NORTH,North,479,128,351,0.8811
2026-07-05,NOVA-WBL-02,DC-SOUTH,South,361,128,233,0.9312
2026-07-05,NOVA-WBL-02,DC-EAST,East,397,120,277,0.8533
2026-07-05,NOVA-WBL-02,DC-WEST,West,393,128,265,0.8533
2026-07-05,NOVA-ACC-01,DC-NORTH,North,861,350,511,0.9091
2026-07-05,NOVA-ACC-01,DC-SOUTH,South,876,244,632,0.853
2026-07-05,NOVA-ACC-01,DC-EAST,East,793,333,460,0.8613
2026-07-05,NOVA-ACC-01,DC-WEST,West,675,185,490,0.8912
2026-07-05,NOVA-ACC-02,DC-NORTH,North,486,178,308,0.9006
2026-07-05,NOVA-ACC-02,DC-SOUTH,South,620,243,377,0.9324
2026-07-05,NOVA-ACC-02,DC-EAST,East,499,127,372,0.8533
2026-07-05,NOVA-ACC-02,DC-WEST,West,549,196,353,0.9407
2026-07-06,NOVA-AUD-01,DC-NORTH,North,443,151,292,0.8726
2026-07-06,NOVA-AUD-01,DC-SOUTH,South,348,109,239,0.8559
2026-07-06,NOVA-AUD-01,DC-EAST,East,401,132,269,0.8734
2026-07-06,NOVA-AUD-01,DC-WEST,West,436,128,308,0.9371
2026-07-06,NOVA-AUD-02,DC-NORTH,North,461,204,257,0.8721
2026-07-06,NOVA-AUD-02,DC-SOUTH,South,472,131,341,0.8862
2026-07-06,NOVA-AUD-02,DC-EAST,East,551,200,351,0.9182
2026-07-06,NOVA-AUD-02,DC-WEST,West,452,180,272,0.9246
2026-07-06,NOVA-MOB-01,DC-NORTH,North,279,83,196,0.8831
2026-07-06,NOVA-MOB-01,DC-SOUTH,South,273,72,201,0.9042
2026-07-06,NOVA-MOB-01,DC-EAST,East,266,75,191,0.8765
2026-07-06,NOVA-MOB-01,DC-WEST,West,235,78,157,0.856
2026-07-06,NOVA-MOB-02,DC-NORTH,North,339,87,252,0.9506
2026-07-06,NOVA-MOB-02,DC-SOUTH,South,346,135,211,0.9079
2026-07-06,NOVA-MOB-02,DC-EAST,East,330,139,191,0.9316
2026-07-06,NOVA-MOB-02,DC-WEST,West,270,100,170,0.9233
2026-07-06,NOVA-CPT-01,DC-NORTH,North,171,61,110,0.881
2026-07-06,NOVA-CPT-01,DC-SOUTH,South,193,86,107,0.9295
2026-07-06,NOVA-CPT-01,DC-EAST,East,157,39,118,0.8543
2026-07-06,NOVA-CPT-01,DC-WEST,West,146,50,96,0.8852
2026-07-06,NOVA-CPT-02,DC-NORTH,North,182,53,129,0.8961
2026-07-06,NOVA-CPT-02,DC-SOUTH,South,225,65,160,0.9158
2026-07-06,NOVA-CPT-02,DC-EAST,East,189,49,140,0.8639
2026-07-06,NOVA-CPT-02,DC-WEST,West,220,91,129,0.8878
2026-07-06,NOVA-WBL-01,DC-NORTH,North,246,107,139,0.9028
2026-07-06,NOVA-WBL-01,DC-SOUTH,South,288,76,212,0.8796
2026-07-06,NOVA-WBL-01,DC-EAST,East,265,104,161,0.8532
2026-07-06,NOVA-WBL-01,DC-WEST,West,244,92,152,0.9135
2026-07-06,NOVA-WBL-02,DC-NORTH,North,387,159,228,0.905
2026-07-06,NOVA-WBL-02,DC-SOUTH,South,383,99,284,0.8877
2026-07-06,NOVA-WBL-02,DC-EAST,East,457,173,284,0.9342
2026-07-06,NOVA-WBL-02,DC-WEST,West,457,168,289,0.911
2026-07-06,NOVA-ACC-01,DC-NORTH,North,877,282,595,0.8958
2026-07-06,NOVA-ACC-01,DC-SOUTH,South,762,338,424,0.8857
2026-07-06,NOVA-ACC-01,DC-EAST,East,873,348,525,0.9467
2026-07-06,NOVA-ACC-01,DC-WEST,West,866,327,539,0.8483
2026-07-06,NOVA-ACC-02,DC-NORTH,North,575,179,396,0.8609
2026-07-06,NOVA-ACC-02,DC-SOUTH,South,556,246,310,0.8825
2026-07-06,NOVA-ACC-02,DC-EAST,East,642,256,386,0.8668
2026-07-06,NOVA-ACC-02,DC-WEST,West,540,198,342,0.921
2026-07-07,NOVA-AUD-01,DC-NORTH,North,355,105,250,0.8485
2026-07-07,NOVA-AUD-01,DC-SOUTH,South,402,170,232,0.9513
2026-07-07,NOVA-AUD-01,DC-EAST,East,419,135,284,0.9231
2026-07-07,NOVA-AUD-01,DC-WEST,West,349,113,236,0.8774
2026-07-07,NOVA-AUD-02,DC-NORTH,North,543,212,331,0.9334
2026-07-07,NOVA-AUD-02,DC-SOUTH,South,441,140,301,0.9396
2026-07-07,NOVA-AUD-02,DC-EAST,East,426,114,312,0.8714
2026-07-07,NOVA-AUD-02,DC-WEST,West,474,137,337,0.8839
2026-07-07,NOVA-MOB-01,DC-NORTH,North,238,96,142,0.9385
2026-07-07,NOVA-MOB-01,DC-SOUTH,South,231,91,140,0.9462
2026-07-07,NOVA-MOB-01,DC-EAST,East,230,73,157,0.8568
2026-07-07,NOVA-MOB-01,DC-WEST,West,281,120,161,0.8577
2026-07-07,NOVA-MOB-02,DC-NORTH,North,273,104,169,0.8724
2026-07-07,NOVA-MOB-02,DC-SOUTH,South,274,79,195,0.9524
2026-07-07,NOVA-MOB-02,DC-EAST,East,338,116,222,0.9203
2026-07-07,NOVA-MOB-02,DC-WEST,West,266,76,190,0.9487
2026-07-07,NOVA-CPT-01,DC-NORTH,North,190,75,115,0.886
2026-07-07,NOVA-CPT-01,DC-SOUTH,South,174,69,105,0.8624
2026-07-07,NOVA-CPT-01,DC-EAST,East,183,48,135,0.9018
2026-07-07,NOVA-CPT-01,DC-WEST,West,144,52,92,0.8693
2026-07-07,NOVA-CPT-02,DC-NORTH,North,224,78,146,0.9092
2026-07-07,NOVA-CPT-02,DC-SOUTH,South,191,56,135,0.851
2026-07-07,NOVA-CPT-02,DC-EAST,East,219,57,162,0.9018
2026-07-07,NOVA-CPT-02,DC-WEST,West,219,58,161,0.9156
2026-07-07,NOVA-WBL-01,DC-NORTH,North,285,127,158,0.8917
2026-07-07,NOVA-WBL-01,DC-SOUTH,South,316,89,227,0.9387
2026-07-07,NOVA-WBL-01,DC-EAST,East,307,108,199,0.9067
2026-07-07,NOVA-WBL-01,DC-WEST,West,272,118,154,0.9251
2026-07-07,NOVA-WBL-02,DC-NORTH,North,437,156,281,0.8747
2026-07-07,NOVA-WBL-02,DC-SOUTH,South,382,119,263,0.9537
2026-07-07,NOVA-WBL-02,DC-EAST,East,458,197,261,0.8915
2026-07-07,NOVA-WBL-02,DC-WEST,West,481,144,337,0.9478
2026-07-07,NOVA-ACC-01,DC-NORTH,North,771,279,492,0.8851
2026-07-07,NOVA-ACC-01,DC-SOUTH,South,779,349,430,0.8948
2026-07-07,NOVA-ACC-01,DC-EAST,East,806,333,473,0.893
2026-07-07,NOVA-ACC-01,DC-WEST,West,662,219,443,0.8995
2026-07-07,NOVA-ACC-02,DC-NORTH,North,484,148,336,0.8912
2026-07-07,NOVA-ACC-02,DC-SOUTH,South,521,226,295,0.9169
2026-07-07,NOVA-ACC-02,DC-EAST,East,633,225,408,0.9524
2026-07-07,NOVA-ACC-02,DC-WEST,West,597,181,416,0.8755
2026-07-08,NOVA-AUD-01,DC-NORTH,North,414,181,233,0.909
2026-07-08,NOVA-AUD-01,DC-SOUTH,South,413,142,271,0.9411
2026-07-08,NOVA-AUD-01,DC-EAST,East,401,165,236,0.944
2026-07-08,NOVA-AUD-01,DC-WEST,West,363,101,262,0.9355
2026-07-08,NOVA-AUD-02,DC-NORTH,North,438,188,250,0.8745
2026-07-08,NOVA-AUD-02,DC-SOUTH,South,502,129,373,0.8785
2026-07-08,NOVA-AUD-02,DC-EAST,East,473,172,301,0.9298
2026-07-08,NOVA-AUD-02,DC-WEST,West,536,222,314,0.8665
2026-07-08,NOVA-MOB-01,DC-NORTH,North,265,106,159,0.8823
2026-07-08,NOVA-MOB-01,DC-SOUTH,South,261,83,178,0.901
2026-07-08,NOVA-MOB-01,DC-EAST,East,245,86,159,0.9483
2026-07-08,NOVA-MOB-01,DC-WEST,West,234,95,139,0.9362
2026-07-08,NOVA-MOB-02,DC-NORTH,North,311,93,218,0.8828
2026-07-08,NOVA-MOB-02,DC-SOUTH,South,287,85,202,0.8951
2026-07-08,NOVA-MOB-02,DC-EAST,East,337,141,196,0.9164
2026-07-08,NOVA-MOB-02,DC-WEST,West,277,92,185,0.8695
2026-07-08,NOVA-CPT-01,DC-NORTH,North,160,54,106,0.9007
2026-07-08,NOVA-CPT-01,DC-SOUTH,South,146,63,83,0.8848
2026-07-08,NOVA-CPT-01,DC-EAST,East,184,67,117,0.8901
2026-07-08,NOVA-CPT-01,DC-WEST,West,147,57,90,0.879
2026-07-08,NOVA-CPT-02,DC-NORTH,North,205,66,139,0.9181
2026-07-08,NOVA-CPT-02,DC-SOUTH,South,237,62,175,0.9209
2026-07-08,NOVA-CPT-02,DC-EAST,East,228,89,139,0.8968
2026-07-08,NOVA-CPT-02,DC-WEST,West,181,46,135,0.8586
2026-07-08,NOVA-WBL-01,DC-NORTH,North,259,65,194,0.865
2026-07-08,NOVA-WBL-01,DC-SOUTH,South,293,121,172,0.8827
2026-07-08,NOVA-WBL-01,DC-EAST,East,308,113,195,0.8472
2026-07-08,NOVA-WBL-01,DC-WEST,West,315,111,204,0.9382
2026-07-08,NOVA-WBL-02,DC-NORTH,North,378,161,217,0.9094
2026-07-08,NOVA-WBL-02,DC-SOUTH,South,458,147,311,0.9103
2026-07-08,NOVA-WBL-02,DC-EAST,East,394,115,279,0.848
2026-07-08,NOVA-WBL-02,DC-WEST,West,449,160,289,0.9337
2026-07-08,NOVA-ACC-01,DC-NORTH,North,720,274,446,0.923
2026-07-08,NOVA-ACC-01,DC-SOUTH,South,745,299,446,0.9036
2026-07-08,NOVA-ACC-01,DC-EAST,East,769,241,528,0.9268
2026-07-08,NOVA-ACC-01,DC-WEST,West,756,268,488,0.86
2026-07-08,NOVA-ACC-02,DC-NORTH,North,585,239,346,0.9106
2026-07-08,NOVA-ACC-02,DC-SOUTH,South,590,222,368,0.9444
2026-07-08,NOVA-ACC-02,DC-EAST,East,573,197,376,0.9476
2026-07-08,NOVA-ACC-02,DC-WEST,West,515,209,306,0.8698
2026-07-09,NOVA-AUD-01,DC-NORTH,North,374,139,235,0.9389
2026-07-09,NOVA-AUD-01,DC-SOUTH,South,337,115,222,0.8918
2026-07-09,NOVA-AUD-01,DC-EAST,East,428,128,300,0.8671
2026-07-09,NOVA-AUD-01,DC-WEST,West,442,160,282,0.9197
2026-07-09,NOVA-AUD-02,DC-NORTH,North,424,134,290,0.9313
2026-07-09,NOVA-AUD-02,DC-SOUTH,South,432,192,240,0.9348
2026-07-09,NOVA-AUD-02,DC-EAST,East,446,184,262,0.948
2026-07-09,NOVA-AUD-02,DC-WEST,West,459,196,263,0.8706
2026-07-09,NOVA-MOB-01,DC-NORTH,North,220,88,132,0.9243
2026-07-09,NOVA-MOB-01,DC-SOUTH,South,287,99,188,0.8772
2026-07-09,NOVA-MOB-01,DC-EAST,East,285,110,175,0.8564
2026-07-09,NOVA-MOB-01,DC-WEST,West,288,92,196,0.9265
2026-07-09,NOVA-MOB-02,DC-NORTH,North,263,73,190,0.9426
2026-07-09,NOVA-MOB-02,DC-SOUTH,South,338,87,251,0.8818
2026-07-09,NOVA-MOB-02,DC-EAST,East,309,97,212,0.94
2026-07-09,NOVA-MOB-02,DC-WEST,West,297,127,170,0.8685
2026-07-09,NOVA-CPT-01,DC-NORTH,North,147,49,98,0.9493
2026-07-09,NOVA-CPT-01,DC-SOUTH,South,169,66,103,0.945
2026-07-09,NOVA-CPT-01,DC-EAST,East,166,58,108,0.9052
2026-07-09,NOVA-CPT-01,DC-WEST,West,163,72,91,0.8862
2026-07-09,NOVA-CPT-02,DC-NORTH,North,196,49,147,0.9213
2026-07-09,NOVA-CPT-02,DC-SOUTH,South,184,61,123,0.9405
2026-07-09,NOVA-CPT-02,DC-EAST,East,189,53,136,0.8705
2026-07-09,NOVA-CPT-02,DC-WEST,West,197,52,145,0.901
2026-07-09,NOVA-WBL-01,DC-NORTH,North,245,88,157,0.9335
2026-07-09,NOVA-WBL-01,DC-SOUTH,South,274,82,192,0.9054
2026-07-09,NOVA-WBL-01,DC-EAST,East,244,85,159,0.9395
2026-07-09,NOVA-WBL-01,DC-WEST,West,276,104,172,0.9491
2026-07-09,NOVA-WBL-02,DC-NORTH,North,456,194,262,0.9297
2026-07-09,NOVA-WBL-02,DC-SOUTH,South,451,165,286,0.9028
2026-07-09,NOVA-WBL-02,DC-EAST,East,450,162,288,0.8611
2026-07-09,NOVA-WBL-02,DC-WEST,West,409,120,289,0.8687
2026-07-09,NOVA-ACC-01,DC-NORTH,North,792,266,526,0.8861
2026-07-09,NOVA-ACC-01,DC-SOUTH,South,824,293,531,0.9208
2026-07-09,NOVA-ACC-01,DC-EAST,East,776,292,484,0.928
2026-07-09,NOVA-ACC-01,DC-WEST,West,727,222,505,0.9502
2026-07-09,NOVA-ACC-02,DC-NORTH,North,616,189,427,0.8958
2026-07-09,NOVA-ACC-02,DC-SOUTH,South,528,205,323,0.9316
2026-07-09,NOVA-ACC-02,DC-EAST,East,507,153,354,0.9188
2026-07-09,NOVA-ACC-02,DC-WEST,West,552,239,313,0.8594
2026-07-10,NOVA-AUD-01,DC-NORTH,North,414,171,243,0.9043
2026-07-10,NOVA-AUD-01,DC-SOUTH,South,385,106,279,0.8665
2026-07-10,NOVA-AUD-01,DC-EAST,East,385,104,281,0.8617
2026-07-10,NOVA-AUD-01,DC-WEST,West,345,110,235,0.9472
2026-07-10,NOVA-AUD-02,DC-NORTH,North,528,219,309,0.8934
2026-07-10,NOVA-AUD-02,DC-SOUTH,South,503,185,318,0.8948
2026-07-10,NOVA-AUD-02,DC-EAST,East,519,131,388,0.9192
2026-07-10,NOVA-AUD-02,DC-WEST,West,453,176,277,0.9451
2026-07-10,NOVA-MOB-01,DC-NORTH,North,255,109,146,0.855
2026-07-10,NOVA-MOB-01,DC-SOUTH,South,244,70,174,0.8723
2026-07-10,NOVA-MOB-01,DC-EAST,East,256,109,147,0.9506
2026-07-10,NOVA-MOB-01,DC-WEST,West,244,67,177,0.9006
2026-07-10,NOVA-MOB-02,DC-NORTH,North,303,121,182,0.9478
2026-07-10,NOVA-MOB-02,DC-SOUTH,South,328,114,214,0.85
2026-07-10,NOVA-MOB-02,DC-EAST,East,263,73,190,0.933
2026-07-10,NOVA-MOB-02,DC-WEST,West,352,143,209,0.9105
2026-07-10,NOVA-CPT-01,DC-NORTH,North,167,64,103,0.902
2026-07-10,NOVA-CPT-01,DC-SOUTH,South,165,64,101,0.8535
2026-07-10,NOVA-CPT-01,DC-EAST,East,171,67,104,0.9447
2026-07-10,NOVA-CPT-01,DC-WEST,West,191,73,118,0.9078
2026-07-10,NOVA-CPT-02,DC-NORTH,North,230,83,147,0.8662
2026-07-10,NOVA-CPT-02,DC-SOUTH,South,236,90,146,0.867
2026-07-10,NOVA-CPT-02,DC-EAST,East,218,55,163,0.93
2026-07-10,NOVA-CPT-02,DC-WEST,West,232,80,152,0.9021
2026-07-10,NOVA-WBL-01,DC-NORTH,North,241,101,140,0.8986
2026-07-10,NOVA-WBL-01,DC-SOUTH,South,295,105,190,0.9107
2026-07-10,NOVA-WBL-01,DC-EAST,East,253,64,189,0.9172
2026-07-10,NOVA-WBL-01,DC-WEST,West,299,105,194,0.8713
2026-07-10,NOVA-WBL-02,DC-NORTH,North,479,143,336,0.8536
2026-07-10,NOVA-WBL-02,DC-SOUTH,South,358,154,204,0.8664
2026-07-10,NOVA-WBL-02,DC-EAST,East,467,142,325,0.9008
2026-07-10,NOVA-WBL-02,DC-WEST,West,381,141,240,0.9313
2026-07-10,NOVA-ACC-01,DC-NORTH,North,689,305,384,0.8869
2026-07-10,NOVA-ACC-01,DC-SOUTH,South,833,288,545,0.9405
2026-07-10,NOVA-ACC-01,DC-EAST,East,868,288,580,0.9416
2026-07-10,NOVA-ACC-01,DC-WEST,West,822,343,479,0.8616
2026-07-10,NOVA-ACC-02,DC-NORTH,North,584,231,353,0.8484
2026-07-10,NOVA-ACC-02,DC-SOUTH,South,527,172,355,0.9256
2026-07-10,NOVA-ACC-02,DC-EAST,East,621,258,363,0.8771
2026-07-10,NOVA-ACC-02,DC-WEST,West,622,260,362,0.935
2026-07-11,NOVA-AUD-01,DC-NORTH,North,421,180,241,0.9084
2026-07-11,NOVA-AUD-01,DC-SOUTH,South,364,111,253,0.8468
2026-07-11,NOVA-AUD-01,DC-EAST,East,348,156,192,0.9254
2026-07-11,NOVA-AUD-01,DC-WEST,West,359,147,212,0.8699
2026-07-11,NOVA-AUD-02,DC-NORTH,North,483,214,269,0.9506
2026-07-11,NOVA-AUD-02,DC-SOUTH,South,543,228,315,0.8767
2026-07-11,NOVA-AUD-02,DC-EAST,East,515,196,319,0.8525
2026-07-11,NOVA-AUD-02,DC-WEST,West,434,187,247,0.8958
2026-07-11,NOVA-MOB-01,DC-NORTH,North,283,108,175,0.9116
2026-07-11,NOVA-MOB-01,DC-SOUTH,South,254,107,147,0.9353
2026-07-11,NOVA-MOB-01,DC-EAST,East,273,111,162,0.8895
2026-07-11,NOVA-MOB-01,DC-WEST,West,272,85,187,0.8701
2026-07-11,NOVA-MOB-02,DC-NORTH,North,325,103,222,0.9138
2026-07-11,NOVA-MOB-02,DC-SOUTH,South,290,127,163,0.865
2026-07-11,NOVA-MOB-02,DC-EAST,East,275,95,180,0.8553
2026-07-11,NOVA-MOB-02,DC-WEST,West,340,139,201,0.9194
2026-07-11,NOVA-CPT-01,DC-NORTH,North,174,45,129,0.8875
2026-07-11,NOVA-CPT-01,DC-SOUTH,South,151,43,108,0.8751
2026-07-11,NOVA-CPT-01,DC-EAST,East,175,51,124,0.9152
2026-07-11,NOVA-CPT-01,DC-WEST,West,193,51,142,0.9304
2026-07-11,NOVA-CPT-02,DC-NORTH,North,224,64,160,0.9037
2026-07-11,NOVA-CPT-02,DC-SOUTH,South,234,61,173,0.904
2026-07-11,NOVA-CPT-02,DC-EAST,East,179,69,110,0.876
2026-07-11,NOVA-CPT-02,DC-WEST,West,241,87,154,0.8709
2026-07-11,NOVA-WBL-01,DC-NORTH,North,318,102,216,0.8856
2026-07-11,NOVA-WBL-01,DC-SOUTH,South,274,100,174,0.8649
2026-07-11,NOVA-WBL-01,DC-EAST,East,321,129,192,0.8501
2026-07-11,NOVA-WBL-01,DC-WEST,West,297,105,192,0.9171
2026-07-11,NOVA-WBL-02,DC-NORTH,North,457,141,316,0.9196
2026-07-11,NOVA-WBL-02,DC-SOUTH,South,447,122,325,0.8503
2026-07-11,NOVA-WBL-02,DC-EAST,East,405,109,296,0.9013
2026-07-11,NOVA-WBL-02,DC-WEST,West,397,163,234,0.8519
2026-07-11,NOVA-ACC-01,DC-NORTH,North,682,196,486,0.8735
2026-07-11,NOVA-ACC-01,DC-SOUTH,South,841,358,483,0.8756
2026-07-11,NOVA-ACC-01,DC-EAST,East,677,282,395,0.9506
2026-07-11,NOVA-ACC-01,DC-WEST,West,683,189,494,0.8644
2026-07-11,NOVA-ACC-02,DC-NORTH,North,494,189,305,0.9398
2026-07-11,NOVA-ACC-02,DC-SOUTH,South,601,219,382,0.8527
2026-07-11,NOVA-ACC-02,DC-EAST,East,480,143,337,0.867
2026-07-11,NOVA-ACC-02,DC-WEST,West,600,236,364,0.9274
2026-07-12,NOVA-AUD-01,DC-NORTH,North,347,126,221,0.9149
2026-07-12,NOVA-AUD-01,DC-SOUTH,South,349,137,212,0.88
2026-07-12,NOVA-AUD-01,DC-EAST,East,437,153,284,0.859
2026-07-12,NOVA-AUD-01,DC-WEST,West,448,156,292,0.8802
2026-07-12,NOVA-AUD-02,DC-NORTH,North,441,119,322,0.875
2026-07-12,NOVA-AUD-02,DC-SOUTH,South,554,206,348,0.8884
2026-07-12,NOVA-AUD-02,DC-EAST,East,430,166,264,0.8551
2026-07-12,NOVA-AUD-02,DC-WEST,West,537,196,341,0.8702
2026-07-12,NOVA-MOB-01,DC-NORTH,North,224,60,164,0.8815
2026-07-12,NOVA-MOB-01,DC-SOUTH,South,250,94,156,0.954
2026-07-12,NOVA-MOB-01,DC-EAST,East,273,112,161,0.9384
2026-07-12,NOVA-MOB-01,DC-WEST,West,264,70,194,0.8777
2026-07-12,NOVA-MOB-02,DC-NORTH,North,322,96,226,0.881
2026-07-12,NOVA-MOB-02,DC-SOUTH,South,272,103,169,0.9159
2026-07-12,NOVA-MOB-02,DC-EAST,East,325,89,236,0.9387
2026-07-12,NOVA-MOB-02,DC-WEST,West,305,113,192,0.904
2026-07-12,NOVA-CPT-01,DC-NORTH,North,147,48,99,0.8483
2026-07-12,NOVA-CPT-01,DC-SOUTH,South,148,61,87,0.9267
2026-07-12,NOVA-CPT-01,DC-EAST,East,185,50,135,0.8836
2026-07-12,NOVA-CPT-01,DC-WEST,West,183,53,130,0.8583
2026-07-12,NOVA-CPT-02,DC-NORTH,North,205,69,136,0.8516
2026-07-12,NOVA-CPT-02,DC-SOUTH,South,220,59,161,0.9458
2026-07-12,NOVA-CPT-02,DC-EAST,East,237,104,133,0.9188
2026-07-12,NOVA-CPT-02,DC-WEST,West,235,85,150,0.8608
2026-07-12,NOVA-WBL-01,DC-NORTH,North,240,72,168,0.8836
2026-07-12,NOVA-WBL-01,DC-SOUTH,South,317,120,197,0.8492
2026-07-12,NOVA-WBL-01,DC-EAST,East,240,86,154,0.9142
2026-07-12,NOVA-WBL-01,DC-WEST,West,297,85,212,0.9288
2026-07-12,NOVA-WBL-02,DC-NORTH,North,375,145,230,0.9068
2026-07-12,NOVA-WBL-02,DC-SOUTH,South,382,130,252,0.8863
2026-07-12,NOVA-WBL-02,DC-EAST,East,437,170,267,0.8515
2026-07-12,NOVA-WBL-02,DC-WEST,West,482,150,332,0.8839
2026-07-12,NOVA-ACC-01,DC-NORTH,North,813,278,535,0.9234
2026-07-12,NOVA-ACC-01,DC-SOUTH,South,857,287,570,0.9482
2026-07-12,NOVA-ACC-01,DC-EAST,East,671,299,372,0.8961
2026-07-12,NOVA-ACC-01,DC-WEST,West,841,359,482,0.8796
2026-07-12,NOVA-ACC-02,DC-NORTH,North,521,132,389,0.8707
2026-07-12,NOVA-ACC-02,DC-SOUTH,South,534,195,339,0.8601
2026-07-12,NOVA-ACC-02,DC-EAST,East,610,182,428,0.9267
2026-07-12,NOVA-ACC-02,DC-WEST,West,527,198,329,0.8951
2026-07-13,NOVA-AUD-01,DC-NORTH,North,338,129,209,0.8478
2026-07-13,NOVA-AUD-01,DC-SOUTH,South,398,168,230,0.901
2026-07-13,NOVA-AUD-01,DC-EAST,East,446,186,260,0.9354
2026-07-13,NOVA-AUD-01,DC-WEST,West,400,175,225,0.9351
2026-07-13,NOVA-AUD-02,DC-NORTH,North,521,229,292,0.8607
2026-07-13,NOVA-AUD-02,DC-SOUTH,South,518,185,333,0.8832
2026-07-13,NOVA-AUD-02,DC-EAST,East,423,106,317,0.8896
2026-07-13,NOVA-AUD-02,DC-WEST,West,430,181,249,0.9308
2026-07-13,NOVA-MOB-01,DC-NORTH,North,253,76,177,0.9201
2026-07-13,NOVA-MOB-01,DC-SOUTH,South,221,90,131,0.9268
2026-07-13,NOVA-MOB-01,DC-EAST,East,224,71,153,0.9044
2026-07-13,NOVA-MOB-01,DC-WEST,West,253,94,159,0.8479
2026-07-13,NOVA-MOB-02,DC-NORTH,North,263,83,180,0.9156
2026-07-13,NOVA-MOB-02,DC-SOUTH,South,318,91,227,0.8934
2026-07-13,NOVA-MOB-02,DC-EAST,East,267,114,153,0.9514
2026-07-13,NOVA-MOB-02,DC-WEST,West,293,116,177,0.8785
2026-07-13,NOVA-CPT-01,DC-NORTH,North,181,69,112,0.9371
2026-07-13,NOVA-CPT-01,DC-SOUTH,South,150,41,109,0.8892
2026-07-13,NOVA-CPT-01,DC-EAST,East,168,52,116,0.8723
2026-07-13,NOVA-CPT-01,DC-WEST,West,156,70,86,0.8703
2026-07-13,NOVA-CPT-02,DC-NORTH,North,212,87,125,0.8483
2026-07-13,NOVA-CPT-02,DC-SOUTH,South,218,72,146,0.895
2026-07-13,NOVA-CPT-02,DC-EAST,East,210,60,150,0.8587
2026-07-13,NOVA-CPT-02,DC-WEST,West,240,68,172,0.929
2026-07-13,NOVA-WBL-01,DC-NORTH,North,242,76,166,0.8625
2026-07-13,NOVA-WBL-01,DC-SOUTH,South,291,96,195,0.8825
2026-07-13,NOVA-WBL-01,DC-EAST,East,281,125,156,0.8739
2026-07-13,NOVA-WBL-01,DC-WEST,West,242,86,156,0.8847
2026-07-13,NOVA-WBL-02,DC-NORTH,North,401,149,252,0.8854
2026-07-13,NOVA-WBL-02,DC-SOUTH,South,430,147,283,0.8738
2026-07-13,NOVA-WBL-02,DC-EAST,East,387,143,244,0.8833
2026-07-13,NOVA-WBL-02,DC-WEST,West,361,161,200,0.878
2026-07-13,NOVA-ACC-01,DC-NORTH,North,817,313,504,0.9177
2026-07-13,NOVA-ACC-01,DC-SOUTH,South,854,333,521,0.9216
2026-07-13,NOVA-ACC-01,DC-EAST,East,823,336,487,0.9275
2026-07-13,NOVA-ACC-01,DC-WEST,West,658,213,445,0.8806
2026-07-13,NOVA-ACC-02,DC-NORTH,North,521,193,328,0.8657
2026-07-13,NOVA-ACC-02,DC-SOUTH,South,564,149,415,0.8566
2026-07-13,NOVA-ACC-02,DC-EAST,East,552,214,338,0.9382
2026-07-13,NOVA-ACC-02,DC-WEST,West,632,231,401,0.9436
2026-07-14,NOVA-AUD-01,DC-NORTH,North,440,126,314,0.9015
2026-07-14,NOVA-AUD-01,DC-SOUTH,South,349,131,218,0.8822
2026-07-14,NOVA-AUD-01,DC-EAST,East,392,133,259,0.9403
2026-07-14,NOVA-AUD-01,DC-WEST,West,351,154,197,0.944
2026-07-14,NOVA-AUD-02,DC-NORTH,North,547,227,320,0.8903
2026-07-14,NOVA-AUD-02,DC-SOUTH,South,448,188,260,0.9124
2026-07-14,NOVA-AUD-02,DC-EAST,East,463,175,288,0.8485
2026-07-14,NOVA-AUD-02,DC-WEST,West,558,236,322,0.951
2026-07-14,NOVA-MOB-01,DC-NORTH,North,254,97,157,0.9227
2026-07-14,NOVA-MOB-01,DC-SOUTH,South,219,73,146,0.905
2026-07-14,NOVA-MOB-01,DC-EAST,East,277,97,180,0.9452
2026-07-14,NOVA-MOB-01,DC-WEST,West,215,84,131,0.8823
2026-07-14,NOVA-MOB-02,DC-NORTH,North,339,136,203,0.8836
2026-07-14,NOVA-MOB-02,DC-SOUTH,South,276,75,201,0.9443
2026-07-14,NOVA-MOB-02,DC-EAST,East,316,134,182,0.8872
2026-07-14,NOVA-MOB-02,DC-WEST,West,284,76,208,0.855
2026-07-14,NOVA-CPT-01,DC-NORTH,North,192,62,130,0.9355
2026-07-14,NOVA-CPT-01,DC-SOUTH,South,185,60,125,0.9422
2026-07-14,NOVA-CPT-01,DC-EAST,East,164,48,116,0.8512
2026-07-14,NOVA-CPT-01,DC-WEST,West,177,73,104,0.9338
2026-07-14,NOVA-CPT-02,DC-NORTH,North,191,69,122,0.9402
2026-07-14,NOVA-CPT-02,DC-SOUTH,South,183,60,123,0.8779
2026-07-14,NOVA-CPT-02,DC-EAST,East,207,88,119,0.8854
2026-07-14,NOVA-CPT-02,DC-WEST,West,240,75,165,0.8896
2026-07-14,NOVA-WBL-01,DC-NORTH,North,262,70,192,0.9466
2026-07-14,NOVA-WBL-01,DC-SOUTH,South,319,137,182,0.9537
2026-07-14,NOVA-WBL-01,DC-EAST,East,266,117,149,0.8617
2026-07-14,NOVA-WBL-01,DC-WEST,West,280,110,170,0.9361
2026-07-14,NOVA-WBL-02,DC-NORTH,North,405,113,292,0.9275
2026-07-14,NOVA-WBL-02,DC-SOUTH,South,466,140,326,0.857
2026-07-14,NOVA-WBL-02,DC-EAST,East,406,167,239,0.9418
2026-07-14,NOVA-WBL-02,DC-WEST,West,472,152,320,0.9202
2026-07-14,NOVA-ACC-01,DC-NORTH,North,828,356,472,0.8894
2026-07-14,NOVA-ACC-01,DC-SOUTH,South,657,192,465,0.8873
2026-07-14,NOVA-ACC-01,DC-EAST,East,733,240,493,0.8943
2026-07-14,NOVA-ACC-01,DC-WEST,West,673,225,448,0.9349
2026-07-14,NOVA-ACC-02,DC-NORTH,North,553,181,372,0.8704
2026-07-14,NOVA-ACC-02,DC-SOUTH,South,624,178,446,0.9423
2026-07-14,NOVA-ACC-02,DC-EAST,East,583,254,329,0.8705
2026-07-14,NOVA-ACC-02,DC-WEST,West,523,175,348,0.9451
2026-07-15,NOVA-AUD-01,DC-NORTH,North,392,122,270,0.8832
2026-07-15,NOVA-AUD-01,DC-SOUTH,South,355,126,229,0.9539
2026-07-15,NOVA-AUD-01,DC-EAST,East,403,123,280,0.8943
2026-07-15,NOVA-AUD-01,DC-WEST,West,367,128,239,0.8693
2026-07-15,NOVA-AUD-02,DC-NORTH,North,519,172,347,0.9476
2026-07-15,NOVA-AUD-02,DC-SOUTH,South,433,191,242,0.9485
2026-07-15,NOVA-AUD-02,DC-EAST,East,555,191,364,0.9294
2026-07-15,NOVA-AUD-02,DC-WEST,West,423,123,300,0.9266
2026-07-15,NOVA-MOB-01,DC-NORTH,North,239,69,170,0.9465
2026-07-15,NOVA-MOB-01,DC-SOUTH,South,277,112,165,0.8568
2026-07-15,NOVA-MOB-01,DC-EAST,East,265,109,156,0.9177
2026-07-15,NOVA-MOB-01,DC-WEST,West,283,105,178,0.9417
2026-07-15,NOVA-MOB-02,DC-NORTH,North,319,120,199,0.9138
2026-07-15,NOVA-MOB-02,DC-SOUTH,South,298,104,194,0.8797
2026-07-15,NOVA-MOB-02,DC-EAST,East,289,117,172,0.8994
2026-07-15,NOVA-MOB-02,DC-WEST,West,262,92,170,0.9494
2026-07-15,NOVA-CPT-01,DC-NORTH,North,185,79,106,0.879
2026-07-15,NOVA-CPT-01,DC-SOUTH,South,183,46,137,0.938
2026-07-15,NOVA-CPT-01,DC-EAST,East,186,54,132,0.8642
2026-07-15,NOVA-CPT-01,DC-WEST,West,157,56,101,0.8926
2026-07-15,NOVA-CPT-02,DC-NORTH,North,189,66,123,0.9449
2026-07-15,NOVA-CPT-02,DC-SOUTH,South,239,66,173,0.8953
2026-07-15,NOVA-CPT-02,DC-EAST,East,204,81,123,0.8824
2026-07-15,NOVA-CPT-02,DC-WEST,West,205,69,136,0.954
2026-07-15,NOVA-WBL-01,DC-NORTH,North,242,104,138,0.9298
2026-07-15,NOVA-WBL-01,DC-SOUTH,South,241,83,158,0.8631
2026-07-15,NOVA-WBL-01,DC-EAST,East,295,118,177,0.9461
2026-07-15,NOVA-WBL-01,DC-WEST,West,293,97,196,0.9229
2026-07-15,NOVA-WBL-02,DC-NORTH,North,408,178,230,0.8956
2026-07-15,NOVA-WBL-02,DC-SOUTH,South,411,131,280,0.9326
2026-07-15,NOVA-WBL-02,DC-EAST,East,481,165,316,0.8588
2026-07-15,NOVA-WBL-02,DC-WEST,West,389,167,222,0.863
2026-07-15,NOVA-ACC-01,DC-NORTH,North,679,266,413,0.926
2026-07-15,NOVA-ACC-01,DC-SOUTH,South,683,197,486,0.939
2026-07-15,NOVA-ACC-01,DC-EAST,East,788,237,551,0.9462
2026-07-15,NOVA-ACC-01,DC-WEST,West,822,234,588,0.9204
2026-07-15,NOVA-ACC-02,DC-NORTH,North,575,153,422,0.8925
2026-07-15,NOVA-ACC-02,DC-SOUTH,South,566,244,322,0.8917
2026-07-15,NOVA-ACC-02,DC-EAST,East,526,186,340,0.8539
2026-07-15,NOVA-ACC-02,DC-WEST,West,573,246,327,0.8827
2026-07-16,NOVA-AUD-01,DC-NORTH,North,409,144,265,0.8537
2026-07-16,NOVA-AUD-01,DC-SOUTH,South,399,116,283,0.9149
2026-07-16,NOVA-AUD-01,DC-EAST,East,335,150,185,0.8699
2026-07-16,NOVA-AUD-01,DC-WEST,West,361,98,263,0.8885
2026-07-16,NOVA-AUD-02,DC-NORTH,North,477,165,312,0.8827
2026-07-16,NOVA-AUD-02,DC-SOUTH,South,537,203,334,0.9362
2026-07-16,NOVA-AUD-02,DC-EAST,East,422,171,251,0.8554
2026-07-16,NOVA-AUD-02,DC-WEST,West,495,177,318,0.8876
2026-07-16,NOVA-MOB-01,DC-NORTH,North,244,80,164,0.8657
2026-07-16,NOVA-MOB-01,DC-SOUTH,South,289,103,186,0.9113
2026-07-16,NOVA-MOB-01,DC-EAST,East,245,89,156,0.8529
2026-07-16,NOVA-MOB-01,DC-WEST,West,277,69,208,0.9046
2026-07-16,NOVA-MOB-02,DC-NORTH,North,345,116,229,0.8847
2026-07-16,NOVA-MOB-02,DC-SOUTH,South,297,107,190,0.9168
2026-07-16,NOVA-MOB-02,DC-EAST,East,264,79,185,0.9331
2026-07-16,NOVA-MOB-02,DC-WEST,West,332,89,243,0.888
2026-07-16,NOVA-CPT-01,DC-NORTH,North,162,61,101,0.9525
2026-07-16,NOVA-CPT-01,DC-SOUTH,South,147,60,87,0.8889
2026-07-16,NOVA-CPT-01,DC-EAST,East,159,56,103,0.8669
2026-07-16,NOVA-CPT-01,DC-WEST,West,189,50,139,0.9334
2026-07-16,NOVA-CPT-02,DC-NORTH,North,227,99,128,0.8774
2026-07-16,NOVA-CPT-02,DC-SOUTH,South,210,53,157,0.9067
2026-07-16,NOVA-CPT-02,DC-EAST,East,178,74,104,0.8977
2026-07-16,NOVA-CPT-02,DC-WEST,West,195,82,113,0.9089
2026-07-16,NOVA-WBL-01,DC-NORTH,North,297,103,194,0.9032
2026-07-16,NOVA-WBL-01,DC-SOUTH,South,321,130,191,0.9378
2026-07-16,NOVA-WBL-01,DC-EAST,East,252,101,151,0.8723
2026-07-16,NOVA-WBL-01,DC-WEST,West,276,114,162,0.9042
2026-07-16,NOVA-WBL-02,DC-NORTH,North,432,120,312,0.9074
2026-07-16,NOVA-WBL-02,DC-SOUTH,South,385,147,238,0.9277
2026-07-16,NOVA-WBL-02,DC-EAST,East,461,178,283,0.8824
2026-07-16,NOVA-WBL-02,DC-WEST,West,472,203,269,0.9409
2026-07-16,NOVA-ACC-01,DC-NORTH,North,797,253,544,0.9253
2026-07-16,NOVA-ACC-01,DC-SOUTH,South,863,250,613,0.8527
2026-07-16,NOVA-ACC-01,DC-EAST,East,683,272,411,0.8808
2026-07-16,NOVA-ACC-01,DC-WEST,West,745,300,445,0.9216
2026-07-16,NOVA-ACC-02,DC-NORTH,North,609,206,403,0.9019
2026-07-16,NOVA-ACC-02,DC-SOUTH,South,615,198,417,0.9151
2026-07-16,NOVA-ACC-02,DC-EAST,East,547,184,363,0.8511
2026-07-16,NOVA-ACC-02,DC-WEST,West,494,174,320,0.8551
2026-07-17,NOVA-AUD-01,DC-NORTH,North,356,120,236,0.9092
2026-07-17,NOVA-AUD-01,DC-SOUTH,South,360,96,264,0.8957
2026-07-17,NOVA-AUD-01,DC-EAST,East,356,154,202,0.9533
2026-07-17,NOVA-AUD-01,DC-WEST,West,399,127,272,0.9055
2026-07-17,NOVA-AUD-02,DC-NORTH,North,453,164,289,0.9145
2026-07-17,NOVA-AUD-02,DC-SOUTH,South,482,191,291,0.9143
2026-07-17,NOVA-AUD-02,DC-EAST,East,425,115,310,0.9191
2026-07-17,NOVA-AUD-02,DC-WEST,West,540,161,379,0.8681
2026-07-17,NOVA-MOB-01,DC-NORTH,North,289,97,192,0.9118
2026-07-17,NOVA-MOB-01,DC-SOUTH,South,229,71,158,0.8659
2026-07-17,NOVA-MOB-01,DC-EAST,East,278,84,194,0.867
2026-07-17,NOVA-MOB-01,DC-WEST,West,242,82,160,0.9296
2026-07-17,NOVA-MOB-02,DC-NORTH,North,277,118,159,0.8809
2026-07-17,NOVA-MOB-02,DC-SOUTH,South,290,79,211,0.8534
2026-07-17,NOVA-MOB-02,DC-EAST,East,320,107,213,0.887
2026-07-17,NOVA-MOB-02,DC-WEST,West,279,103,176,0.9288
2026-07-17,NOVA-CPT-01,DC-NORTH,North,182,69,113,0.8945
2026-07-17,NOVA-CPT-01,DC-SOUTH,South,149,44,105,0.8893
2026-07-17,NOVA-CPT-01,DC-EAST,East,183,57,126,0.9284
2026-07-17,NOVA-CPT-01,DC-WEST,West,187,72,115,0.8514
2026-07-17,NOVA-CPT-02,DC-NORTH,North,203,74,129,0.852
2026-07-17,NOVA-CPT-02,DC-SOUTH,South,180,72,108,0.9187
2026-07-17,NOVA-CPT-02,DC-EAST,East,202,72,130,0.8931
2026-07-17,NOVA-CPT-02,DC-WEST,West,197,58,139,0.9443
2026-07-17,NOVA-WBL-01,DC-NORTH,North,320,117,203,0.8704
2026-07-17,NOVA-WBL-01,DC-SOUTH,South,268,102,166,0.8992
2026-07-17,NOVA-WBL-01,DC-EAST,East,243,94,149,0.8582
2026-07-17,NOVA-WBL-01,DC-WEST,West,310,131,179,0.9155
2026-07-17,NOVA-WBL-02,DC-NORTH,North,410,122,288,0.848
2026-07-17,NOVA-WBL-02,DC-SOUTH,South,442,117,325,0.927
2026-07-17,NOVA-WBL-02,DC-EAST,East,441,184,257,0.92
2026-07-17,NOVA-WBL-02,DC-WEST,West,383,109,274,0.8483
2026-07-17,NOVA-ACC-01,DC-NORTH,North,860,300,560,0.8921
2026-07-17,NOVA-ACC-01,DC-SOUTH,South,719,212,507,0.9524
2026-07-17,NOVA-ACC-01,DC-EAST,East,779,258,521,0.9517
2026-07-17,NOVA-ACC-01,DC-WEST,West,700,179,521,0.9243
2026-07-17,NOVA-ACC-02,DC-NORTH,North,521,143,378,0.8892
2026-07-17,NOVA-ACC-02,DC-SOUTH,South,561,208,353,0.9249
2026-07-17,NOVA-ACC-02,DC-EAST,East,601,183,418,0.8775
2026-07-17,NOVA-ACC-02,DC-WEST,West,634,200,434,0.9511
2026-07-18,NOVA-AUD-01,DC-NORTH,North,344,91,253,0.8925
2026-07-18,NOVA-AUD-01,DC-SOUTH,South,417,165,252,0.9091
2026-07-18,NOVA-AUD-01,DC-EAST,East,341,89,252,0.8797
2026-07-18,NOVA-AUD-01,DC-WEST,West,362,117,245,0.9054
2026-07-18,NOVA-AUD-02,DC-NORTH,North,494,146,348,0.9511
2026-07-18,NOVA-AUD-02,DC-SOUTH,South,525,233,292,0.8878
2026-07-18,NOVA-AUD-02,DC-EAST,East,554,246,308,0.8923
2026-07-18,NOVA-AUD-02,DC-WEST,West,524,186,338,0.9125
2026-07-18,NOVA-MOB-01,DC-NORTH,North,218,55,163,0.8987
2026-07-18,NOVA-MOB-01,DC-SOUTH,South,249,74,175,0.9005
2026-07-18,NOVA-MOB-01,DC-EAST,East,248,86,162,0.9375
2026-07-18,NOVA-MOB-01,DC-WEST,West,278,84,194,0.9008
2026-07-18,NOVA-MOB-02,DC-NORTH,North,293,104,189,0.9381
2026-07-18,NOVA-MOB-02,DC-SOUTH,South,296,100,196,0.8765
2026-07-18,NOVA-MOB-02,DC-EAST,East,344,138,206,0.9303
2026-07-18,NOVA-MOB-02,DC-WEST,West,285,103,182,0.8857
2026-07-18,NOVA-CPT-01,DC-NORTH,North,168,73,95,0.9139
2026-07-18,NOVA-CPT-01,DC-SOUTH,South,151,39,112,0.8748
2026-07-18,NOVA-CPT-01,DC-EAST,East,186,48,138,0.9298
2026-07-18,NOVA-CPT-01,DC-WEST,West,177,60,117,0.9325
2026-07-18,NOVA-CPT-02,DC-NORTH,North,219,66,153,0.9012
2026-07-18,NOVA-CPT-02,DC-SOUTH,South,210,52,158,0.859
2026-07-18,NOVA-CPT-02,DC-EAST,East,226,75,151,0.8513
2026-07-18,NOVA-CPT-02,DC-WEST,West,212,85,127,0.8966
2026-07-18,NOVA-WBL-01,DC-NORTH,North,304,133,171,0.954
2026-07-18,NOVA-WBL-01,DC-SOUTH,South,257,100,157,0.9097
2026-07-18,NOVA-WBL-01,DC-EAST,East,311,125,186,0.8948
2026-07-18,NOVA-WBL-01,DC-WEST,West,302,101,201,0.847
2026-07-18,NOVA-WBL-02,DC-NORTH,North,360,144,216,0.8732
2026-07-18,NOVA-WBL-02,DC-SOUTH,South,417,153,264,0.8719
2026-07-18,NOVA-WBL-02,DC-EAST,East,480,192,288,0.8822
2026-07-18,NOVA-WBL-02,DC-WEST,West,449,189,260,0.9408
2026-07-18,NOVA-ACC-01,DC-NORTH,North,789,343,446,0.9142
2026-07-18,NOVA-ACC-01,DC-SOUTH,South,812,238,574,0.9285
2026-07-18,NOVA-ACC-01,DC-EAST,East,803,202,601,0.925
2026-07-18,NOVA-ACC-01,DC-WEST,West,704,302,402,0.871
2026-07-18,NOVA-ACC-02,DC-NORTH,North,550,238,312,0.8546
2026-07-18,NOVA-ACC-02,DC-SOUTH,South,643,210,433,0.9003
2026-07-18,NOVA-ACC-02,DC-EAST,East,519,214,305,0.9468
2026-07-18,NOVA-ACC-02,DC-WEST,West,550,210,340,0.9522
2026-07-19,NOVA-AUD-01,DC-NORTH,North,337,126,211,0.915
2026-07-19,NOVA-AUD-01,DC-SOUTH,South,366,116,250,0.8439
2026-07-19,NOVA-AUD-01,DC-EAST,East,350,123,227,0.9301
2026-07-19,NOVA-AUD-01,DC-WEST,West,397,122,275,0.8307
2026-07-19,NOVA-AUD-02,DC-NORTH,North,478,150,328,0.8483
2026-07-19,NOVA-AUD-02,DC-SOUTH,South,507,184,323,0.8404
2026-07-19,NOVA-AUD-02,DC-EAST,East,516,164,352,0.9242
2026-07-19,NOVA-AUD-02,DC-WEST,West,469,166,303,0.9156
2026-07-19,NOVA-MOB-01,DC-NORTH,North,266,109,157,0.8369
2026-07-19,NOVA-MOB-01,DC-SOUTH,South,282,118,164,0.8707
2026-07-19,NOVA-MOB-01,DC-EAST,East,267,70,197,0.841
2026-07-19,NOVA-MOB-01,DC-WEST,West,249,89,160,0.878
2026-07-19,NOVA-MOB-02,DC-NORTH,North,288,126,162,0.9011
2026-07-19,NOVA-MOB-02,DC-SOUTH,South,270,85,185,0.8736
2026-07-19,NOVA-MOB-02,DC-EAST,East,339,112,227,0.8489
2026-07-19,NOVA-MOB-02,DC-WEST,West,284,83,201,0.9279
2026-07-19,NOVA-CPT-01,DC-NORTH,North,150,60,90,0.9262
2026-07-19,NOVA-CPT-01,DC-SOUTH,South,178,67,111,0.8822
2026-07-19,NOVA-CPT-01,DC-EAST,East,178,56,122,0.8547
2026-07-19,NOVA-CPT-01,DC-WEST,West,165,53,112,0.8714
2026-07-19,NOVA-CPT-02,DC-NORTH,North,233,78,155,0.9125
2026-07-19,NOVA-CPT-02,DC-SOUTH,South,190,53,137,0.8402
2026-07-19,NOVA-CPT-02,DC-EAST,East,216,84,132,0.8594
2026-07-19,NOVA-CPT-02,DC-WEST,West,211,56,155,0.9232
2026-07-19,NOVA-WBL-01,DC-NORTH,North,276,100,176,0.8837
2026-07-19,NOVA-WBL-01,DC-SOUTH,South,309,132,177,0.903
2026-07-19,NOVA-WBL-01,DC-EAST,East,244,94,150,0.837
2026-07-19,NOVA-WBL-01,DC-WEST,West,285,100,185,0.9032
2026-07-19,NOVA-WBL-02,DC-NORTH,North,413,137,276,0.845
2026-07-19,NOVA-WBL-02,DC-SOUTH,South,457,194,263,0.8865
2026-07-19,NOVA-WBL-02,DC-EAST,East,432,152,280,0.9271
2026-07-19,NOVA-WBL-02,DC-WEST,West,414,105,309,0.8928
2026-07-19,NOVA-ACC-01,DC-NORTH,North,651,184,467,0.8539
2026-07-19,NOVA-ACC-01,DC-SOUTH,South,787,199,588,0.8772
2026-07-19,NOVA-ACC-01,DC-EAST,East,876,245,631,0.882
2026-07-19,NOVA-ACC-01,DC-WEST,West,868,239,629,0.8501
2026-07-19,NOVA-ACC-02,DC-NORTH,North,623,216,407,0.8634
2026-07-19,NOVA-ACC-02,DC-SOUTH,South,561,220,341,0.8404
2026-07-19,NOVA-ACC-02,DC-EAST,East,542,172,370,0.8714
2026-07-19,NOVA-ACC-02,DC-WEST,West,595,248,347,0.9197
2026-07-20,NOVA-AUD-01,DC-NORTH,North,378,99,279,0.8524
2026-07-20,NOVA-AUD-01,DC-SOUTH,South,340,130,210,0.9173
2026-07-20,NOVA-AUD-01,DC-EAST,East,378,157,221,0.8541
2026-07-20,NOVA-AUD-01,DC-WEST,West,340,106,234,0.9151
2026-07-20,NOVA-AUD-02,DC-NORTH,North,484,178,306,0.8559
2026-07-20,NOVA-AUD-02,DC-SOUTH,South,502,216,286,0.8673
2026-07-20,NOVA-AUD-02,DC-EAST,East,465,188,277,0.8239
2026-07-20,NOVA-AUD-02,DC-WEST,West,516,135,381,0.8313
2026-07-20,NOVA-MOB-01,DC-NORTH,North,227,89,138,0.8945
2026-07-20,NOVA-MOB-01,DC-SOUTH,South,280,108,172,0.818
2026-07-20,NOVA-MOB-01,DC-EAST,East,220,83,137,0.8995
2026-07-20,NOVA-MOB-01,DC-WEST,West,259,110,149,0.8375
2026-07-20,NOVA-MOB-02,DC-NORTH,North,317,136,181,0.8705
2026-07-20,NOVA-MOB-02,DC-SOUTH,South,308,94,214,0.8807
2026-07-20,NOVA-MOB-02,DC-EAST,East,291,90,201,0.9026
2026-07-20,NOVA-MOB-02,DC-WEST,West,341,119,222,0.8469
2026-07-20,NOVA-CPT-01,DC-NORTH,North,186,57,129,0.9022
2026-07-20,NOVA-CPT-01,DC-SOUTH,South,155,62,93,0.8795
2026-07-20,NOVA-CPT-01,DC-EAST,East,185,52,133,0.8656
2026-07-20,NOVA-CPT-01,DC-WEST,West,186,71,115,0.8592
2026-07-20,NOVA-CPT-02,DC-NORTH,North,194,77,117,0.8567
2026-07-20,NOVA-CPT-02,DC-SOUTH,South,209,55,154,0.9149
2026-07-20,NOVA-CPT-02,DC-EAST,East,237,69,168,0.8757
2026-07-20,NOVA-CPT-02,DC-WEST,West,183,56,127,0.8232
2026-07-20,NOVA-WBL-01,DC-NORTH,North,304,124,180,0.8914
2026-07-20,NOVA-WBL-01,DC-SOUTH,South,250,72,178,0.8976
2026-07-20,NOVA-WBL-01,DC-EAST,East,313,119,194,0.9014
2026-07-20,NOVA-WBL-01,DC-WEST,West,276,102,174,0.8453
2026-07-20,NOVA-WBL-02,DC-NORTH,North,386,140,246,0.8204
2026-07-20,NOVA-WBL-02,DC-SOUTH,South,469,119,350,0.845
2026-07-20,NOVA-WBL-02,DC-EAST,East,449,133,316,0.8776
2026-07-20,NOVA-WBL-02,DC-WEST,West,364,160,204,0.8238
2026-07-20,NOVA-ACC-01,DC-NORTH,North,750,287,463,0.8586
2026-07-20,NOVA-ACC-01,DC-SOUTH,South,852,333,519,0.8881
2026-07-20,NOVA-ACC-01,DC-EAST,East,830,234,596,0.9124
2026-07-20,NOVA-ACC-01,DC-WEST,West,660,187,473,0.8962
2026-07-20,NOVA-ACC-02,DC-NORTH,North,519,199,320,0.8672
2026-07-20,NOVA-ACC-02,DC-SOUTH,South,471,129,342,0.8191
2026-07-20,NOVA-ACC-02,DC-EAST,East,493,151,342,0.9179
2026-07-20,NOVA-ACC-02,DC-WEST,West,528,227,301,0.821
2026-07-20,NOVA-AUD-X1,DC-NORTH,North,61,16,45,0.8299
2026-07-20,NOVA-AUD-X1,DC-SOUTH,South,57,17,40,0.8369
2026-07-20,NOVA-AUD-X1,DC-EAST,East,57,15,42,0.8775
2026-07-20,NOVA-AUD-X1,DC-WEST,West,52,23,29,0.8181
2026-07-21,NOVA-AUD-01,DC-NORTH,North,372,119,253,0.8359
2026-07-21,NOVA-AUD-01,DC-SOUTH,South,371,140,231,0.8634
2026-07-21,NOVA-AUD-01,DC-EAST,East,413,107,306,0.8178
2026-07-21,NOVA-AUD-01,DC-WEST,West,435,147,288,0.8053
2026-07-21,NOVA-AUD-02,DC-NORTH,North,412,177,235,0.8979
2026-07-21,NOVA-AUD-02,DC-SOUTH,South,537,238,299,0.8881
2026-07-21,NOVA-AUD-02,DC-EAST,East,474,210,264,0.8223
2026-07-21,NOVA-AUD-02,DC-WEST,West,477,169,308,0.8725
2026-07-21,NOVA-MOB-01,DC-NORTH,North,280,113,167,0.8446
2026-07-21,NOVA-MOB-01,DC-SOUTH,South,227,66,161,0.8079
2026-07-21,NOVA-MOB-01,DC-EAST,East,215,81,134,0.8058
2026-07-21,NOVA-MOB-01,DC-WEST,West,258,109,149,0.8552
2026-07-21,NOVA-MOB-02,DC-NORTH,North,331,128,203,0.8396
2026-07-21,NOVA-MOB-02,DC-SOUTH,South,264,69,195,0.8718
2026-07-21,NOVA-MOB-02,DC-EAST,East,330,118,212,0.8496
2026-07-21,NOVA-MOB-02,DC-WEST,West,298,94,204,0.8797
2026-07-21,NOVA-CPT-01,DC-NORTH,North,176,56,120,0.8586
2026-07-21,NOVA-CPT-01,DC-SOUTH,South,144,54,90,0.8422
2026-07-21,NOVA-CPT-01,DC-EAST,East,150,43,107,0.8513
2026-07-21,NOVA-CPT-01,DC-WEST,West,141,53,88,0.8054
2026-07-21,NOVA-CPT-02,DC-NORTH,North,195,51,144,0.8859
2026-07-21,NOVA-CPT-02,DC-SOUTH,South,234,99,135,0.8761
2026-07-21,NOVA-CPT-02,DC-EAST,East,174,45,129,0.8004
2026-07-21,NOVA-CPT-02,DC-WEST,West,229,89,140,0.8056
2026-07-21,NOVA-WBL-01,DC-NORTH,North,278,85,193,0.8427
2026-07-21,NOVA-WBL-01,DC-SOUTH,South,258,86,172,0.833
2026-07-21,NOVA-WBL-01,DC-EAST,East,279,114,165,0.8182
2026-07-21,NOVA-WBL-01,DC-WEST,West,267,66,201,0.8537
2026-07-21,NOVA-WBL-02,DC-NORTH,North,398,174,224,0.8049
2026-07-21,NOVA-WBL-02,DC-SOUTH,South,467,156,311,0.8194
2026-07-21,NOVA-WBL-02,DC-EAST,East,357,99,258,0.8862
2026-07-21,NOVA-WBL-02,DC-WEST,West,425,120,305,0.8465
2026-07-21,NOVA-ACC-01,DC-NORTH,North,853,246,607,0.8989
2026-07-21,NOVA-ACC-01,DC-SOUTH,South,732,314,418,0.8097
2026-07-21,NOVA-ACC-01,DC-EAST,East,831,253,578,0.7989
2026-07-21,NOVA-ACC-01,DC-WEST,West,657,183,474,0.8683
2026-07-21,NOVA-ACC-02,DC-NORTH,North,585,249,336,0.8906
2026-07-21,NOVA-ACC-02,DC-SOUTH,South,577,257,320,0.9002
2026-07-21,NOVA-ACC-02,DC-EAST,East,484,158,326,0.815
2026-07-21,NOVA-ACC-02,DC-WEST,West,501,138,363,0.8989
2026-07-21,NOVA-AUD-X1,DC-NORTH,North,66,19,47,0.8129
2026-07-21,NOVA-AUD-X1,DC-SOUTH,South,51,20,31,0.882
2026-07-21,NOVA-AUD-X1,DC-EAST,East,57,14,43,0.8703
2026-07-21,NOVA-AUD-X1,DC-WEST,West,58,26,32,0.8998
2026-07-22,NOVA-AUD-01,DC-NORTH,North,333,119,214,0.8031
2026-07-22,NOVA-AUD-01,DC-SOUTH,South,387,149,238,0.8372
2026-07-22,NOVA-AUD-01,DC-EAST,East,342,125,217,0.8021
2026-07-22,NOVA-AUD-01,DC-WEST,West,360,126,234,0.8502
2026-07-22,NOVA-AUD-02,DC-NORTH,North,436,188,248,0.8563
2026-07-22,NOVA-AUD-02,DC-SOUTH,South,464,201,263,0.869
2026-07-22,NOVA-AUD-02,DC-EAST,East,476,132,344,0.816
2026-07-22,NOVA-AUD-02,DC-WEST,West,489,134,355,0.835
2026-07-22,NOVA-MOB-01,DC-NORTH,North,245,96,149,0.8042
2026-07-22,NOVA-MOB-01,DC-SOUTH,South,215,74,141,0.8027
2026-07-22,NOVA-MOB-01,DC-EAST,East,215,76,139,0.8472
2026-07-22,NOVA-MOB-01,DC-WEST,West,222,63,159,0.8528
2026-07-22,NOVA-MOB-02,DC-NORTH,North,293,91,202,0.8605
2026-07-22,NOVA-MOB-02,DC-SOUTH,South,330,113,217,0.8201
2026-07-22,NOVA-MOB-02,DC-EAST,East,280,115,165,0.7856
2026-07-22,NOVA-MOB-02,DC-WEST,West,334,129,205,0.8315
2026-07-22,NOVA-CPT-01,DC-NORTH,North,154,44,110,0.8809
2026-07-22,NOVA-CPT-01,DC-SOUTH,South,182,60,122,0.8663
2026-07-22,NOVA-CPT-01,DC-EAST,East,139,48,91,0.8625
2026-07-22,NOVA-CPT-01,DC-WEST,West,145,54,91,0.8413
2026-07-22,NOVA-CPT-02,DC-NORTH,North,229,69,160,0.7934
2026-07-22,NOVA-CPT-02,DC-SOUTH,South,213,90,123,0.8301
2026-07-22,NOVA-CPT-02,DC-EAST,East,205,72,133,0.825
2026-07-22,NOVA-CPT-02,DC-WEST,West,217,86,131,0.8517
2026-07-22,NOVA-WBL-01,DC-NORTH,North,303,75,228,0.8662
2026-07-22,NOVA-WBL-01,DC-SOUTH,South,306,122,184,0.8133
2026-07-22,NOVA-WBL-01,DC-EAST,East,269,82,187,0.8325
2026-07-22,NOVA-WBL-01,DC-WEST,West,259,88,171,0.8284
2026-07-22,NOVA-WBL-02,DC-NORTH,North,364,119,245,0.8738
2026-07-22,NOVA-WBL-02,DC-SOUTH,South,414,132,282,0.828
2026-07-22,NOVA-WBL-02,DC-EAST,East,375,114,261,0.8778
2026-07-22,NOVA-WBL-02,DC-WEST,West,432,118,314,0.8746
2026-07-22,NOVA-ACC-01,DC-NORTH,North,715,263,452,0.8764
2026-07-22,NOVA-ACC-01,DC-SOUTH,South,695,297,398,0.8725
2026-07-22,NOVA-ACC-01,DC-EAST,East,723,204,519,0.8704
2026-07-22,NOVA-ACC-01,DC-WEST,West,644,173,471,0.7973
2026-07-22,NOVA-ACC-02,DC-NORTH,North,514,211,303,0.8203
2026-07-22,NOVA-ACC-02,DC-SOUTH,South,598,238,360,0.788
2026-07-22,NOVA-ACC-02,DC-EAST,East,556,240,316,0.8337
2026-07-22,NOVA-ACC-02,DC-WEST,West,552,164,388,0.8824
2026-07-22,NOVA-AUD-X1,DC-NORTH,North,61,21,40,0.8768
2026-07-22,NOVA-AUD-X1,DC-SOUTH,South,60,15,45,0.8034
2026-07-22,NOVA-AUD-X1,DC-EAST,East,64,19,45,0.8404
2026-07-22,NOVA-AUD-X1,DC-WEST,West,63,22,41,0.7959
2026-07-23,NOVA-AUD-01,DC-NORTH,North,412,177,235,0.8048
2026-07-23,NOVA-AUD-01,DC-SOUTH,South,332,109,223,0.7681
2026-07-23,NOVA-AUD-01,DC-EAST,East,399,145,254,0.8263
2026-07-23,NOVA-AUD-01,DC-WEST,West,345,123,222,0.7698
2026-07-23,NOVA-AUD-02,DC-NORTH,North,491,199,292,0.8272
2026-07-23,NOVA-AUD-02,DC-SOUTH,South,536,169,367,0.8457
2026-07-23,NOVA-AUD-02,DC-EAST,East,536,169,367,0.7777
2026-07-23,NOVA-AUD-02,DC-WEST,West,479,177,302,0.8076
2026-07-23,NOVA-MOB-01,DC-NORTH,North,208,90,118,0.8087
2026-07-23,NOVA-MOB-01,DC-SOUTH,South,261,73,188,0.8633
2026-07-23,NOVA-MOB-01,DC-EAST,East,268,71,197,0.8319
2026-07-23,NOVA-MOB-01,DC-WEST,West,207,92,115,0.8262
2026-07-23,NOVA-MOB-02,DC-NORTH,North,292,79,213,0.8593
2026-07-23,NOVA-MOB-02,DC-SOUTH,South,305,91,214,0.7822
2026-07-23,NOVA-MOB-02,DC-EAST,East,328,112,216,0.8651
2026-07-23,NOVA-MOB-02,DC-WEST,West,273,98,175,0.8222
2026-07-23,NOVA-CPT-01,DC-NORTH,North,151,55,96,0.8032
2026-07-23,NOVA-CPT-01,DC-SOUTH,South,146,59,87,0.838
2026-07-23,NOVA-CPT-01,DC-EAST,East,153,64,89,0.7991
2026-07-23,NOVA-CPT-01,DC-WEST,West,183,48,135,0.7968
2026-07-23,NOVA-CPT-02,DC-NORTH,North,215,83,132,0.8253
2026-07-23,NOVA-CPT-02,DC-SOUTH,South,178,63,115,0.8053
2026-07-23,NOVA-CPT-02,DC-EAST,East,217,74,143,0.7677
2026-07-23,NOVA-CPT-02,DC-WEST,West,206,61,145,0.7778
2026-07-23,NOVA-WBL-01,DC-NORTH,North,292,105,187,0.8216
2026-07-23,NOVA-WBL-01,DC-SOUTH,South,238,85,153,0.8545
2026-07-23,NOVA-WBL-01,DC-EAST,East,306,106,200,0.8021
2026-07-23,NOVA-WBL-01,DC-WEST,West,301,110,191,0.8654
2026-07-23,NOVA-WBL-02,DC-NORTH,North,406,168,238,0.8296
2026-07-23,NOVA-WBL-02,DC-SOUTH,South,423,110,313,0.8106
2026-07-23,NOVA-WBL-02,DC-EAST,East,424,135,289,0.8139
2026-07-23,NOVA-WBL-02,DC-WEST,West,407,169,238,0.7768
2026-07-23,NOVA-ACC-01,DC-NORTH,North,694,250,444,0.7774
2026-07-23,NOVA-ACC-01,DC-SOUTH,South,801,334,467,0.7712
2026-07-23,NOVA-ACC-01,DC-EAST,East,811,235,576,0.7833
2026-07-23,NOVA-ACC-01,DC-WEST,West,629,194,435,0.785
2026-07-23,NOVA-ACC-02,DC-NORTH,North,521,174,347,0.7844
2026-07-23,NOVA-ACC-02,DC-SOUTH,South,610,181,429,0.844
2026-07-23,NOVA-ACC-02,DC-EAST,East,549,170,379,0.7756
2026-07-23,NOVA-ACC-02,DC-WEST,West,592,169,423,0.8168
2026-07-23,NOVA-AUD-X1,DC-NORTH,North,60,26,34,0.826
2026-07-23,NOVA-AUD-X1,DC-SOUTH,South,52,20,32,0.8349
2026-07-23,NOVA-AUD-X1,DC-EAST,East,51,15,36,0.826
2026-07-23,NOVA-AUD-X1,DC-WEST,West,59,16,43,0.8536
2026-07-24,NOVA-AUD-01,DC-NORTH,North,377,111,266,0.7856
2026-07-24,NOVA-AUD-01,DC-SOUTH,South,385,108,277,0.8237
2026-07-24,NOVA-AUD-01,DC-EAST,East,350,142,208,0.7605
2026-07-24,NOVA-AUD-01,DC-WEST,West,402,137,265,0.8081
2026-07-24,NOVA-AUD-02,DC-NORTH,North,483,138,345,0.7973
2026-07-24,NOVA-AUD-02,DC-SOUTH,South,421,124,297,0.7922
2026-07-24,NOVA-AUD-02,DC-EAST,East,408,120,288,0.7835
2026-07-24,NOVA-AUD-02,DC-WEST,West,424,177,247,0.7656
2026-07-24,NOVA-MOB-01,DC-NORTH,North,206,54,152,0.7608
2026-07-24,NOVA-MOB-01,DC-SOUTH,South,248,106,142,0.8404
2026-07-24,NOVA-MOB-01,DC-EAST,East,220,55,165,0.7727
2026-07-24,NOVA-MOB-01,DC-WEST,West,240,99,141,0.8062
2026-07-24,NOVA-MOB-02,DC-NORTH,North,253,104,149,0.8128
2026-07-24,NOVA-MOB-02,DC-SOUTH,South,262,72,190,0.8124
2026-07-24,NOVA-MOB-02,DC-EAST,East,312,125,187,0.8283
2026-07-24,NOVA-MOB-02,DC-WEST,West,283,124,159,0.8435
2026-07-24,NOVA-CPT-01,DC-NORTH,North,139,36,103,0.7948
2026-07-24,NOVA-CPT-01,DC-SOUTH,South,165,52,113,0.8395
2026-07-24,NOVA-CPT-01,DC-EAST,East,137,43,94,0.7572
2026-07-24,NOVA-CPT-01,DC-WEST,West,163,59,104,0.7587
2026-07-24,NOVA-CPT-02,DC-NORTH,North,206,70,136,0.7832
2026-07-24,NOVA-CPT-02,DC-SOUTH,South,170,69,101,0.8126
2026-07-24,NOVA-CPT-02,DC-EAST,East,173,67,106,0.8327
2026-07-24,NOVA-CPT-02,DC-WEST,West,219,93,126,0.7545
2026-07-24,NOVA-WBL-01,DC-NORTH,North,280,76,204,0.8317
2026-07-24,NOVA-WBL-01,DC-SOUTH,South,282,89,193,0.8329
2026-07-24,NOVA-WBL-01,DC-EAST,East,234,66,168,0.8007
2026-07-24,NOVA-WBL-01,DC-WEST,West,286,124,162,0.7581
2026-07-24,NOVA-WBL-02,DC-NORTH,North,399,131,268,0.8293
2026-07-24,NOVA-WBL-02,DC-SOUTH,South,360,93,267,0.7989
2026-07-24,NOVA-WBL-02,DC-EAST,East,404,136,268,0.8089
2026-07-24,NOVA-WBL-02,DC-WEST,West,371,163,208,0.7996
2026-07-24,NOVA-ACC-01,DC-NORTH,North,814,220,594,0.7613
2026-07-24,NOVA-ACC-01,DC-SOUTH,South,679,184,495,0.764
2026-07-24,NOVA-ACC-01,DC-EAST,East,702,251,451,0.8285
2026-07-24,NOVA-ACC-01,DC-WEST,West,645,225,420,0.8245
2026-07-24,NOVA-ACC-02,DC-NORTH,North,460,167,293,0.8057
2026-07-24,NOVA-ACC-02,DC-SOUTH,South,576,178,398,0.8217
2026-07-24,NOVA-ACC-02,DC-EAST,East,504,186,318,0.8307
2026-07-24,NOVA-ACC-02,DC-WEST,West,524,222,302,0.8445
2026-07-24,NOVA-AUD-X1,DC-NORTH,North,60,18,42,0.8356
2026-07-24,NOVA-AUD-X1,DC-SOUTH,South,58,21,37,0.7577
2026-07-24,NOVA-AUD-X1,DC-EAST,East,51,15,36,0.7708
2026-07-24,NOVA-AUD-X1,DC-WEST,West,60,23,37,0.7981
2026-07-25,NOVA-AUD-01,DC-NORTH,North,313,126,187,0.8138
2026-07-25,NOVA-AUD-01,DC-SOUTH,South,405,173,232,0.789
2026-07-25,NOVA-AUD-01,DC-EAST,East,351,117,234,0.8237
2026-07-25,NOVA-AUD-01,DC-WEST,West,353,147,206,0.8166
2026-07-25,NOVA-AUD-02,DC-NORTH,North,526,229,297,0.8002
2026-07-25,NOVA-AUD-02,DC-SOUTH,South,462,146,316,0.7892
2026-07-25,NOVA-AUD-02,DC-EAST,East,404,130,274,0.7796
2026-07-25,NOVA-AUD-02,DC-WEST,West,401,178,223,0.7789
2026-07-25,NOVA-MOB-01,DC-NORTH,North,232,79,153,0.831
2026-07-25,NOVA-MOB-01,DC-SOUTH,South,231,63,168,0.8229
2026-07-25,NOVA-MOB-01,DC-EAST,East,205,86,119,0.804
2026-07-25,NOVA-MOB-01,DC-WEST,West,208,53,155,0.7535
2026-07-25,NOVA-MOB-02,DC-NORTH,North,311,93,218,0.7817
2026-07-25,NOVA-MOB-02,DC-SOUTH,South,325,128,197,0.7592
2026-07-25,NOVA-MOB-02,DC-EAST,East,279,77,202,0.7843
2026-07-25,NOVA-MOB-02,DC-WEST,West,273,113,160,0.7812
2026-07-25,NOVA-CPT-01,DC-NORTH,North,134,52,82,0.8248
2026-07-25,NOVA-CPT-01,DC-SOUTH,South,164,59,105,0.821
2026-07-25,NOVA-CPT-01,DC-EAST,East,177,59,118,0.7373
2026-07-25,NOVA-CPT-01,DC-WEST,West,172,53,119,0.7617
2026-07-25,NOVA-CPT-02,DC-NORTH,North,194,60,134,0.8075
2026-07-25,NOVA-CPT-02,DC-SOUTH,South,184,65,119,0.7615
2026-07-25,NOVA-CPT-02,DC-EAST,East,221,65,156,0.7928
2026-07-25,NOVA-CPT-02,DC-WEST,West,183,73,110,0.753
2026-07-25,NOVA-WBL-01,DC-NORTH,North,254,84,170,0.7576
2026-07-25,NOVA-WBL-01,DC-SOUTH,South,293,78,215,0.828
2026-07-25,NOVA-WBL-01,DC-EAST,East,264,103,161,0.7587
2026-07-25,NOVA-WBL-01,DC-WEST,West,292,86,206,0.7635
2026-07-25,NOVA-WBL-02,DC-NORTH,North,417,155,262,0.7658
2026-07-25,NOVA-WBL-02,DC-SOUTH,South,343,148,195,0.8221
2026-07-25,NOVA-WBL-02,DC-EAST,East,402,168,234,0.7953
2026-07-25,NOVA-WBL-02,DC-WEST,West,389,133,256,0.801
2026-07-25,NOVA-ACC-01,DC-NORTH,North,632,204,428,0.7953
2026-07-25,NOVA-ACC-01,DC-SOUTH,South,821,311,510,0.7483
2026-07-25,NOVA-ACC-01,DC-EAST,East,788,200,588,0.7448
2026-07-25,NOVA-ACC-01,DC-WEST,West,635,189,446,0.8283
2026-07-25,NOVA-ACC-02,DC-NORTH,North,589,226,363,0.7836
2026-07-25,NOVA-ACC-02,DC-SOUTH,South,516,211,305,0.7881
2026-07-25,NOVA-ACC-02,DC-EAST,East,549,223,326,0.7999
2026-07-25,NOVA-ACC-02,DC-WEST,West,528,221,307,0.7528
2026-07-25,NOVA-AUD-X1,DC-NORTH,North,62,16,46,0.7426
2026-07-25,NOVA-AUD-X1,DC-SOUTH,South,60,26,34,0.7505
2026-07-25,NOVA-AUD-X1,DC-EAST,East,53,16,37,0.814
2026-07-25,NOVA-AUD-X1,DC-WEST,West,48,18,30,0.8178
2026-07-26,NOVA-AUD-01,DC-NORTH,North,412,155,257,0.7247
2026-07-26,NOVA-AUD-01,DC-SOUTH,South,418,127,291,0.7873
2026-07-26,NOVA-AUD-01,DC-EAST,East,381,95,286,0.8038
2026-07-26,NOVA-AUD-01,DC-WEST,West,403,134,269,0.7746
2026-07-26,NOVA-AUD-02,DC-NORTH,North,514,220,294,0.7974
2026-07-26,NOVA-AUD-02,DC-SOUTH,South,487,193,294,0.8017
2026-07-26,NOVA-AUD-02,DC-EAST,East,457,182,275,0.7642
2026-07-26,NOVA-AUD-02,DC-WEST,West,449,162,287,0.7246
2026-07-26,NOVA-MOB-01,DC-NORTH,North,245,74,171,0.7329
2026-07-26,NOVA-MOB-01,DC-SOUTH,South,200,89,111,0.7981
2026-07-26,NOVA-MOB-01,DC-EAST,East,227,87,140,0.8097
2026-07-26,NOVA-MOB-01,DC-WEST,West,233,104,129,0.7399
2026-07-26,NOVA-MOB-02,DC-NORTH,North,285,107,178,0.7925
2026-07-26,NOVA-MOB-02,DC-SOUTH,South,245,102,143,0.7526
2026-07-26,NOVA-MOB-02,DC-EAST,East,262,109,153,0.7924
2026-07-26,NOVA-MOB-02,DC-WEST,West,252,92,160,0.7527
2026-07-26,NOVA-CPT-01,DC-NORTH,North,172,61,111,0.7617
2026-07-26,NOVA-CPT-01,DC-SOUTH,South,153,46,107,0.7566
2026-07-26,NOVA-CPT-01,DC-EAST,East,168,43,125,0.7411
2026-07-26,NOVA-CPT-01,DC-WEST,West,144,48,96,0.8066
2026-07-26,NOVA-CPT-02,DC-NORTH,North,210,64,146,0.7472
2026-07-26,NOVA-CPT-02,DC-SOUTH,South,194,81,113,0.8065
2026-07-26,NOVA-CPT-02,DC-EAST,East,186,54,132,0.7659
2026-07-26,NOVA-CPT-02,DC-WEST,West,184,73,111,0.806
2026-07-26,NOVA-WBL-01,DC-NORTH,North,221,66,155,0.7698
2026-07-26,NOVA-WBL-01,DC-SOUTH,South,290,81,209,0.7719
2026-07-26,NOVA-WBL-01,DC-EAST,East,285,75,210,0.7255
2026-07-26,NOVA-WBL-01,DC-WEST,West,276,112,164,0.7322
2026-07-26,NOVA-WBL-02,DC-NORTH,North,368,102,266,0.8086
2026-07-26,NOVA-WBL-02,DC-SOUTH,South,351,121,230,0.8074
2026-07-26,NOVA-WBL-02,DC-EAST,East,422,163,259,0.7751
2026-07-26,NOVA-WBL-02,DC-WEST,West,414,144,270,0.7849
2026-07-26,NOVA-ACC-01,DC-NORTH,North,629,252,377,0.7622
2026-07-26,NOVA-ACC-01,DC-SOUTH,South,735,329,406,0.7353
2026-07-26,NOVA-ACC-01,DC-EAST,East,610,155,455,0.8006
2026-07-26,NOVA-ACC-01,DC-WEST,West,707,236,471,0.8088
2026-07-26,NOVA-ACC-02,DC-NORTH,North,521,213,308,0.7816
2026-07-26,NOVA-ACC-02,DC-SOUTH,South,532,195,337,0.7359
2026-07-26,NOVA-ACC-02,DC-EAST,East,580,169,411,0.7806
2026-07-26,NOVA-ACC-02,DC-WEST,West,458,115,343,0.8075
2026-07-26,NOVA-AUD-X1,DC-NORTH,North,57,15,42,0.7678
2026-07-26,NOVA-AUD-X1,DC-SOUTH,South,50,22,28,0.7527
2026-07-26,NOVA-AUD-X1,DC-EAST,East,54,23,31,0.7277
2026-07-26,NOVA-AUD-X1,DC-WEST,West,58,22,36,0.7601
2026-07-27,NOVA-AUD-01,DC-NORTH,North,383,132,251,0.7445
2026-07-27,NOVA-AUD-01,DC-SOUTH,South,361,126,235,0.755
2026-07-27,NOVA-AUD-01,DC-EAST,East,361,147,214,0.7292
2026-07-27,NOVA-AUD-01,DC-WEST,West,356,115,241,0.7094
2026-07-27,NOVA-AUD-02,DC-NORTH,North,391,152,239,0.7145
2026-07-27,NOVA-AUD-02,DC-SOUTH,South,511,162,349,0.7125
2026-07-27,NOVA-AUD-02,DC-EAST,East,443,158,285,0.7593
2026-07-27,NOVA-AUD-02,DC-WEST,West,465,190,275,0.7507
2026-07-27,NOVA-MOB-01,DC-NORTH,North,234,97,137,0.7881
2026-07-27,NOVA-MOB-01,DC-SOUTH,South,215,56,159,0.7569
2026-07-27,NOVA-MOB-01,DC-EAST,East,210,91,119,0.7322
2026-07-27,NOVA-MOB-01,DC-WEST,West,211,55,156,0.7876
2026-07-27,NOVA-MOB-02,DC-NORTH,North,284,110,174,0.7843
2026-07-27,NOVA-MOB-02,DC-SOUTH,South,290,128,162,0.7126
2026-07-27,NOVA-MOB-02,DC-EAST,East,279,75,204,0.7358
2026-07-27,NOVA-MOB-02,DC-WEST,West,277,109,168,0.7298
2026-07-27,NOVA-CPT-01,DC-NORTH,North,153,38,115,0.7251
2026-07-27,NOVA-CPT-01,DC-SOUTH,South,165,43,122,0.7458
2026-07-27,NOVA-CPT-01,DC-EAST,East,155,43,112,0.7084
2026-07-27,NOVA-CPT-01,DC-WEST,West,175,50,125,0.7738
2026-07-27,NOVA-CPT-02,DC-NORTH,North,186,79,107,0.7286
2026-07-27,NOVA-CPT-02,DC-SOUTH,South,164,45,119,0.7946
2026-07-27,NOVA-CPT-02,DC-EAST,East,211,77,134,0.7549
2026-07-27,NOVA-CPT-02,DC-WEST,West,190,52,138,0.7312
2026-07-27,NOVA-WBL-01,DC-NORTH,North,289,95,194,0.7936
2026-07-27,NOVA-WBL-01,DC-SOUTH,South,278,81,197,0.7812
2026-07-27,NOVA-WBL-01,DC-EAST,East,256,96,160,0.742
2026-07-27,NOVA-WBL-01,DC-WEST,West,226,61,165,0.772
2026-07-27,NOVA-WBL-02,DC-NORTH,North,389,130,259,0.7311
2026-07-27,NOVA-WBL-02,DC-SOUTH,South,350,151,199,0.7901
2026-07-27,NOVA-WBL-02,DC-EAST,East,415,112,303,0.7928
2026-07-27,NOVA-WBL-02,DC-WEST,West,417,132,285,0.7238
2026-07-27,NOVA-ACC-01,DC-NORTH,North,698,271,427,0.7439
2026-07-27,NOVA-ACC-01,DC-SOUTH,South,656,219,437,0.7857
2026-07-27,NOVA-ACC-01,DC-EAST,East,694,292,402,0.7406
2026-07-27,NOVA-ACC-01,DC-WEST,West,654,200,454,0.765
2026-07-27,NOVA-ACC-02,DC-NORTH,North,565,206,359,0.7657
2026-07-27,NOVA-ACC-02,DC-SOUTH,South,470,159,311,0.7602
2026-07-27,NOVA-ACC-02,DC-EAST,East,507,169,338,0.7403
2026-07-27,NOVA-ACC-02,DC-WEST,West,513,135,378,0.7819
2026-07-27,NOVA-AUD-X1,DC-NORTH,North,58,17,41,0.7574
2026-07-27,NOVA-AUD-X1,DC-SOUTH,South,60,20,40,0.788
2026-07-27,NOVA-AUD-X1,DC-EAST,East,48,15,33,0.7824
2026-07-27,NOVA-AUD-X1,DC-WEST,West,61,25,36,0.7198
2026-07-28,NOVA-AUD-01,DC-NORTH,North,375,165,210,0.7792
2026-07-28,NOVA-AUD-01,DC-SOUTH,South,377,141,236,0.7148
2026-07-28,NOVA-AUD-01,DC-EAST,East,408,144,264,0.7143
2026-07-28,NOVA-AUD-01,DC-WEST,West,366,142,224,0.6971
2026-07-28,NOVA-AUD-02,DC-NORTH,North,484,169,315,0.7439
2026-07-28,NOVA-AUD-02,DC-SOUTH,South,436,172,264,0.7087
2026-07-28,NOVA-AUD-02,DC-EAST,East,381,156,225,0.7003
2026-07-28,NOVA-AUD-02,DC-WEST,West,502,133,369,0.7766
2026-07-28,NOVA-MOB-01,DC-NORTH,North,196,74,122,0.713
2026-07-28,NOVA-MOB-01,DC-SOUTH,South,222,78,144,0.7688
2026-07-28,NOVA-MOB-01,DC-EAST,East,214,79,135,0.7464
2026-07-28,NOVA-MOB-01,DC-WEST,West,228,66,162,0.7349
2026-07-28,NOVA-MOB-02,DC-NORTH,North,261,90,171,0.7078
2026-07-28,NOVA-MOB-02,DC-SOUTH,South,262,89,173,0.777
2026-07-28,NOVA-MOB-02,DC-EAST,East,286,90,196,0.7689
2026-07-28,NOVA-MOB-02,DC-WEST,West,261,104,157,0.7314
2026-07-28,NOVA-CPT-01,DC-NORTH,North,141,39,102,0.7333
2026-07-28,NOVA-CPT-01,DC-SOUTH,South,148,44,104,0.7742
2026-07-28,NOVA-CPT-01,DC-EAST,East,137,49,88,0.7352
2026-07-28,NOVA-CPT-01,DC-WEST,West,135,36,99,0.7797
2026-07-28,NOVA-CPT-02,DC-NORTH,North,196,82,114,0.7182
2026-07-28,NOVA-CPT-02,DC-SOUTH,South,180,68,112,0.7425
2026-07-28,NOVA-CPT-02,DC-EAST,East,195,57,138,0.7664
2026-07-28,NOVA-CPT-02,DC-WEST,West,178,45,133,0.6939
2026-07-28,NOVA-WBL-01,DC-NORTH,North,229,88,141,0.7771
2026-07-28,NOVA-WBL-01,DC-SOUTH,South,290,126,164,0.7569
2026-07-28,NOVA-WBL-01,DC-EAST,East,237,105,132,0.7769
2026-07-28,NOVA-WBL-01,DC-WEST,West,229,58,171,0.7134
2026-07-28,NOVA-WBL-02,DC-NORTH,North,435,142,293,0.6966
2026-07-28,NOVA-WBL-02,DC-SOUTH,South,329,134,195,0.7089
2026-07-28,NOVA-WBL-02,DC-EAST,East,341,127,214,0.746
2026-07-28,NOVA-WBL-02,DC-WEST,West,398,130,268,0.7355
2026-07-28,NOVA-ACC-01,DC-NORTH,North,662,182,480,0.7481
2026-07-28,NOVA-ACC-01,DC-SOUTH,South,714,210,504,0.7018
2026-07-28,NOVA-ACC-01,DC-EAST,East,696,310,386,0.7466
2026-07-28,NOVA-ACC-01,DC-WEST,West,606,212,394,0.7195
2026-07-28,NOVA-ACC-02,DC-NORTH,North,451,181,270,0.7599
2026-07-28,NOVA-ACC-02,DC-SOUTH,South,480,137,343,0.7298
2026-07-28,NOVA-ACC-02,DC-EAST,East,478,206,272,0.761
2026-07-28,NOVA-ACC-02,DC-WEST,West,443,157,286,0.6932
2026-07-28,NOVA-AUD-X1,DC-NORTH,North,50,15,35,0.7328
2026-07-28,NOVA-AUD-X1,DC-SOUTH,South,57,19,38,0.7593
2026-07-28,NOVA-AUD-X1,DC-EAST,East,56,20,36,0.7163
2026-07-28,NOVA-AUD-X1,DC-WEST,West,50,13,37,0.7601
2026-07-29,NOVA-AUD-01,DC-NORTH,North,342,119,223,0.6788
2026-07-29,NOVA-AUD-01,DC-SOUTH,South,372,105,267,0.7271
2026-07-29,NOVA-AUD-01,DC-EAST,East,304,83,221,0.7125
2026-07-29,NOVA-AUD-01,DC-WEST,West,342,106,236,0.7082
2026-07-29,NOVA-AUD-02,DC-NORTH,North,426,158,268,0.7627
2026-07-29,NOVA-AUD-02,DC-SOUTH,South,506,188,318,0.7438
2026-07-29,NOVA-AUD-02,DC-EAST,East,438,194,244,0.7495
2026-07-29,NOVA-AUD-02,DC-WEST,West,383,171,212,0.6846
2026-07-29,NOVA-MOB-01,DC-NORTH,North,217,55,162,0.7297
2026-07-29,NOVA-MOB-01,DC-SOUTH,South,209,71,138,0.6884
2026-07-29,NOVA-MOB-01,DC-EAST,East,199,87,112,0.76
2026-07-29,NOVA-MOB-01,DC-WEST,West,194,81,113,0.7418
2026-07-29,NOVA-MOB-02,DC-NORTH,North,255,112,143,0.7235
2026-07-29,NOVA-MOB-02,DC-SOUTH,South,285,78,207,0.7251
2026-07-29,NOVA-MOB-02,DC-EAST,East,305,86,219,0.6892
2026-07-29,NOVA-MOB-02,DC-WEST,West,248,73,175,0.7366
2026-07-29,NOVA-CPT-01,DC-NORTH,North,161,42,119,0.7263
2026-07-29,NOVA-CPT-01,DC-SOUTH,South,150,64,86,0.7473
2026-07-29,NOVA-CPT-01,DC-EAST,East,131,45,86,0.6978
2026-07-29,NOVA-CPT-01,DC-WEST,West,135,38,97,0.7565
2026-07-29,NOVA-CPT-02,DC-NORTH,North,196,57,139,0.7615
2026-07-29,NOVA-CPT-02,DC-SOUTH,South,198,64,134,0.7613
2026-07-29,NOVA-CPT-02,DC-EAST,East,196,57,139,0.7111
2026-07-29,NOVA-CPT-02,DC-WEST,West,215,79,136,0.7021
2026-07-29,NOVA-WBL-01,DC-NORTH,North,225,93,132,0.6933
2026-07-29,NOVA-WBL-01,DC-SOUTH,South,224,96,128,0.7032
2026-07-29,NOVA-WBL-01,DC-EAST,East,250,87,163,0.6998
2026-07-29,NOVA-WBL-01,DC-WEST,West,232,72,160,0.6988
2026-07-29,NOVA-WBL-02,DC-NORTH,North,393,101,292,0.7551
2026-07-29,NOVA-WBL-02,DC-SOUTH,South,399,117,282,0.6902
2026-07-29,NOVA-WBL-02,DC-EAST,East,396,125,271,0.6871
2026-07-29,NOVA-WBL-02,DC-WEST,West,395,171,224,0.7592
2026-07-29,NOVA-ACC-01,DC-NORTH,North,699,217,482,0.702
2026-07-29,NOVA-ACC-01,DC-SOUTH,South,778,322,456,0.6974
2026-07-29,NOVA-ACC-01,DC-EAST,East,719,295,424,0.7478
2026-07-29,NOVA-ACC-01,DC-WEST,West,734,290,444,0.723
2026-07-29,NOVA-ACC-02,DC-NORTH,North,441,175,266,0.7399
2026-07-29,NOVA-ACC-02,DC-SOUTH,South,570,175,395,0.7572
2026-07-29,NOVA-ACC-02,DC-EAST,East,528,161,367,0.7488
2026-07-29,NOVA-ACC-02,DC-WEST,West,454,153,301,0.698
2026-07-29,NOVA-AUD-X1,DC-NORTH,North,59,20,39,0.6923
2026-07-29,NOVA-AUD-X1,DC-SOUTH,South,54,18,36,0.6913
2026-07-29,NOVA-AUD-X1,DC-EAST,East,58,17,41,0.7208
2026-07-29,NOVA-AUD-X1,DC-WEST,West,50,17,33,0.7492
2026-07-30,NOVA-AUD-01,DC-NORTH,North,383,142,241,0.7159
2026-07-30,NOVA-AUD-01,DC-SOUTH,South,339,114,225,0.6953
2026-07-30,NOVA-AUD-01,DC-EAST,East,305,133,172,0.6932
2026-07-30,NOVA-AUD-01,DC-WEST,West,377,139,238,0.6882
2026-07-30,NOVA-AUD-02,DC-NORTH,North,467,129,338,0.7485
2026-07-30,NOVA-AUD-02,DC-SOUTH,South,490,167,323,0.6829
2026-07-30,NOVA-AUD-02,DC-EAST,East,390,141,249,0.6779
2026-07-30,NOVA-AUD-02,DC-WEST,West,401,178,223,0.6856
2026-07-30,NOVA-MOB-01,DC-NORTH,North,205,71,134,0.694
2026-07-30,NOVA-MOB-01,DC-SOUTH,South,257,87,170,0.7177
2026-07-30,NOVA-MOB-01,DC-EAST,East,246,72,174,0.71
2026-07-30,NOVA-MOB-01,DC-WEST,West,197,87,110,0.6807
2026-07-30,NOVA-MOB-02,DC-NORTH,North,307,83,224,0.7411
2026-07-30,NOVA-MOB-02,DC-SOUTH,South,265,77,188,0.6764
2026-07-30,NOVA-MOB-02,DC-EAST,East,309,92,217,0.7436
2026-07-30,NOVA-MOB-02,DC-WEST,West,290,108,182,0.7018
2026-07-30,NOVA-CPT-01,DC-NORTH,North,143,48,95,0.6941
2026-07-30,NOVA-CPT-01,DC-SOUTH,South,132,55,77,0.672
2026-07-30,NOVA-CPT-01,DC-EAST,East,155,41,114,0.7098
2026-07-30,NOVA-CPT-01,DC-WEST,West,168,68,100,0.6833
2026-07-30,NOVA-CPT-02,DC-NORTH,North,179,50,129,0.7177
2026-07-30,NOVA-CPT-02,DC-SOUTH,South,204,64,140,0.6745
2026-07-30,NOVA-CPT-02,DC-EAST,East,178,64,114,0.6737
2026-07-30,NOVA-CPT-02,DC-WEST,West,202,79,123,0.6847
2026-07-30,NOVA-WBL-01,DC-NORTH,North,231,61,170,0.6838
2026-07-30,NOVA-WBL-01,DC-SOUTH,South,226,86,140,0.6661
2026-07-30,NOVA-WBL-01,DC-EAST,East,261,99,162,0.6753
2026-07-30,NOVA-WBL-01,DC-WEST,West,218,95,123,0.6834
2026-07-30,NOVA-WBL-02,DC-NORTH,North,410,184,226,0.7361
2026-07-30,NOVA-WBL-02,DC-SOUTH,South,389,157,232,0.6674
2026-07-30,NOVA-WBL-02,DC-EAST,East,408,145,263,0.7174
2026-07-30,NOVA-WBL-02,DC-WEST,West,416,150,266,0.7273
2026-07-30,NOVA-ACC-01,DC-NORTH,North,669,198,471,0.7277
2026-07-30,NOVA-ACC-01,DC-SOUTH,South,587,219,368,0.6991
2026-07-30,NOVA-ACC-01,DC-EAST,East,642,283,359,0.6986
2026-07-30,NOVA-ACC-01,DC-WEST,West,630,232,398,0.7158
2026-07-30,NOVA-ACC-02,DC-NORTH,North,552,172,380,0.7005
2026-07-30,NOVA-ACC-02,DC-SOUTH,South,566,206,360,0.7171
2026-07-30,NOVA-ACC-02,DC-EAST,East,538,196,342,0.7456
2026-07-30,NOVA-ACC-02,DC-WEST,West,437,110,327,0.7165
2026-07-30,NOVA-AUD-X1,DC-NORTH,North,53,19,34,0.6817
2026-07-30,NOVA-AUD-X1,DC-SOUTH,South,59,18,41,0.7332
2026-07-30,NOVA-AUD-X1,DC-EAST,East,49,21,28,0.6954
2026-07-30,NOVA-AUD-X1,DC-WEST,West,47,18,29,0.7155
2026-07-31,NOVA-AUD-01,DC-NORTH,North,382,152,230,0.6658
2026-07-31,NOVA-AUD-01,DC-SOUTH,South,365,100,265,0.7077
2026-07-31,NOVA-AUD-01,DC-EAST,East,302,90,212,0.7278
2026-07-31,NOVA-AUD-01,DC-WEST,West,295,97,198,0.6767
2026-07-31,NOVA-AUD-02,DC-NORTH,North,393,111,282,0.6997
2026-07-31,NOVA-AUD-02,DC-SOUTH,South,491,212,279,0.7301
2026-07-31,NOVA-AUD-02,DC-EAST,East,376,101,275,0.6962
2026-07-31,NOVA-AUD-02,DC-WEST,West,417,177,240,0.7133
2026-07-31,NOVA-MOB-01,DC-NORTH,North,254,80,174,0.7324
2026-07-31,NOVA-MOB-01,DC-SOUTH,South,214,88,126,0.7142
2026-07-31,NOVA-MOB-01,DC-EAST,East,244,106,138,0.716
2026-07-31,NOVA-MOB-01,DC-WEST,West,229,63,166,0.7015
2026-07-31,NOVA-MOB-02,DC-NORTH,North,294,128,166,0.6993
2026-07-31,NOVA-MOB-02,DC-SOUTH,South,276,92,184,0.6515
2026-07-31,NOVA-MOB-02,DC-EAST,East,274,68,206,0.6877
2026-07-31,NOVA-MOB-02,DC-WEST,West,247,69,178,0.6532
2026-07-31,NOVA-CPT-01,DC-NORTH,North,126,44,82,0.714
2026-07-31,NOVA-CPT-01,DC-SOUTH,South,149,62,87,0.7047
2026-07-31,NOVA-CPT-01,DC-EAST,East,166,44,122,0.7075
2026-07-31,NOVA-CPT-01,DC-WEST,West,137,46,91,0.6597
2026-07-31,NOVA-CPT-02,DC-NORTH,North,206,52,154,0.6802
2026-07-31,NOVA-CPT-02,DC-SOUTH,South,188,66,122,0.7046
2026-07-31,NOVA-CPT-02,DC-EAST,East,169,68,101,0.7016
2026-07-31,NOVA-CPT-02,DC-WEST,West,158,67,91,0.711
2026-07-31,NOVA-WBL-01,DC-NORTH,North,222,94,128,0.7178
2026-07-31,NOVA-WBL-01,DC-SOUTH,South,227,75,152,0.6857
2026-07-31,NOVA-WBL-01,DC-EAST,East,266,67,199,0.7303
2026-07-31,NOVA-WBL-01,DC-WEST,West,277,77,200,0.7319
2026-07-31,NOVA-WBL-02,DC-NORTH,North,377,141,236,0.6671
2026-07-31,NOVA-WBL-02,DC-SOUTH,South,374,98,276,0.7201
2026-07-31,NOVA-WBL-02,DC-EAST,East,406,109,297,0.658
2026-07-31,NOVA-WBL-02,DC-WEST,West,355,95,260,0.7258
2026-07-31,NOVA-ACC-01,DC-NORTH,North,776,326,450,0.6996
2026-07-31,NOVA-ACC-01,DC-SOUTH,South,742,230,512,0.6899
2026-07-31,NOVA-ACC-01,DC-EAST,East,583,255,328,0.703
2026-07-31,NOVA-ACC-01,DC-WEST,West,720,263,457,0.7058
2026-07-31,NOVA-ACC-02,DC-NORTH,North,561,233,328,0.6835
2026-07-31,NOVA-ACC-02,DC-SOUTH,South,555,213,342,0.6699
2026-07-31,NOVA-ACC-02,DC-EAST,East,564,146,418,0.7291
2026-07-31,NOVA-ACC-02,DC-WEST,West,469,124,345,0.7102
2026-07-31,NOVA-AUD-X1,DC-NORTH,North,57,22,35,0.673
2026-07-31,NOVA-AUD-X1,DC-SOUTH,South,47,13,34,0.677
2026-07-31,NOVA-AUD-X1,DC-EAST,East,57,16,41,0.6565
2026-07-31,NOVA-AUD-X1,DC-WEST,West,59,20,39,0.7075
2026-08-01,NOVA-AUD-01,DC-NORTH,North,357,113,244,0.675
2026-08-01,NOVA-AUD-01,DC-SOUTH,South,330,92,238,0.6544
2026-08-01,NOVA-AUD-01,DC-EAST,East,304,123,181,0.7098
2026-08-01,NOVA-AUD-01,DC-WEST,West,329,120,209,0.6581
2026-08-01,NOVA-AUD-02,DC-NORTH,North,403,171,232,0.657
2026-08-01,NOVA-AUD-02,DC-SOUTH,South,392,136,256,0.7108
2026-08-01,NOVA-AUD-02,DC-EAST,East,465,178,287,0.6591
2026-08-01,NOVA-AUD-02,DC-WEST,West,438,184,254,0.7164
2026-08-01,NOVA-MOB-01,DC-NORTH,North,187,83,104,0.6682
2026-08-01,NOVA-MOB-01,DC-SOUTH,South,216,76,140,0.7127
2026-08-01,NOVA-MOB-01,DC-EAST,East,238,93,145,0.654
2026-08-01,NOVA-MOB-01,DC-WEST,West,189,65,124,0.6736
2026-08-01,NOVA-MOB-02,DC-NORTH,North,241,102,139,0.6615
2026-08-01,NOVA-MOB-02,DC-SOUTH,South,258,77,181,0.6555
2026-08-01,NOVA-MOB-02,DC-EAST,East,245,67,178,0.7028
2026-08-01,NOVA-MOB-02,DC-WEST,West,237,69,168,0.6776
2026-08-01,NOVA-CPT-01,DC-NORTH,North,149,40,109,0.6475
2026-08-01,NOVA-CPT-01,DC-SOUTH,South,138,46,92,0.6781
2026-08-01,NOVA-CPT-01,DC-EAST,East,132,50,82,0.7116
2026-08-01,NOVA-CPT-01,DC-WEST,West,135,60,75,0.7065
2026-08-01,NOVA-CPT-02,DC-NORTH,North,206,65,141,0.6707
2026-08-01,NOVA-CPT-02,DC-SOUTH,South,167,74,93,0.6474
2026-08-01,NOVA-CPT-02,DC-EAST,East,163,67,96,0.7096
2026-08-01,NOVA-CPT-02,DC-WEST,West,163,54,109,0.6421
2026-08-01,NOVA-WBL-01,DC-NORTH,North,216,81,135,0.7133
2026-08-01,NOVA-WBL-01,DC-SOUTH,South,218,93,125,0.6654
2026-08-01,NOVA-WBL-01,DC-EAST,East,268,109,159,0.6972
2026-08-01,NOVA-WBL-01,DC-WEST,West,241,60,181,0.698
2026-08-01,NOVA-WBL-02,DC-NORTH,North,323,121,202,0.6649
2026-08-01,NOVA-WBL-02,DC-SOUTH,South,325,98,227,0.6604
2026-08-01,NOVA-WBL-02,DC-EAST,East,325,116,209,0.6549
2026-08-01,NOVA-WBL-02,DC-WEST,West,379,157,222,0.7115
2026-08-01,NOVA-ACC-01,DC-NORTH,North,750,292,458,0.6819
2026-08-01,NOVA-ACC-01,DC-SOUTH,South,622,167,455,0.685
2026-08-01,NOVA-ACC-01,DC-EAST,East,624,209,415,0.6779
2026-08-01,NOVA-ACC-01,DC-WEST,West,726,203,523,0.7033
2026-08-01,NOVA-ACC-02,DC-NORTH,North,513,203,310,0.6745
2026-08-01,NOVA-ACC-02,DC-SOUTH,South,525,167,358,0.687
2026-08-01,NOVA-ACC-02,DC-EAST,East,431,179,252,0.6703
2026-08-01,NOVA-ACC-02,DC-WEST,West,555,217,338,0.6706
2026-08-01,NOVA-AUD-X1,DC-NORTH,North,46,16,30,0.7009
2026-08-01,NOVA-AUD-X1,DC-SOUTH,South,55,23,32,0.7158
2026-08-01,NOVA-AUD-X1,DC-EAST,East,49,19,30,0.6729
2026-08-01,NOVA-AUD-X1,DC-WEST,West,51,20,31,0.6816
2026-08-02,NOVA-AUD-01,DC-NORTH,North,381,123,258,0.6758
2026-08-02,NOVA-AUD-01,DC-SOUTH,South,353,91,262,0.6657
2026-08-02,NOVA-AUD-01,DC-EAST,East,304,127,177,0.6581
2026-08-02,NOVA-AUD-01,DC-WEST,West,318,118,200,0.6818
2026-08-02,NOVA-AUD-02,DC-NORTH,North,486,174,312,0.6484
2026-08-02,NOVA-AUD-02,DC-SOUTH,South,397,124,273,0.6521
2026-08-02,NOVA-AUD-02,DC-EAST,East,397,163,234,0.6751
2026-08-02,NOVA-AUD-02,DC-WEST,West,487,125,362,0.6307
2026-08-02,NOVA-MOB-01,DC-NORTH,North,217,71,146,0.6416
2026-08-02,NOVA-MOB-01,DC-SOUTH,South,245,103,142,0.6991
2026-08-02,NOVA-MOB-01,DC-EAST,East,233,82,151,0.6406
2026-08-02,NOVA-MOB-01,DC-WEST,West,193,58,135,0.6917
2026-08-02,NOVA-MOB-02,DC-NORTH,North,230,70,160,0.6814
2026-08-02,NOVA-MOB-02,DC-SOUTH,South,244,103,141,0.6346
2026-08-02,NOVA-MOB-02,DC-EAST,East,278,104,174,0.6999
2026-08-02,NOVA-MOB-02,DC-WEST,West,291,120,171,0.6327
2026-08-02,NOVA-CPT-01,DC-NORTH,North,158,53,105,0.6657
2026-08-02,NOVA-CPT-01,DC-SOUTH,South,162,66,96,0.6258
2026-08-02,NOVA-CPT-01,DC-EAST,East,154,40,114,0.6251
2026-08-02,NOVA-CPT-01,DC-WEST,West,131,34,97,0.6848
2026-08-02,NOVA-CPT-02,DC-NORTH,North,179,74,105,0.6794
2026-08-02,NOVA-CPT-02,DC-SOUTH,South,189,52,137,0.6291
2026-08-02,NOVA-CPT-02,DC-EAST,East,174,50,124,0.6416
2026-08-02,NOVA-CPT-02,DC-WEST,West,184,48,136,0.6673
2026-08-02,NOVA-WBL-01,DC-NORTH,North,230,73,157,0.6958
2026-08-02,NOVA-WBL-01,DC-SOUTH,South,237,66,171,0.6318
2026-08-02,NOVA-WBL-01,DC-EAST,East,214,69,145,0.6276
2026-08-02,NOVA-WBL-01,DC-WEST,West,244,74,170,0.6812
2026-08-02,NOVA-WBL-02,DC-NORTH,North,314,102,212,0.6929
2026-08-02,NOVA-WBL-02,DC-SOUTH,South,350,136,214,0.6564
2026-08-02,NOVA-WBL-02,DC-EAST,East,378,154,224,0.6985
2026-08-02,NOVA-WBL-02,DC-WEST,West,381,169,212,0.6786
2026-08-02,NOVA-ACC-01,DC-NORTH,North,630,207,423,0.6288
2026-08-02,NOVA-ACC-01,DC-SOUTH,South,765,240,525,0.691
2026-08-02,NOVA-ACC-01,DC-EAST,East,748,312,436,0.6603
2026-08-02,NOVA-ACC-01,DC-WEST,West,620,252,368,0.6272
2026-08-02,NOVA-ACC-02,DC-NORTH,North,455,146,309,0.6407
2026-08-02,NOVA-ACC-02,DC-SOUTH,South,477,209,268,0.6817
2026-08-02,NOVA-ACC-02,DC-EAST,East,483,126,357,0.6242
2026-08-02,NOVA-ACC-02,DC-WEST,West,494,157,337,0.6945
2026-08-02,NOVA-AUD-X1,DC-NORTH,North,44,16,28,0.6383
2026-08-02,NOVA-AUD-X1,DC-SOUTH,South,49,16,33,0.6411
2026-08-02,NOVA-AUD-X1,DC-EAST,East,47,19,28,0.6313
2026-08-02,NOVA-AUD-X1,DC-WEST,West,47,14,33,0.6456
2026-08-03,NOVA-AUD-01,DC-NORTH,North,350,101,249,0.6814
2026-08-03,NOVA-AUD-01,DC-SOUTH,South,306,79,227,0.6388
2026-08-03,NOVA-AUD-01,DC-EAST,East,285,99,186,0.6404
2026-08-03,NOVA-AUD-01,DC-WEST,West,298,122,176,0.6572
2026-08-03,NOVA-AUD-02,DC-NORTH,North,360,107,253,0.6267
2026-08-03,NOVA-AUD-02,DC-SOUTH,South,406,168,238,0.6117
2026-08-03,NOVA-AUD-02,DC-EAST,East,367,153,214,0.6582
2026-08-03,NOVA-AUD-02,DC-WEST,West,411,139,272,0.6554
2026-08-03,NOVA-MOB-01,DC-NORTH,North,200,65,135,0.6418
2026-08-03,NOVA-MOB-01,DC-SOUTH,South,186,58,128,0.6672
2026-08-03,NOVA-MOB-01,DC-EAST,East,231,84,147,0.6299
2026-08-03,NOVA-MOB-01,DC-WEST,West,246,109,137,0.6291
2026-08-03,NOVA-MOB-02,DC-NORTH,North,280,73,207,0.6589
2026-08-03,NOVA-MOB-02,DC-SOUTH,South,230,85,145,0.6228
2026-08-03,NOVA-MOB-02,DC-EAST,East,268,99,169,0.6519
2026-08-03,NOVA-MOB-02,DC-WEST,West,236,89,147,0.6191
2026-08-03,NOVA-CPT-01,DC-NORTH,North,136,58,78,0.6429
2026-08-03,NOVA-CPT-01,DC-SOUTH,South,135,54,81,0.6565
2026-08-03,NOVA-CPT-01,DC-EAST,East,133,42,91,0.6575
2026-08-03,NOVA-CPT-01,DC-WEST,West,158,55,103,0.6823
2026-08-03,NOVA-CPT-02,DC-NORTH,North,154,50,104,0.6263
2026-08-03,NOVA-CPT-02,DC-SOUTH,South,165,41,124,0.6584
2026-08-03,NOVA-CPT-02,DC-EAST,East,191,62,129,0.6841
2026-08-03,NOVA-CPT-02,DC-WEST,West,201,72,129,0.6179
2026-08-03,NOVA-WBL-01,DC-NORTH,North,270,114,156,0.6276
2026-08-03,NOVA-WBL-01,DC-SOUTH,South,218,68,150,0.6701
2026-08-03,NOVA-WBL-01,DC-EAST,East,242,73,169,0.6254
2026-08-03,NOVA-WBL-01,DC-WEST,West,216,86,130,0.6283
2026-08-03,NOVA-WBL-02,DC-NORTH,North,334,108,226,0.648
2026-08-03,NOVA-WBL-02,DC-SOUTH,South,349,128,221,0.6295
2026-08-03,NOVA-WBL-02,DC-EAST,East,403,164,239,0.6763
2026-08-03,NOVA-WBL-02,DC-WEST,West,374,124,250,0.6171
2026-08-03,NOVA-ACC-01,DC-NORTH,North,753,280,473,0.6364
2026-08-03,NOVA-ACC-01,DC-SOUTH,South,652,247,405,0.6097
2026-08-03,NOVA-ACC-01,DC-EAST,East,656,272,384,0.6279
2026-08-03,NOVA-ACC-01,DC-WEST,West,579,220,359,0.677
2026-08-03,NOVA-ACC-02,DC-NORTH,North,548,140,408,0.6096
2026-08-03,NOVA-ACC-02,DC-SOUTH,South,512,183,329,0.6844
2026-08-03,NOVA-ACC-02,DC-EAST,East,427,144,283,0.6131
2026-08-03,NOVA-ACC-02,DC-WEST,West,411,159,252,0.6495
2026-08-03,NOVA-AUD-X1,DC-NORTH,North,46,12,34,0.6792
2026-08-03,NOVA-AUD-X1,DC-SOUTH,South,52,20,32,0.6135
2026-08-03,NOVA-AUD-X1,DC-EAST,East,50,22,28,0.6462
2026-08-03,NOVA-AUD-X1,DC-WEST,West,53,21,32,0.6109
2026-08-04,NOVA-AUD-01,DC-NORTH,North,360,91,269,0.6459
2026-08-04,NOVA-AUD-01,DC-SOUTH,South,284,118,166,0.6463
2026-08-04,NOVA-AUD-01,DC-EAST,East,356,133,223,0.6645
2026-08-04,NOVA-AUD-01,DC-WEST,West,357,119,238,0.6552
2026-08-04,NOVA-AUD-02,DC-NORTH,North,408,155,253,0.6471
2026-08-04,NOVA-AUD-02,DC-SOUTH,South,403,103,300,0.6254
2026-08-04,NOVA-AUD-02,DC-EAST,East,402,111,291,0.6279
2026-08-04,NOVA-AUD-02,DC-WEST,West,369,122,247,0.6389
2026-08-04,NOVA-MOB-01,DC-NORTH,North,185,77,108,0.5998
2026-08-04,NOVA-MOB-01,DC-SOUTH,South,232,98,134,0.6329
2026-08-04,NOVA-MOB-01,DC-EAST,East,221,62,159,0.6636
2026-08-04,NOVA-MOB-01,DC-WEST,West,231,95,136,0.6156
2026-08-04,NOVA-MOB-02,DC-NORTH,North,293,120,173,0.6647
2026-08-04,NOVA-MOB-02,DC-SOUTH,South,273,95,178,0.6239
2026-08-04,NOVA-MOB-02,DC-EAST,East,259,82,177,0.604
2026-08-04,NOVA-MOB-02,DC-WEST,West,254,90,164,0.6408
2026-08-04,NOVA-CPT-01,DC-NORTH,North,159,56,103,0.6434
2026-08-04,NOVA-CPT-01,DC-SOUTH,South,132,42,90,0.6637
2026-08-04,NOVA-CPT-01,DC-EAST,East,150,66,84,0.6569
2026-08-04,NOVA-CPT-01,DC-WEST,West,152,57,95,0.6655
2026-08-04,NOVA-CPT-02,DC-NORTH,North,175,72,103,0.6411
2026-08-04,NOVA-CPT-02,DC-SOUTH,South,175,53,122,0.6028
2026-08-04,NOVA-CPT-02,DC-EAST,East,157,44,113,0.5978
2026-08-04,NOVA-CPT-02,DC-WEST,West,203,71,132,0.6658
2026-08-04,NOVA-WBL-01,DC-NORTH,North,237,62,175,0.6705
2026-08-04,NOVA-WBL-01,DC-SOUTH,South,269,101,168,0.6495
2026-08-04,NOVA-WBL-01,DC-EAST,East,213,80,133,0.653
2026-08-04,NOVA-WBL-01,DC-WEST,West,216,87,129,0.67
2026-08-04,NOVA-WBL-02,DC-NORTH,North,334,100,234,0.5968
2026-08-04,NOVA-WBL-02,DC-SOUTH,South,357,140,217,0.6069
2026-08-04,NOVA-WBL-02,DC-EAST,East,338,144,194,0.6045
2026-08-04,NOVA-WBL-02,DC-WEST,West,404,154,250,0.6361
2026-08-04,NOVA-ACC-01,DC-NORTH,North,621,171,450,0.6649
2026-08-04,NOVA-ACC-01,DC-SOUTH,South,597,262,335,0.6184
2026-08-04,NOVA-ACC-01,DC-EAST,East,590,174,416,0.6008
2026-08-04,NOVA-ACC-01,DC-WEST,West,725,226,499,0.6568
2026-08-04,NOVA-ACC-02,DC-NORTH,North,485,165,320,0.6501
2026-08-04,NOVA-ACC-02,DC-SOUTH,South,520,156,364,0.6421
2026-08-04,NOVA-ACC-02,DC-EAST,East,492,179,313,0.6352
2026-08-04,NOVA-ACC-02,DC-WEST,West,475,181,294,0.612
2026-08-04,NOVA-AUD-X1,DC-NORTH,North,55,21,34,0.608
2026-08-04,NOVA-AUD-X1,DC-SOUTH,South,48,12,36,0.6574
2026-08-04,NOVA-AUD-X1,DC-EAST,East,52,22,30,0.6183
2026-08-04,NOVA-AUD-X1,DC-WEST,West,54,15,39,0.6338
2026-08-05,NOVA-AUD-01,DC-NORTH,North,313,118,195,0.6503
2026-08-05,NOVA-AUD-01,DC-SOUTH,South,361,138,223,0.6232
2026-08-05,NOVA-AUD-01,DC-EAST,East,332,129,203,0.6497
2026-08-05,NOVA-AUD-01,DC-WEST,West,305,80,225,0.6139
2026-08-05,NOVA-AUD-02,DC-NORTH,North,419,111,308,0.6528
2026-08-05,NOVA-AUD-02,DC-SOUTH,South,414,137,277,0.6022
2026-08-05,NOVA-AUD-02,DC-EAST,East,403,101,302,0.5818
2026-08-05,NOVA-AUD-02,DC-WEST,West,369,153,216,0.5889
2026-08-05,NOVA-MOB-01,DC-NORTH,North,215,74,141,0.6468
2026-08-05,NOVA-MOB-01,DC-SOUTH,South,205,85,120,0.6367
2026-08-05,NOVA-MOB-01,DC-EAST,East,213,59,154,0.6237
2026-08-05,NOVA-MOB-01,DC-WEST,West,231,60,171,0.5899
2026-08-05,NOVA-MOB-02,DC-NORTH,North,232,81,151,0.5829
2026-08-05,NOVA-MOB-02,DC-SOUTH,South,279,99,180,0.5839
2026-08-05,NOVA-MOB-02,DC-EAST,East,287,85,202,0.5941
2026-08-05,NOVA-MOB-02,DC-WEST,West,259,106,153,0.6158
2026-08-05,NOVA-CPT-01,DC-NORTH,North,135,51,84,0.6348
2026-08-05,NOVA-CPT-01,DC-SOUTH,South,138,38,100,0.6187
2026-08-05,NOVA-CPT-01,DC-EAST,East,154,57,97,0.5827
2026-08-05,NOVA-CPT-01,DC-WEST,West,137,58,79,0.6291
2026-08-05,NOVA-CPT-02,DC-NORTH,North,184,61,123,0.6469
2026-08-05,NOVA-CPT-02,DC-SOUTH,South,161,71,90,0.6502
2026-08-05,NOVA-CPT-02,DC-EAST,East,152,42,110,0.632
2026-08-05,NOVA-CPT-02,DC-WEST,West,175,58,117,0.6151
2026-08-05,NOVA-WBL-01,DC-NORTH,North,255,86,169,0.5987
2026-08-05,NOVA-WBL-01,DC-SOUTH,South,242,87,155,0.6059
2026-08-05,NOVA-WBL-01,DC-EAST,East,261,100,161,0.6332
2026-08-05,NOVA-WBL-01,DC-WEST,West,243,81,162,0.6434
2026-08-05,NOVA-WBL-02,DC-NORTH,North,356,131,225,0.5896
2026-08-05,NOVA-WBL-02,DC-SOUTH,South,328,128,200,0.5941
2026-08-05,NOVA-WBL-02,DC-EAST,East,390,137,253,0.6241
2026-08-05,NOVA-WBL-02,DC-WEST,West,358,106,252,0.6507
2026-08-05,NOVA-ACC-01,DC-NORTH,North,718,276,442,0.6017
2026-08-05,NOVA-ACC-01,DC-SOUTH,South,576,248,328,0.6011
2026-08-05,NOVA-ACC-01,DC-EAST,East,702,252,450,0.6161
2026-08-05,NOVA-ACC-01,DC-WEST,West,670,222,448,0.6118
2026-08-05,NOVA-ACC-02,DC-NORTH,North,416,148,268,0.6157
2026-08-05,NOVA-ACC-02,DC-SOUTH,South,503,135,368,0.5828
2026-08-05,NOVA-ACC-02,DC-EAST,East,479,125,354,0.6439
2026-08-05,NOVA-ACC-02,DC-WEST,West,465,157,308,0.6492
2026-08-05,NOVA-AUD-X1,DC-NORTH,North,49,15,34,0.6309
2026-08-05,NOVA-AUD-X1,DC-SOUTH,South,54,23,31,0.6265
2026-08-05,NOVA-AUD-X1,DC-EAST,East,57,18,39,0.5936
2026-08-05,NOVA-AUD-X1,DC-WEST,West,43,13,30,0.6298
2026-08-06,NOVA-AUD-01,DC-NORTH,North,329,135,194,0.5733
2026-08-06,NOVA-AUD-01,DC-SOUTH,South,313,109,204,0.6173
2026-08-06,NOVA-AUD-01,DC-EAST,East,360,158,202,0.6361
2026-08-06,NOVA-AUD-01,DC-WEST,West,339,100,239,0.6027
2026-08-06,NOVA-AUD-02,DC-NORTH,North,442,125,317,0.6288
2026-08-06,NOVA-AUD-02,DC-SOUTH,South,442,113,329,0.6364
2026-08-06,NOVA-AUD-02,DC-EAST,East,387,150,237,0.5769
2026-08-06,NOVA-AUD-02,DC-WEST,West,439,171,268,0.5735
2026-08-06,NOVA-MOB-01,DC-NORTH,North,235,60,175,0.6115
2026-08-06,NOVA-MOB-01,DC-SOUTH,South,215,61,154,0.6306
2026-08-06,NOVA-MOB-01,DC-EAST,East,210,93,117,0.6272
2026-08-06,NOVA-MOB-01,DC-WEST,West,210,92,118,0.5749
2026-08-06,NOVA-MOB-02,DC-NORTH,North,269,72,197,0.5819
2026-08-06,NOVA-MOB-02,DC-SOUTH,South,242,85,157,0.601
2026-08-06,NOVA-MOB-02,DC-EAST,East,283,75,208,0.6329
2026-08-06,NOVA-MOB-02,DC-WEST,West,224,58,166,0.6178
2026-08-06,NOVA-CPT-01,DC-NORTH,North,148,61,87,0.6102
2026-08-06,NOVA-CPT-01,DC-SOUTH,South,139,51,88,0.6123
2026-08-06,NOVA-CPT-01,DC-EAST,East,156,46,110,0.6158
2026-08-06,NOVA-CPT-01,DC-WEST,West,131,41,90,0.5881
2026-08-06,NOVA-CPT-02,DC-NORTH,North,168,73,95,0.613
2026-08-06,NOVA-CPT-02,DC-SOUTH,South,168,69,99,0.6327
2026-08-06,NOVA-CPT-02,DC-EAST,East,185,47,138,0.5819
2026-08-06,NOVA-CPT-02,DC-WEST,West,171,56,115,0.6018
2026-08-06,NOVA-WBL-01,DC-NORTH,North,257,114,143,0.593
2026-08-06,NOVA-WBL-01,DC-SOUTH,South,262,108,154,0.6057
2026-08-06,NOVA-WBL-01,DC-EAST,East,220,85,135,0.6282
2026-08-06,NOVA-WBL-01,DC-WEST,West,246,107,139,0.6253
2026-08-06,NOVA-WBL-02,DC-NORTH,North,347,147,200,0.5845
2026-08-06,NOVA-WBL-02,DC-SOUTH,South,376,133,243,0.5978
2026-08-06,NOVA-WBL-02,DC-EAST,East,326,136,190,0.59
2026-08-06,NOVA-WBL-02,DC-WEST,West,323,130,193,0.5939
2026-08-06,NOVA-ACC-01,DC-NORTH,North,612,195,417,0.5842
2026-08-06,NOVA-ACC-01,DC-SOUTH,South,554,143,411,0.5779
2026-08-06,NOVA-ACC-01,DC-EAST,East,621,208,413,0.6086
2026-08-06,NOVA-ACC-01,DC-WEST,West,677,211,466,0.6361
2026-08-06,NOVA-ACC-02,DC-NORTH,North,460,155,305,0.5732
2026-08-06,NOVA-ACC-02,DC-SOUTH,South,467,206,261,0.5808
2026-08-06,NOVA-ACC-02,DC-EAST,East,446,123,323,0.5752
2026-08-06,NOVA-ACC-02,DC-WEST,West,451,131,320,0.6122
2026-08-06,NOVA-AUD-X1,DC-NORTH,North,49,14,35,0.6008
2026-08-06,NOVA-AUD-X1,DC-SOUTH,South,42,16,26,0.6203
2026-08-06,NOVA-AUD-X1,DC-EAST,East,47,17,30,0.6275
2026-08-06,NOVA-AUD-X1,DC-WEST,West,48,20,28,0.5886
2026-08-07,NOVA-AUD-01,DC-NORTH,North,328,93,235,0.6118
2026-08-07,NOVA-AUD-01,DC-SOUTH,South,308,97,211,0.61
2026-08-07,NOVA-AUD-01,DC-EAST,East,357,102,255,0.6125
2026-08-07,NOVA-AUD-01,DC-WEST,West,356,99,257,0.557
2026-08-07,NOVA-AUD-02,DC-NORTH,North,444,127,317,0.6241
2026-08-07,NOVA-AUD-02,DC-SOUTH,South,430,185,245,0.6061
2026-08-07,NOVA-AUD-02,DC-EAST,East,357,152,205,0.6078
2026-08-07,NOVA-AUD-02,DC-WEST,West,375,139,236,0.5624
2026-08-07,NOVA-MOB-01,DC-NORTH,North,221,69,152,0.5575
2026-08-07,NOVA-MOB-01,DC-SOUTH,South,178,74,104,0.6026
2026-08-07,NOVA-MOB-01,DC-EAST,East,211,57,154,0.6019
2026-08-07,NOVA-MOB-01,DC-WEST,West,217,79,138,0.5593
2026-08-07,NOVA-MOB-02,DC-NORTH,North,257,66,191,0.5863
2026-08-07,NOVA-MOB-02,DC-SOUTH,South,251,99,152,0.5992
2026-08-07,NOVA-MOB-02,DC-EAST,East,283,102,181,0.6206
2026-08-07,NOVA-MOB-02,DC-WEST,West,230,71,159,0.5812
2026-08-07,NOVA-CPT-01,DC-NORTH,North,121,30,91,0.6057
2026-08-07,NOVA-CPT-01,DC-SOUTH,South,153,63,90,0.587
2026-08-07,NOVA-CPT-01,DC-EAST,East,145,41,104,0.576
2026-08-07,NOVA-CPT-01,DC-WEST,West,119,47,72,0.5959
2026-08-07,NOVA-CPT-02,DC-NORTH,North,177,72,105,0.6061
2026-08-07,NOVA-CPT-02,DC-SOUTH,South,179,72,107,0.5878
2026-08-07,NOVA-CPT-02,DC-EAST,East,153,67,86,0.5743
2026-08-07,NOVA-CPT-02,DC-WEST,West,193,65,128,0.5698
2026-08-07,NOVA-WBL-01,DC-NORTH,North,195,83,112,0.5654
2026-08-07,NOVA-WBL-01,DC-SOUTH,South,259,102,157,0.5894
2026-08-07,NOVA-WBL-01,DC-EAST,East,233,61,172,0.5965
2026-08-07,NOVA-WBL-01,DC-WEST,West,241,66,175,0.5977
2026-08-07,NOVA-WBL-02,DC-NORTH,North,295,121,174,0.5836
2026-08-07,NOVA-WBL-02,DC-SOUTH,South,345,103,242,0.6151
2026-08-07,NOVA-WBL-02,DC-EAST,East,322,114,208,0.6223
2026-08-07,NOVA-WBL-02,DC-WEST,West,323,123,200,0.6211
2026-08-07,NOVA-ACC-01,DC-NORTH,North,572,255,317,0.5913
2026-08-07,NOVA-ACC-01,DC-SOUTH,South,674,194,480,0.5612
2026-08-07,NOVA-ACC-01,DC-EAST,East,701,226,475,0.6066
2026-08-07,NOVA-ACC-01,DC-WEST,West,570,206,364,0.5883
2026-08-07,NOVA-ACC-02,DC-NORTH,North,434,177,257,0.6199
2026-08-07,NOVA-ACC-02,DC-SOUTH,South,433,127,306,0.5695
2026-08-07,NOVA-ACC-02,DC-EAST,East,515,140,375,0.6078
2026-08-07,NOVA-ACC-02,DC-WEST,West,518,137,381,0.5847
2026-08-07,NOVA-AUD-X1,DC-NORTH,North,44,18,26,0.6243
2026-08-07,NOVA-AUD-X1,DC-SOUTH,South,52,19,33,0.5574
2026-08-07,NOVA-AUD-X1,DC-EAST,East,46,15,31,0.6155
2026-08-07,NOVA-AUD-X1,DC-WEST,West,56,18,38,0.6204
