ticket_id,date,category,severity,sku,region,resolution_days
TKT-20260201-00001,2026-02-01,late_delivery,medium,NOVA-CPT-01,West,6.1
TKT-20260201-00002,2026-02-01,late_delivery,medium,NOVA-WBL-02,East,1.2
TKT-20260201-00003,2026-02-01,other,high,,West,2.2
TKT-20260201-00004,2026-02-01,late_delivery,critical,NOVA-MOB-01,South,1.0
TKT-20260201-00005,2026-02-01,product_defect,low,NOVA-CPT-02,East,5.3
TKT-20260201-00006,2026-02-01,late_delivery,high,NOVA-AUD-02,West,1.7
TKT-20260201-00007,2026-02-01,late_delivery,high,NOVA-WBL-01,West,6.0
TKT-20260201-00008,2026-02-01,late_delivery,low,NOVA-AUD-02,East,6.6
TKT-20260201-00009,2026-02-01,product_defect,medium,NOVA-AUD-02,West,1.9
TKT-20260201-00010,2026-02-01,wrong_item,critical,NOVA-WBL-01,North,4.4
TKT-20260201-00011,2026-02-01,wrong_item,high,NOVA-WBL-02,East,5.6
TKT-20260201-00012,2026-02-01,damaged,medium,NOVA-WBL-01,North,1.1
TKT-20260201-00013,2026-02-01,late_delivery,medium,NOVA-MOB-01,South,4.3
TKT-20260202-00014,2026-02-02,wrong_item,critical,NOVA-AUD-02,West,
TKT-20260202-00015,2026-02-02,late_delivery,medium,NOVA-MOB-01,North,5.5
TKT-20260202-00016,2026-02-02,product_defect,high,NOVA-AUD-01,East,1.5
TKT-20260202-00017,2026-02-02,late_delivery,high,NOVA-WBL-02,North,4.2
TKT-20260202-00018,2026-02-02,late_delivery,high,NOVA-MOB-01,South,5.3
TKT-20260202-00019,2026-02-02,product_defect,medium,NOVA-CPT-01,North,2.8
TKT-20260202-00020,2026-02-02,other,low,,North,
TKT-20260202-00021,2026-02-02,product_defect,medium,NOVA-WBL-02,West,1.2
TKT-20260202-00022,2026-02-02,late_delivery,medium,NOVA-WBL-02,South,5.0
TKT-20260202-00023,2026-02-02,damaged,high,NOVA-MOB-01,East,6.7
TKT-20260202-00024,2026-02-02,damaged,low,NOVA-MOB-01,East,2.0
TKT-20260203-00025,2026-02-03,damaged,medium,NOVA-WBL-02,West,1.9
TKT-20260203-00026,2026-02-03,damaged,high,NOVA-CPT-01,North,1.0
TKT-20260203-00027,2026-02-03,product_defect,medium,NOVA-WBL-01,North,
TKT-20260203-00028,2026-02-03,product_defect,medium,NOVA-MOB-01,South,4.8
TKT-20260203-00029,2026-02-03,wrong_item,medium,NOVA-MOB-02,West,4.6
TKT-20260203-00030,2026-02-03,wrong_item,critical,NOVA-MOB-01,South,2.5
TKT-20260203-00031,2026-02-03,other,medium,,South,1.9
TKT-20260203-00032,2026-02-03,late_delivery,high,NOVA-MOB-02,South,
TKT-20260203-00033,2026-02-03,billing,medium,,North,
TKT-20260203-00034,2026-02-03,other,low,,East,1.4
TKT-20260203-00035,2026-02-03,product_defect,medium,NOVA-CPT-01,South,5.0
TKT-20260203-00036,2026-02-03,damaged,low,NOVA-CPT-02,South,1.3
TKT-20260203-00037,2026-02-03,late_delivery,low,NOVA-WBL-01,South,5.2
TKT-20260203-00038,2026-02-03,damaged,high,NOVA-MOB-01,East,1.8
TKT-20260203-00039,2026-02-03,product_defect,high,NOVA-AUD-01,East,
TKT-20260204-00040,2026-02-04,product_defect,low,NOVA-AUD-02,North,2.7
TKT-20260204-00041,2026-02-04,damaged,medium,NOVA-AUD-01,West,5.9
TKT-20260204-00042,2026-02-04,billing,low,,North,2.6
TKT-20260204-00043,2026-02-04,late_delivery,medium,NOVA-CPT-01,North,5.2
TKT-20260204-00044,2026-02-04,late_delivery,low,NOVA-CPT-01,West,6.5
TKT-20260204-00045,2026-02-04,late_delivery,low,NOVA-MOB-02,West,4.4
TKT-20260204-00046,2026-02-04,other,medium,,East,0.9
TKT-20260204-00047,2026-02-04,late_delivery,high,NOVA-WBL-02,East,
TKT-20260204-00048,2026-02-04,product_defect,low,NOVA-AUD-01,East,6.6
TKT-20260204-00049,2026-02-04,late_delivery,medium,NOVA-WBL-02,East,2.4
TKT-20260204-00050,2026-02-04,late_delivery,medium,NOVA-CPT-01,West,6.0
TKT-20260204-00051,2026-02-04,other,medium,,West,
TKT-20260204-00052,2026-02-04,late_delivery,critical,NOVA-CPT-01,South,2.1
TKT-20260204-00053,2026-02-04,product_defect,low,NOVA-CPT-01,East,
TKT-20260205-00054,2026-02-05,late_delivery,low,NOVA-AUD-01,West,3.1
TKT-20260205-00055,2026-02-05,late_delivery,low,NOVA-AUD-02,East,0.8
TKT-20260205-00056,2026-02-05,billing,medium,,North,6.8
TKT-20260205-00057,2026-02-05,other,medium,,West,3.2
TKT-20260205-00058,2026-02-05,late_delivery,low,NOVA-CPT-01,West,1.1
TKT-20260205-00059,2026-02-05,wrong_item,medium,NOVA-AUD-02,West,5.3
TKT-20260205-00060,2026-02-05,damaged,medium,NOVA-WBL-01,South,6.5
TKT-20260205-00061,2026-02-05,wrong_item,low,NOVA-MOB-01,East,6.5
TKT-20260205-00062,2026-02-05,billing,high,,North,4.0
TKT-20260205-00063,2026-02-05,product_defect,medium,NOVA-AUD-02,North,3.8
TKT-20260205-00064,2026-02-05,wrong_item,low,NOVA-CPT-01,North,5.7
TKT-20260205-00065,2026-02-05,damaged,medium,NOVA-AUD-02,North,2.2
TKT-20260205-00066,2026-02-05,damaged,medium,NOVA-WBL-01,North,5.4
TKT-20260206-00067,2026-02-06,late_delivery,medium,NOVA-WBL-02,North,0.7
TKT-20260206-00068,2026-02-06,late_delivery,low,NOVA-AUD-02,East,0.9
TKT-20260206-00069,2026-02-06,late_delivery,medium,NOVA-CPT-02,North,4.6
TKT-20260206-00070,2026-02-06,billing,low,,North,3.1
TKT-20260206-00071,2026-02-06,late_delivery,medium,NOVA-WBL-01,East,3.2
TKT-20260206-00072,2026-02-06,product_defect,high,NOVA-AUD-01,East,2.7
TKT-20260206-00073,2026-02-06,late_delivery,low,NOVA-AUD-02,East,0.7
TKT-20260206-00074,2026-02-06,wrong_item,low,NOVA-WBL-01,West,2.7
TKT-20260206-00075,2026-02-06,product_defect,low,NOVA-MOB-01,South,3.4
TKT-20260206-00076,2026-02-06,product_defect,medium,NOVA-AUD-02,West,2.8
TKT-20260206-00077,2026-02-06,product_defect,medium,NOVA-WBL-01,South,6.6
TKT-20260206-00078,2026-02-06,late_delivery,critical,NOVA-AUD-01,East,4.6
TKT-20260206-00079,2026-02-06,late_delivery,low,NOVA-CPT-02,East,
TKT-20260206-00080,2026-02-06,product_defect,medium,NOVA-CPT-02,West,3.0
TKT-20260206-00081,2026-02-06,other,high,,South,4.1
TKT-20260207-00082,2026-02-07,late_delivery,low,NOVA-CPT-01,East,2.0
TKT-20260207-00083,2026-02-07,wrong_item,low,NOVA-CPT-02,South,2.7
TKT-20260207-00084,2026-02-07,other,medium,,West,4.6
TKT-20260207-00085,2026-02-07,damaged,low,NOVA-MOB-01,West,5.7
TKT-20260207-00086,2026-02-07,wrong_item,high,NOVA-CPT-02,South,2.4
TKT-20260207-00087,2026-02-07,product_defect,low,NOVA-MOB-01,East,
TKT-20260207-00088,2026-02-07,other,medium,,East,5.1
TKT-20260207-00089,2026-02-07,damaged,medium,NOVA-MOB-02,East,5.6
TKT-20260207-00090,2026-02-07,product_defect,medium,NOVA-MOB-02,South,1.2
TKT-20260207-00091,2026-02-07,other,low,,South,6.0
TKT-20260207-00092,2026-02-07,billing,low,,North,
TKT-20260208-00093,2026-02-08,damaged,medium,NOVA-WBL-01,North,3.7
TKT-20260208-00094,2026-02-08,product_defect,low,NOVA-AUD-02,South,2.6
TKT-20260208-00095,2026-02-08,late_delivery,medium,NOVA-CPT-01,South,3.2
TKT-20260208-00096,2026-02-08,other,medium,,East,3.5
TKT-20260208-00097,2026-02-08,product_defect,medium,NOVA-AUD-01,East,
TKT-20260208-00098,2026-02-08,product_defect,high,NOVA-AUD-01,East,5.5
TKT-20260208-00099,2026-02-08,late_delivery,low,NOVA-MOB-02,West,6.1
TKT-20260208-00100,2026-02-08,wrong_item,high,NOVA-CPT-02,East,
TKT-20260208-00101,2026-02-08,late_delivery,high,NOVA-AUD-01,East,2.1
TKT-20260208-00102,2026-02-08,late_delivery,critical,NOVA-CPT-01,South,3.2
TKT-20260208-00103,2026-02-08,billing,medium,,East,3.4
TKT-20260208-00104,2026-02-08,late_delivery,critical,NOVA-AUD-02,North,
TKT-20260208-00105,2026-02-08,other,medium,,North,1.5
TKT-20260209-00106,2026-02-09,product_defect,medium,NOVA-MOB-01,South,2.7
TKT-20260209-00107,2026-02-09,late_delivery,high,NOVA-WBL-02,North,1.8
TKT-20260209-00108,2026-02-09,late_delivery,medium,NOVA-WBL-02,West,
TKT-20260209-00109,2026-02-09,late_delivery,low,NOVA-CPT-02,West,0.8
TKT-20260209-00110,2026-02-09,product_defect,low,NOVA-MOB-02,West,2.5
TKT-20260209-00111,2026-02-09,damaged,low,NOVA-WBL-02,South,3.3
TKT-20260209-00112,2026-02-09,wrong_item,medium,NOVA-CPT-02,North,6.4
TKT-20260209-00113,2026-02-09,other,medium,,East,4.3
TKT-20260209-00114,2026-02-09,billing,high,,North,6.8
TKT-20260209-00115,2026-02-09,product_defect,low,NOVA-WBL-01,North,
TKT-20260209-00116,2026-02-09,wrong_item,critical,NOVA-WBL-01,West,5.1
TKT-20260209-00117,2026-02-09,product_defect,low,NOVA-CPT-01,North,4.2
TKT-20260209-00118,2026-02-09,wrong_item,low,NOVA-MOB-01,South,1.6
TKT-20260209-00119,2026-02-09,late_delivery,medium,NOVA-MOB-02,West,0.9
TKT-20260210-00120,2026-02-10,late_delivery,medium,NOVA-CPT-01,West,
TKT-20260210-00121,2026-02-10,wrong_item,low,NOVA-CPT-02,East,3.7
TKT-20260210-00122,2026-02-10,late_delivery,medium,NOVA-CPT-01,West,1.2
TKT-20260210-00123,2026-02-10,late_delivery,high,NOVA-MOB-01,West,6.3
TKT-20260210-00124,2026-02-10,wrong_item,medium,NOVA-WBL-02,North,4.5
TKT-20260210-00125,2026-02-10,wrong_item,low,NOVA-AUD-02,North,6.0
TKT-20260210-00126,2026-02-10,damaged,high,NOVA-WBL-01,North,1.2
TKT-20260210-00127,2026-02-10,late_delivery,medium,NOVA-WBL-02,West,3.4
TKT-20260210-00128,2026-02-10,late_delivery,medium,NOVA-WBL-02,North,7.0
TKT-20260210-00129,2026-02-10,late_delivery,medium,NOVA-CPT-02,North,
TKT-20260210-00130,2026-02-10,late_delivery,low,NOVA-AUD-02,South,
TKT-20260210-00131,2026-02-10,late_delivery,high,NOVA-CPT-01,South,2.1
TKT-20260210-00132,2026-02-10,wrong_item,low,NOVA-CPT-02,North,1.5
TKT-20260210-00133,2026-02-10,wrong_item,low,NOVA-MOB-01,South,1.7
TKT-20260210-00134,2026-02-10,billing,medium,,North,2.4
TKT-20260211-00135,2026-02-11,late_delivery,high,NOVA-WBL-02,East,1.4
TKT-20260211-00136,2026-02-11,damaged,low,NOVA-MOB-02,East,5.5
TKT-20260211-00137,2026-02-11,product_defect,high,NOVA-WBL-01,South,
TKT-20260211-00138,2026-02-11,late_delivery,low,NOVA-AUD-01,East,6.4
TKT-20260211-00139,2026-02-11,product_defect,medium,NOVA-WBL-02,North,1.0
TKT-20260211-00140,2026-02-11,wrong_item,low,NOVA-CPT-01,East,7.0
TKT-20260211-00141,2026-02-11,other,low,,West,
TKT-20260211-00142,2026-02-11,late_delivery,medium,NOVA-MOB-02,East,4.9
TKT-20260211-00143,2026-02-11,late_delivery,medium,NOVA-WBL-01,South,1.9
TKT-20260211-00144,2026-02-11,wrong_item,low,NOVA-CPT-01,West,2.8
TKT-20260211-00145,2026-02-11,late_delivery,critical,NOVA-MOB-02,South,2.3
TKT-20260211-00146,2026-02-11,billing,low,,East,6.0
TKT-20260211-00147,2026-02-11,late_delivery,medium,NOVA-CPT-01,West,3.2
TKT-20260211-00148,2026-02-11,wrong_item,low,NOVA-CPT-01,North,2.4
TKT-20260212-00149,2026-02-12,product_defect,medium,NOVA-WBL-01,North,3.8
TKT-20260212-00150,2026-02-12,wrong_item,low,NOVA-CPT-02,West,5.3
TKT-20260212-00151,2026-02-12,product_defect,medium,NOVA-AUD-01,North,3.5
TKT-20260212-00152,2026-02-12,other,low,,East,6.1
TKT-20260212-00153,2026-02-12,damaged,low,NOVA-AUD-02,North,5.9
TKT-20260212-00154,2026-02-12,late_delivery,low,NOVA-MOB-02,North,1.0
TKT-20260212-00155,2026-02-12,late_delivery,high,NOVA-WBL-01,North,5.4
TKT-20260212-00156,2026-02-12,other,high,,South,1.1
TKT-20260212-00157,2026-02-12,product_defect,medium,NOVA-AUD-02,East,
TKT-20260212-00158,2026-02-12,billing,medium,,East,6.9
TKT-20260212-00159,2026-02-12,late_delivery,low,NOVA-MOB-01,East,
TKT-20260212-00160,2026-02-12,other,high,,South,6.2
TKT-20260212-00161,2026-02-12,damaged,medium,NOVA-WBL-02,North,
TKT-20260212-00162,2026-02-12,late_delivery,low,NOVA-CPT-01,West,5.8
TKT-20260212-00163,2026-02-12,product_defect,low,NOVA-WBL-01,South,6.7
TKT-20260212-00164,2026-02-12,late_delivery,high,NOVA-MOB-02,West,1.4
TKT-20260213-00165,2026-02-13,product_defect,critical,NOVA-MOB-02,South,4.2
TKT-20260213-00166,2026-02-13,late_delivery,medium,NOVA-WBL-01,West,6.4
TKT-20260213-00167,2026-02-13,other,low,,South,3.9
TKT-20260213-00168,2026-02-13,late_delivery,high,NOVA-MOB-01,South,3.2
TKT-20260213-00169,2026-02-13,billing,medium,,North,3.6
TKT-20260213-00170,2026-02-13,wrong_item,low,NOVA-MOB-01,North,
TKT-20260213-00171,2026-02-13,damaged,medium,NOVA-WBL-01,North,6.3
TKT-20260213-00172,2026-02-13,late_delivery,low,NOVA-AUD-01,North,0.6
TKT-20260213-00173,2026-02-13,damaged,low,NOVA-CPT-02,West,1.5
TKT-20260213-00174,2026-02-13,late_delivery,low,NOVA-CPT-01,East,2.0
TKT-20260213-00175,2026-02-13,late_delivery,medium,NOVA-CPT-02,East,4.8
TKT-20260213-00176,2026-02-13,wrong_item,low,NOVA-CPT-02,North,3.6
TKT-20260213-00177,2026-02-13,billing,medium,,West,6.2
TKT-20260213-00178,2026-02-13,product_defect,high,NOVA-WBL-02,East,3.6
TKT-20260213-00179,2026-02-13,late_delivery,high,NOVA-MOB-02,South,5.1
TKT-20260213-00180,2026-02-13,damaged,medium,NOVA-CPT-01,East,5.9
TKT-20260214-00181,2026-02-14,late_delivery,low,NOVA-MOB-01,West,4.5
TKT-20260214-00182,2026-02-14,other,medium,,South,
TKT-20260214-00183,2026-02-14,damaged,low,NOVA-WBL-01,North,
TKT-20260214-00184,2026-02-14,wrong_item,low,NOVA-CPT-01,South,6.1
TKT-20260214-00185,2026-02-14,product_defect,medium,NOVA-CPT-01,South,2.3
TKT-20260214-00186,2026-02-14,damaged,low,NOVA-AUD-01,East,6.5
TKT-20260214-00187,2026-02-14,damaged,medium,NOVA-AUD-01,East,0.6
TKT-20260214-00188,2026-02-14,damaged,low,NOVA-AUD-02,South,5.9
TKT-20260214-00189,2026-02-14,other,high,,West,6.8
TKT-20260214-00190,2026-02-14,billing,high,,West,6.5
TKT-20260214-00191,2026-02-14,late_delivery,low,NOVA-MOB-02,North,5.7
TKT-20260215-00192,2026-02-15,other,medium,,South,3.6
TKT-20260215-00193,2026-02-15,damaged,low,NOVA-MOB-02,West,6.2
TKT-20260215-00194,2026-02-15,late_delivery,medium,NOVA-MOB-02,East,1.8
TKT-20260215-00195,2026-02-15,product_defect,low,NOVA-CPT-02,East,3.5
TKT-20260215-00196,2026-02-15,late_delivery,critical,NOVA-WBL-01,North,4.5
TKT-20260215-00197,2026-02-15,damaged,low,NOVA-MOB-01,East,1.2
TKT-20260215-00198,2026-02-15,other,medium,,South,6.1
TKT-20260215-00199,2026-02-15,billing,low,,West,0.9
TKT-20260215-00200,2026-02-15,product_defect,medium,NOVA-WBL-01,East,2.7
TKT-20260215-00201,2026-02-15,product_defect,low,NOVA-AUD-02,West,4.2
TKT-20260215-00202,2026-02-15,wrong_item,low,NOVA-AUD-01,South,5.7
TKT-20260215-00203,2026-02-15,product_defect,medium,NOVA-WBL-01,South,0.9
TKT-20260215-00204,2026-02-15,other,medium,,East,
TKT-20260215-00205,2026-02-15,wrong_item,high,NOVA-CPT-01,East,2.6
TKT-20260215-00206,2026-02-15,product_defect,critical,NOVA-MOB-01,North,3.2
TKT-20260215-00207,2026-02-15,late_delivery,low,NOVA-AUD-02,South,3.9
TKT-20260216-00208,2026-02-16,wrong_item,high,NOVA-MOB-02,North,6.0
TKT-20260216-00209,2026-02-16,billing,low,,South,0.7
TKT-20260216-00210,2026-02-16,wrong_item,high,NOVA-CPT-01,East,5.3
TKT-20260216-00211,2026-02-16,damaged,low,NOVA-CPT-02,West,3.7
TKT-20260216-00212,2026-02-16,late_delivery,low,NOVA-AUD-01,East,4.5
TKT-20260216-00213,2026-02-16,late_delivery,low,NOVA-CPT-02,West,6.2
TKT-20260216-00214,2026-02-16,product_defect,low,NOVA-MOB-01,West,2.1
TKT-20260216-00215,2026-02-16,product_defect,critical,NOVA-MOB-02,North,5.4
TKT-20260216-00216,2026-02-16,billing,low,,East,1.5
TKT-20260216-00217,2026-02-16,damaged,high,NOVA-WBL-01,North,2.8
TKT-20260216-00218,2026-02-16,product_defect,medium,NOVA-AUD-02,West,1.7
TKT-20260216-00219,2026-02-16,product_defect,medium,NOVA-AUD-01,West,
TKT-20260216-00220,2026-02-16,billing,medium,,East,3.1
TKT-20260216-00221,2026-02-16,product_defect,low,NOVA-AUD-02,South,
TKT-20260216-00222,2026-02-16,late_delivery,low,NOVA-MOB-02,West,5.7
TKT-20260217-00223,2026-02-17,late_delivery,medium,NOVA-WBL-01,North,4.0
TKT-20260217-00224,2026-02-17,late_delivery,high,NOVA-MOB-02,North,6.6
TKT-20260217-00225,2026-02-17,late_delivery,medium,NOVA-MOB-02,East,
TKT-20260217-00226,2026-02-17,wrong_item,medium,NOVA-AUD-02,West,1.2
TKT-20260217-00227,2026-02-17,late_delivery,low,NOVA-WBL-01,South,3.3
TKT-20260217-00228,2026-02-17,late_delivery,medium,NOVA-AUD-02,East,3.2
TKT-20260217-00229,2026-02-17,product_defect,low,NOVA-MOB-01,North,6.4
TKT-20260217-00230,2026-02-17,wrong_item,low,NOVA-CPT-01,West,5.4
TKT-20260217-00231,2026-02-17,wrong_item,low,NOVA-CPT-02,West,0.7
TKT-20260217-00232,2026-02-17,damaged,high,NOVA-MOB-01,West,1.3
TKT-20260217-00233,2026-02-17,late_delivery,medium,NOVA-WBL-01,South,0.5
TKT-20260217-00234,2026-02-17,late_delivery,medium,NOVA-WBL-02,East,2.0
TKT-20260217-00235,2026-02-17,other,medium,,North,2.1
TKT-20260217-00236,2026-02-17,wrong_item,medium,NOVA-AUD-01,East,2.9
TKT-20260217-00237,2026-02-17,product_defect,critical,NOVA-CPT-02,East,
TKT-20260218-00238,2026-02-18,late_delivery,medium,NOVA-AUD-02,East,
TKT-20260218-00239,2026-02-18,wrong_item,high,NOVA-CPT-02,West,4.2
TKT-20260218-00240,2026-02-18,late_delivery,low,NOVA-WBL-02,North,
TKT-20260218-00241,2026-02-18,late_delivery,low,NOVA-AUD-01,South,5.9
TKT-20260218-00242,2026-02-18,late_delivery,critical,NOVA-AUD-02,East,0.8
TKT-20260218-00243,2026-02-18,billing,medium,,South,
TKT-20260218-00244,2026-02-18,billing,low,,East,3.6
TKT-20260218-00245,2026-02-18,other,high,,East,0.7
TKT-20260218-00246,2026-02-18,late_delivery,high,NOVA-AUD-02,South,4.4
TKT-20260218-00247,2026-02-18,late_delivery,high,NOVA-MOB-02,South,4.2
TKT-20260218-00248,2026-02-18,damaged,medium,NOVA-WBL-02,North,2.6
TKT-20260219-00249,2026-02-19,damaged,medium,NOVA-CPT-01,North,2.2
TKT-20260219-00250,2026-02-19,wrong_item,low,NOVA-AUD-02,West,1.2
TKT-20260219-00251,2026-02-19,other,medium,,South,1.8
TKT-20260219-00252,2026-02-19,other,medium,,South,0.8
TKT-20260219-00253,2026-02-19,late_delivery,low,NOVA-CPT-01,East,1.2
TKT-20260219-00254,2026-02-19,other,low,,South,1.2
TKT-20260219-00255,2026-02-19,late_delivery,medium,NOVA-WBL-02,North,4.6
TKT-20260219-00256,2026-02-19,late_delivery,medium,NOVA-CPT-02,East,6.7
TKT-20260219-00257,2026-02-19,other,medium,,West,5.1
TKT-20260219-00258,2026-02-19,product_defect,high,NOVA-MOB-02,East,5.4
TKT-20260219-00259,2026-02-19,damaged,high,NOVA-AUD-02,West,3.8
TKT-20260219-00260,2026-02-19,billing,medium,,North,6.1
TKT-20260219-00261,2026-02-19,late_delivery,medium,NOVA-CPT-02,East,2.3
TKT-20260220-00262,2026-02-20,other,critical,,East,5.1
TKT-20260220-00263,2026-02-20,late_delivery,medium,NOVA-WBL-02,North,5.2
TKT-20260220-00264,2026-02-20,product_defect,high,NOVA-MOB-01,West,0.8
TKT-20260220-00265,2026-02-20,other,medium,,South,6.2
TKT-20260220-00266,2026-02-20,product_defect,low,NOVA-AUD-01,East,3.2
TKT-20260220-00267,2026-02-20,damaged,medium,NOVA-AUD-01,East,1.9
TKT-20260220-00268,2026-02-20,other,high,,North,0.7
TKT-20260220-00269,2026-02-20,damaged,medium,NOVA-WBL-02,East,5.6
TKT-20260220-00270,2026-02-20,late_delivery,medium,NOVA-CPT-01,East,2.9
TKT-20260220-00271,2026-02-20,billing,critical,,North,5.2
TKT-20260220-00272,2026-02-20,product_defect,low,NOVA-WBL-01,South,
TKT-20260220-00273,2026-02-20,other,medium,,East,1.3
TKT-20260220-00274,2026-02-20,other,low,,West,4.3
TKT-20260220-00275,2026-02-20,product_defect,medium,NOVA-CPT-01,South,3.3
TKT-20260221-00276,2026-02-21,late_delivery,high,NOVA-MOB-01,South,5.7
TKT-20260221-00277,2026-02-21,late_delivery,medium,NOVA-CPT-02,West,4.8
TKT-20260221-00278,2026-02-21,late_delivery,low,NOVA-AUD-01,North,6.0
TKT-20260221-00279,2026-02-21,billing,low,,North,2.1
TKT-20260221-00280,2026-02-21,wrong_item,medium,NOVA-MOB-02,East,4.0
TKT-20260221-00281,2026-02-21,late_delivery,medium,NOVA-AUD-01,South,4.4
TKT-20260221-00282,2026-02-21,late_delivery,low,NOVA-MOB-01,South,2.4
TKT-20260221-00283,2026-02-21,damaged,critical,NOVA-MOB-02,East,0.6
TKT-20260221-00284,2026-02-21,product_defect,low,NOVA-WBL-01,North,1.0
TKT-20260221-00285,2026-02-21,product_defect,low,NOVA-WBL-01,East,2.1
TKT-20260221-00286,2026-02-21,late_delivery,medium,NOVA-CPT-02,East,4.6
TKT-20260221-00287,2026-02-21,other,medium,,East,
TKT-20260222-00288,2026-02-22,late_delivery,low,NOVA-CPT-01,East,4.1
TKT-20260222-00289,2026-02-22,damaged,high,NOVA-CPT-01,West,6.2
TKT-20260222-00290,2026-02-22,damaged,high,NOVA-WBL-02,North,1.7
TKT-20260222-00291,2026-02-22,late_delivery,high,NOVA-AUD-01,East,1.7
TKT-20260222-00292,2026-02-22,late_delivery,low,NOVA-CPT-02,West,4.2
TKT-20260222-00293,2026-02-22,product_defect,medium,NOVA-MOB-02,West,4.5
TKT-20260222-00294,2026-02-22,late_delivery,critical,NOVA-MOB-02,South,1.8
TKT-20260222-00295,2026-02-22,billing,low,,East,6.4
TKT-20260222-00296,2026-02-22,late_delivery,medium,NOVA-CPT-02,East,2.3
TKT-20260222-00297,2026-02-22,damaged,low,NOVA-CPT-02,North,3.7
TKT-20260222-00298,2026-02-22,wrong_item,low,NOVA-MOB-01,South,
TKT-20260222-00299,2026-02-22,wrong_item,low,NOVA-WBL-02,North,3.6
TKT-20260222-00300,2026-02-22,late_delivery,low,NOVA-AUD-01,West,4.0
TKT-20260222-00301,2026-02-22,other,low,,North,4.6
TKT-20260223-00302,2026-02-23,late_delivery,medium,NOVA-WBL-02,South,6.2
TKT-20260223-00303,2026-02-23,damaged,high,NOVA-WBL-02,West,
TKT-20260223-00304,2026-02-23,product_defect,low,NOVA-WBL-02,South,
TKT-20260223-00305,2026-02-23,late_delivery,low,NOVA-AUD-02,East,3.5
TKT-20260223-00306,2026-02-23,product_defect,medium,NOVA-WBL-02,North,
TKT-20260223-00307,2026-02-23,late_delivery,low,NOVA-AUD-02,West,1.6
TKT-20260223-00308,2026-02-23,product_defect,high,NOVA-CPT-02,South,7.0
TKT-20260223-00309,2026-02-23,late_delivery,low,NOVA-MOB-01,North,5.0
TKT-20260223-00310,2026-02-23,damaged,medium,NOVA-AUD-02,East,0.7
TKT-20260223-00311,2026-02-23,wrong_item,medium,NOVA-CPT-01,North,2.6
TKT-20260223-00312,2026-02-23,other,low,,North,4.1
TKT-20260223-00313,2026-02-23,product_defect,critical,NOVA-CPT-01,South,5.2
TKT-20260223-00314,2026-02-23,damaged,medium,NOVA-AUD-02,East,2.8
TKT-20260224-00315,2026-02-24,late_delivery,low,NOVA-CPT-01,South,1.7
TKT-20260224-00316,2026-02-24,product_defect,high,NOVA-MOB-02,North,5.5
TKT-20260224-00317,2026-02-24,wrong_item,medium,NOVA-MOB-02,North,1.0
TKT-20260224-00318,2026-02-24,late_delivery,medium,NOVA-WBL-02,West,3.5
TKT-20260224-00319,2026-02-24,late_delivery,medium,NOVA-CPT-02,West,4.5
TKT-20260224-00320,2026-02-24,late_delivery,medium,NOVA-AUD-02,South,0.7
TKT-20260224-00321,2026-02-24,billing,low,,North,1.4
TKT-20260224-00322,2026-02-24,late_delivery,high,NOVA-MOB-01,East,1.8
TKT-20260224-00323,2026-02-24,product_defect,medium,NOVA-WBL-01,North,1.2
TKT-20260224-00324,2026-02-24,damaged,low,NOVA-MOB-02,South,
TKT-20260224-00325,2026-02-24,wrong_item,low,NOVA-CPT-02,North,2.6
TKT-20260224-00326,2026-02-24,late_delivery,medium,NOVA-MOB-02,South,5.4
TKT-20260224-00327,2026-02-24,other,high,,West,4.6
TKT-20260224-00328,2026-02-24,wrong_item,high,NOVA-AUD-02,South,0.7
TKT-20260224-00329,2026-02-24,late_delivery,medium,NOVA-WBL-02,East,1.0
TKT-20260225-00330,2026-02-25,late_delivery,medium,NOVA-AUD-02,North,2.5
TKT-20260225-00331,2026-02-25,wrong_item,critical,NOVA-WBL-01,South,0.6
TKT-20260225-00332,2026-02-25,billing,high,,North,3.1
TKT-20260225-00333,2026-02-25,late_delivery,low,NOVA-MOB-01,North,
TKT-20260225-00334,2026-02-25,late_delivery,low,NOVA-MOB-01,West,5.9
TKT-20260225-00335,2026-02-25,late_delivery,medium,NOVA-CPT-01,East,6.9
TKT-20260225-00336,2026-02-25,late_delivery,medium,NOVA-CPT-01,South,2.0
TKT-20260225-00337,2026-02-25,product_defect,high,NOVA-CPT-02,West,4.9
TKT-20260225-00338,2026-02-25,product_defect,low,NOVA-AUD-02,West,3.0
TKT-20260225-00339,2026-02-25,late_delivery,medium,NOVA-CPT-01,North,
TKT-20260225-00340,2026-02-25,damaged,medium,NOVA-MOB-01,North,4.7
TKT-20260225-00341,2026-02-25,other,low,,South,
TKT-20260225-00342,2026-02-25,billing,critical,,South,3.3
TKT-20260226-00343,2026-02-26,product_defect,low,NOVA-WBL-02,East,1.9
TKT-20260226-00344,2026-02-26,damaged,medium,NOVA-WBL-02,North,4.6
TKT-20260226-00345,2026-02-26,late_delivery,low,NOVA-AUD-02,South,3.4
TKT-20260226-00346,2026-02-26,late_delivery,low,NOVA-AUD-02,West,5.7
TKT-20260226-00347,2026-02-26,product_defect,medium,NOVA-CPT-02,South,2.5
TKT-20260226-00348,2026-02-26,late_delivery,critical,NOVA-WBL-01,East,
TKT-20260226-00349,2026-02-26,late_delivery,low,NOVA-AUD-01,West,6.6
TKT-20260226-00350,2026-02-26,billing,medium,,North,3.1
TKT-20260226-00351,2026-02-26,other,low,,West,0.7
TKT-20260226-00352,2026-02-26,damaged,medium,NOVA-AUD-01,North,0.9
TKT-20260226-00353,2026-02-26,product_defect,low,NOVA-CPT-01,West,0.6
TKT-20260227-00354,2026-02-27,damaged,medium,NOVA-WBL-01,North,3.2
TKT-20260227-00355,2026-02-27,late_delivery,high,NOVA-WBL-02,North,1.9
TKT-20260227-00356,2026-02-27,late_delivery,low,NOVA-WBL-01,North,6.3
TKT-20260227-00357,2026-02-27,other,high,,South,1.4
TKT-20260227-00358,2026-02-27,wrong_item,high,NOVA-AUD-02,South,2.5
TKT-20260227-00359,2026-02-27,late_delivery,low,NOVA-CPT-02,West,2.8
TKT-20260227-00360,2026-02-27,late_delivery,high,NOVA-MOB-02,South,2.7
TKT-20260227-00361,2026-02-27,other,low,,West,7.0
TKT-20260227-00362,2026-02-27,wrong_item,high,NOVA-CPT-01,North,4.2
TKT-20260227-00363,2026-02-27,billing,low,,West,6.6
TKT-20260227-00364,2026-02-27,late_delivery,low,NOVA-WBL-02,West,
TKT-20260227-00365,2026-02-27,late_delivery,medium,NOVA-MOB-01,East,4.4
TKT-20260227-00366,2026-02-27,wrong_item,low,NOVA-MOB-01,West,0.7
TKT-20260227-00367,2026-02-27,billing,low,,South,0.7
TKT-20260228-00368,2026-02-28,late_delivery,high,NOVA-WBL-01,East,5.0
TKT-20260228-00369,2026-02-28,wrong_item,medium,NOVA-CPT-02,North,
TKT-20260228-00370,2026-02-28,damaged,low,NOVA-WBL-02,South,5.3
TKT-20260228-00371,2026-02-28,late_delivery,medium,NOVA-CPT-02,East,4.8
TKT-20260228-00372,2026-02-28,late_delivery,low,NOVA-AUD-01,West,5.0
TKT-20260228-00373,2026-02-28,wrong_item,low,NOVA-CPT-01,West,1.9
TKT-20260228-00374,2026-02-28,other,high,,East,6.2
TKT-20260228-00375,2026-02-28,damaged,low,NOVA-AUD-01,East,6.4
TKT-20260228-00376,2026-02-28,late_delivery,low,NOVA-MOB-01,East,4.6
TKT-20260228-00377,2026-02-28,wrong_item,low,NOVA-AUD-01,North,
TKT-20260228-00378,2026-02-28,late_delivery,medium,NOVA-MOB-02,West,4.1
TKT-20260228-00379,2026-02-28,late_delivery,low,NOVA-WBL-01,West,
TKT-20260228-00380,2026-02-28,wrong_item,low,NOVA-MOB-02,East,
TKT-20260228-00381,2026-02-28,late_delivery,medium,NOVA-WBL-01,East,5.7
TKT-20260228-00382,2026-02-28,wrong_item,low,NOVA-AUD-02,South,3.7
TKT-20260301-00383,2026-03-01,late_delivery,medium,NOVA-AUD-02,North,
TKT-20260301-00384,2026-03-01,late_delivery,low,NOVA-AUD-01,South,2.2
TKT-20260301-00385,2026-03-01,damaged,high,NOVA-MOB-02,West,
TKT-20260301-00386,2026-03-01,product_defect,low,NOVA-CPT-01,South,6.4
TKT-20260301-00387,2026-03-01,product_defect,high,NOVA-MOB-01,North,1.8
TKT-20260301-00388,2026-03-01,product_defect,low,NOVA-MOB-01,North,5.4
TKT-20260301-00389,2026-03-01,wrong_item,high,NOVA-AUD-01,East,3.0
TKT-20260301-00390,2026-03-01,wrong_item,high,NOVA-MOB-02,North,2.9
TKT-20260301-00391,2026-03-01,damaged,low,NOVA-AUD-02,West,2.9
TKT-20260301-00392,2026-03-01,damaged,high,NOVA-MOB-02,East,4.0
TKT-20260301-00393,2026-03-01,late_delivery,low,NOVA-MOB-02,East,4.3
TKT-20260301-00394,2026-03-01,other,low,,North,5.5
TKT-20260301-00395,2026-03-01,product_defect,medium,NOVA-CPT-01,North,0.5
TKT-20260301-00396,2026-03-01,late_delivery,low,NOVA-CPT-02,West,6.1
TKT-20260302-00397,2026-03-02,damaged,low,NOVA-MOB-02,East,6.2
TKT-20260302-00398,2026-03-02,damaged,critical,NOVA-CPT-02,East,5.3
TKT-20260302-00399,2026-03-02,other,high,,North,5.0
TKT-20260302-00400,2026-03-02,other,high,,North,
TKT-20260302-00401,2026-03-02,damaged,medium,NOVA-CPT-02,South,
TKT-20260302-00402,2026-03-02,wrong_item,medium,NOVA-MOB-01,North,3.2
TKT-20260302-00403,2026-03-02,late_delivery,low,NOVA-MOB-01,North,2.8
TKT-20260302-00404,2026-03-02,wrong_item,medium,NOVA-WBL-01,East,1.0
TKT-20260302-00405,2026-03-02,late_delivery,low,NOVA-CPT-01,East,6.1
TKT-20260302-00406,2026-03-02,product_defect,low,NOVA-MOB-01,North,4.2
TKT-20260302-00407,2026-03-02,wrong_item,low,NOVA-WBL-01,North,0.5
TKT-20260302-00408,2026-03-02,late_delivery,low,NOVA-WBL-02,South,6.0
TKT-20260302-00409,2026-03-02,billing,high,,North,6.4
TKT-20260302-00410,2026-03-02,late_delivery,high,NOVA-MOB-01,South,
TKT-20260302-00411,2026-03-02,other,critical,,West,
TKT-20260302-00412,2026-03-02,billing,medium,,West,1.7
TKT-20260303-00413,2026-03-03,wrong_item,medium,NOVA-MOB-02,South,4.1
TKT-20260303-00414,2026-03-03,product_defect,low,NOVA-WBL-02,South,6.4
TKT-20260303-00415,2026-03-03,damaged,medium,NOVA-AUD-01,North,4.1
TKT-20260303-00416,2026-03-03,other,critical,,East,6.0
TKT-20260303-00417,2026-03-03,product_defect,low,NOVA-AUD-02,North,0.7
TKT-20260303-00418,2026-03-03,billing,medium,,East,1.0
TKT-20260303-00419,2026-03-03,product_defect,low,NOVA-AUD-02,North,3.0
TKT-20260303-00420,2026-03-03,other,low,,South,4.9
TKT-20260303-00421,2026-03-03,wrong_item,high,NOVA-CPT-01,West,1.3
TKT-20260303-00422,2026-03-03,late_delivery,medium,NOVA-CPT-01,East,3.6
TKT-20260303-00423,2026-03-03,late_delivery,high,NOVA-AUD-01,North,
TKT-20260303-00424,2026-03-03,product_defect,low,NOVA-MOB-01,North,4.8
TKT-20260303-00425,2026-03-03,wrong_item,medium,NOVA-WBL-02,East,1.2
TKT-20260303-00426,2026-03-03,damaged,high,NOVA-WBL-01,South,3.9
TKT-20260303-00427,2026-03-03,wrong_item,low,NOVA-AUD-01,West,5.9
TKT-20260303-00428,2026-03-03,wrong_item,low,NOVA-MOB-02,North,3.5
TKT-20260304-00429,2026-03-04,late_delivery,medium,NOVA-CPT-01,North,1.1
TKT-20260304-00430,2026-03-04,wrong_item,high,NOVA-WBL-02,West,4.1
TKT-20260304-00431,2026-03-04,late_delivery,high,NOVA-AUD-01,East,1.8
TKT-20260304-00432,2026-03-04,late_delivery,low,NOVA-MOB-01,North,3.4
TKT-20260304-00433,2026-03-04,product_defect,low,NOVA-WBL-01,South,0.6
TKT-20260304-00434,2026-03-04,wrong_item,medium,NOVA-WBL-02,North,7.0
TKT-20260304-00435,2026-03-04,product_defect,medium,NOVA-WBL-02,North,6.5
TKT-20260304-00436,2026-03-04,product_defect,low,NOVA-WBL-01,North,
TKT-20260304-00437,2026-03-04,damaged,low,NOVA-CPT-02,North,4.9
TKT-20260304-00438,2026-03-04,late_delivery,high,NOVA-AUD-01,North,3.2
TKT-20260304-00439,2026-03-04,late_delivery,medium,NOVA-MOB-02,West,5.7
TKT-20260304-00440,2026-03-04,late_delivery,critical,NOVA-MOB-01,West,1.2
TKT-20260304-00441,2026-03-04,damaged,low,NOVA-CPT-01,South,
TKT-20260304-00442,2026-03-04,wrong_item,medium,NOVA-MOB-02,North,5.5
TKT-20260305-00443,2026-03-05,late_delivery,medium,NOVA-CPT-02,North,1.7
TKT-20260305-00444,2026-03-05,wrong_item,medium,NOVA-AUD-02,East,
TKT-20260305-00445,2026-03-05,other,medium,,North,4.3
TKT-20260305-00446,2026-03-05,late_delivery,medium,NOVA-CPT-02,South,6.1
TKT-20260305-00447,2026-03-05,wrong_item,medium,NOVA-MOB-02,South,5.9
TKT-20260305-00448,2026-03-05,wrong_item,medium,NOVA-AUD-01,East,5.3
TKT-20260305-00449,2026-03-05,damaged,critical,NOVA-WBL-01,South,
TKT-20260305-00450,2026-03-05,wrong_item,high,NOVA-CPT-01,East,5.8
TKT-20260305-00451,2026-03-05,product_defect,critical,NOVA-AUD-01,North,1.3
TKT-20260305-00452,2026-03-05,late_delivery,low,NOVA-MOB-01,East,6.5
TKT-20260305-00453,2026-03-05,late_delivery,low,NOVA-MOB-01,West,
TKT-20260305-00454,2026-03-05,damaged,low,NOVA-CPT-02,East,3.9
TKT-20260306-00455,2026-03-06,late_delivery,low,NOVA-MOB-01,East,6.7
TKT-20260306-00456,2026-03-06,billing,medium,,South,0.6
TKT-20260306-00457,2026-03-06,billing,medium,,South,0.5
TKT-20260306-00458,2026-03-06,damaged,high,NOVA-WBL-02,East,6.2
TKT-20260306-00459,2026-03-06,other,low,,West,6.6
TKT-20260306-00460,2026-03-06,damaged,low,NOVA-WBL-01,East,4.7
TKT-20260306-00461,2026-03-06,damaged,medium,NOVA-MOB-02,North,3.7
TKT-20260306-00462,2026-03-06,other,low,,South,6.7
TKT-20260306-00463,2026-03-06,late_delivery,high,NOVA-WBL-02,North,
TKT-20260306-00464,2026-03-06,product_defect,low,NOVA-MOB-01,West,1.2
TKT-20260306-00465,2026-03-06,late_delivery,low,NOVA-CPT-01,East,4.5
TKT-20260306-00466,2026-03-06,product_defect,critical,NOVA-MOB-01,East,6.9
TKT-20260306-00467,2026-03-06,other,low,,East,2.1
TKT-20260306-00468,2026-03-06,late_delivery,medium,NOVA-MOB-02,West,5.7
TKT-20260306-00469,2026-03-06,wrong_item,low,NOVA-WBL-01,West,5.8
TKT-20260307-00470,2026-03-07,product_defect,medium,NOVA-MOB-01,East,1.9
TKT-20260307-00471,2026-03-07,other,medium,,North,7.0
TKT-20260307-00472,2026-03-07,late_delivery,high,NOVA-WBL-02,North,5.4
TKT-20260307-00473,2026-03-07,product_defect,medium,NOVA-MOB-02,North,
TKT-20260307-00474,2026-03-07,billing,medium,,North,
TKT-20260307-00475,2026-03-07,late_delivery,low,NOVA-AUD-02,East,7.0
TKT-20260307-00476,2026-03-07,late_delivery,medium,NOVA-WBL-02,South,
TKT-20260307-00477,2026-03-07,product_defect,high,NOVA-MOB-01,North,2.7
TKT-20260307-00478,2026-03-07,damaged,low,NOVA-AUD-01,West,3.0
TKT-20260307-00479,2026-03-07,billing,low,,North,1.9
TKT-20260307-00480,2026-03-07,product_defect,medium,NOVA-AUD-01,East,1.2
TKT-20260307-00481,2026-03-07,late_delivery,low,NOVA-CPT-01,West,5.1
TKT-20260307-00482,2026-03-07,late_delivery,high,NOVA-MOB-02,East,2.0
TKT-20260307-00483,2026-03-07,other,low,,North,2.8
TKT-20260308-00484,2026-03-08,late_delivery,low,NOVA-AUD-02,East,4.0
TKT-20260308-00485,2026-03-08,late_delivery,low,NOVA-CPT-02,East,2.1
TKT-20260308-00486,2026-03-08,product_defect,low,NOVA-AUD-01,South,6.6
TKT-20260308-00487,2026-03-08,damaged,low,NOVA-MOB-02,South,0.8
TKT-20260308-00488,2026-03-08,billing,low,,South,
TKT-20260308-00489,2026-03-08,late_delivery,high,NOVA-CPT-01,South,3.7
TKT-20260308-00490,2026-03-08,late_delivery,high,NOVA-WBL-01,East,3.4
TKT-20260308-00491,2026-03-08,late_delivery,high,NOVA-CPT-02,West,4.1
TKT-20260308-00492,2026-03-08,wrong_item,medium,NOVA-WBL-02,East,1.9
TKT-20260308-00493,2026-03-08,product_defect,medium,NOVA-MOB-01,North,0.6
TKT-20260308-00494,2026-03-08,product_defect,medium,NOVA-MOB-02,North,4.4
TKT-20260308-00495,2026-03-08,late_delivery,high,NOVA-MOB-02,East,5.5
TKT-20260308-00496,2026-03-08,product_defect,low,NOVA-CPT-01,North,0.7
TKT-20260308-00497,2026-03-08,wrong_item,medium,NOVA-WBL-02,North,5.9
TKT-20260308-00498,2026-03-08,wrong_item,low,NOVA-WBL-01,South,6.4
TKT-20260309-00499,2026-03-09,billing,medium,,North,6.9
TKT-20260309-00500,2026-03-09,late_delivery,low,NOVA-AUD-02,North,
TKT-20260309-00501,2026-03-09,late_delivery,medium,NOVA-AUD-01,West,0.5
TKT-20260309-00502,2026-03-09,late_delivery,high,NOVA-CPT-02,North,5.7
TKT-20260309-00503,2026-03-09,product_defect,low,NOVA-CPT-01,West,
TKT-20260309-00504,2026-03-09,late_delivery,high,NOVA-CPT-02,West,2.8
TKT-20260309-00505,2026-03-09,late_delivery,high,NOVA-CPT-02,West,
TKT-20260309-00506,2026-03-09,product_defect,medium,NOVA-MOB-02,East,2.1
TKT-20260309-00507,2026-03-09,wrong_item,low,NOVA-CPT-02,East,
TKT-20260309-00508,2026-03-09,product_defect,medium,NOVA-WBL-02,East,2.6
TKT-20260309-00509,2026-03-09,damaged,low,NOVA-CPT-02,South,1.2
TKT-20260309-00510,2026-03-09,wrong_item,high,NOVA-MOB-01,East,3.8
TKT-20260309-00511,2026-03-09,other,medium,,West,5.9
TKT-20260309-00512,2026-03-09,damaged,low,NOVA-WBL-02,North,5.0
TKT-20260309-00513,2026-03-09,wrong_item,medium,NOVA-MOB-01,West,4.9
TKT-20260310-00514,2026-03-10,product_defect,low,NOVA-MOB-02,West,0.7
TKT-20260310-00515,2026-03-10,other,low,,North,5.5
TKT-20260310-00516,2026-03-10,damaged,medium,NOVA-AUD-01,South,4.2
TKT-20260310-00517,2026-03-10,damaged,medium,NOVA-MOB-01,West,3.0
TKT-20260310-00518,2026-03-10,billing,medium,,West,3.8
TKT-20260310-00519,2026-03-10,late_delivery,low,NOVA-WBL-01,North,
TKT-20260310-00520,2026-03-10,late_delivery,low,NOVA-AUD-02,South,4.8
TKT-20260310-00521,2026-03-10,product_defect,medium,NOVA-AUD-02,South,3.2
TKT-20260310-00522,2026-03-10,wrong_item,medium,NOVA-CPT-01,East,
TKT-20260310-00523,2026-03-10,product_defect,high,NOVA-MOB-02,West,5.8
TKT-20260310-00524,2026-03-10,late_delivery,critical,NOVA-WBL-01,North,5.2
TKT-20260310-00525,2026-03-10,other,low,,East,3.5
TKT-20260310-00526,2026-03-10,late_delivery,critical,NOVA-AUD-02,South,
TKT-20260310-00527,2026-03-10,damaged,low,NOVA-CPT-01,East,
TKT-20260311-00528,2026-03-11,wrong_item,low,NOVA-CPT-02,West,4.7
TKT-20260311-00529,2026-03-11,other,medium,,East,
TKT-20260311-00530,2026-03-11,product_defect,low,NOVA-AUD-02,East,5.8
TKT-20260311-00531,2026-03-11,late_delivery,medium,NOVA-CPT-02,South,
TKT-20260311-00532,2026-03-11,other,high,,North,
TKT-20260311-00533,2026-03-11,other,medium,,West,
TKT-20260311-00534,2026-03-11,product_defect,low,NOVA-AUD-01,East,0.7
TKT-20260311-00535,2026-03-11,product_defect,low,NOVA-CPT-01,West,5.2
TKT-20260311-00536,2026-03-11,late_delivery,high,NOVA-WBL-02,West,
TKT-20260311-00537,2026-03-11,late_delivery,low,NOVA-AUD-02,North,6.5
TKT-20260311-00538,2026-03-11,product_defect,low,NOVA-WBL-02,North,5.4
TKT-20260311-00539,2026-03-11,product_defect,low,NOVA-CPT-02,South,2.9
TKT-20260311-00540,2026-03-11,late_delivery,critical,NOVA-MOB-02,North,4.3
TKT-20260311-00541,2026-03-11,product_defect,low,NOVA-CPT-02,West,6.8
TKT-20260311-00542,2026-03-11,damaged,low,NOVA-WBL-02,North,3.0
TKT-20260311-00543,2026-03-11,wrong_item,low,NOVA-MOB-01,East,1.7
TKT-20260312-00544,2026-03-12,wrong_item,medium,NOVA-WBL-02,North,4.2
TKT-20260312-00545,2026-03-12,wrong_item,medium,NOVA-MOB-02,North,3.2
TKT-20260312-00546,2026-03-12,wrong_item,medium,NOVA-MOB-01,North,5.8
TKT-20260312-00547,2026-03-12,wrong_item,medium,NOVA-CPT-01,West,6.7
TKT-20260312-00548,2026-03-12,product_defect,low,NOVA-CPT-02,South,4.4
TKT-20260312-00549,2026-03-12,damaged,high,NOVA-WBL-02,South,
TKT-20260312-00550,2026-03-12,late_delivery,medium,NOVA-MOB-02,East,3.1
TKT-20260312-00551,2026-03-12,product_defect,low,NOVA-WBL-01,West,2.5
TKT-20260312-00552,2026-03-12,late_delivery,low,NOVA-WBL-02,South,4.2
TKT-20260312-00553,2026-03-12,other,low,,East,4.5
TKT-20260312-00554,2026-03-12,late_delivery,low,NOVA-WBL-02,South,6.5
TKT-20260312-00555,2026-03-12,late_delivery,high,NOVA-MOB-01,West,0.7
TKT-20260312-00556,2026-03-12,product_defect,low,NOVA-CPT-02,North,6.0
TKT-20260312-00557,2026-03-12,late_delivery,medium,NOVA-WBL-02,North,2.6
TKT-20260313-00558,2026-03-13,late_delivery,medium,NOVA-CPT-02,West,1.9
TKT-20260313-00559,2026-03-13,billing,low,,South,
TKT-20260313-00560,2026-03-13,other,low,,East,4.5
TKT-20260313-00561,2026-03-13,late_delivery,low,NOVA-WBL-02,East,1.2
TKT-20260313-00562,2026-03-13,product_defect,low,NOVA-CPT-01,West,
TKT-20260313-00563,2026-03-13,billing,medium,,West,3.9
TKT-20260313-00564,2026-03-13,other,high,,North,
TKT-20260313-00565,2026-03-13,damaged,medium,NOVA-AUD-01,West,4.7
TKT-20260313-00566,2026-03-13,late_delivery,low,NOVA-CPT-01,North,3.2
TKT-20260313-00567,2026-03-13,product_defect,high,NOVA-WBL-02,North,5.4
TKT-20260313-00568,2026-03-13,damaged,low,NOVA-WBL-01,North,
TKT-20260313-00569,2026-03-13,damaged,high,NOVA-WBL-02,West,7.0
TKT-20260313-00570,2026-03-13,late_delivery,medium,NOVA-CPT-01,East,3.9
TKT-20260314-00571,2026-03-14,late_delivery,high,NOVA-WBL-01,West,0.6
TKT-20260314-00572,2026-03-14,late_delivery,high,NOVA-AUD-02,North,1.9
TKT-20260314-00573,2026-03-14,product_defect,high,NOVA-CPT-01,East,6.1
TKT-20260314-00574,2026-03-14,billing,medium,,West,1.7
TKT-20260314-00575,2026-03-14,damaged,medium,NOVA-MOB-01,North,3.8
TKT-20260314-00576,2026-03-14,late_delivery,low,NOVA-WBL-01,South,
TKT-20260314-00577,2026-03-14,late_delivery,low,NOVA-CPT-02,North,2.4
TKT-20260314-00578,2026-03-14,late_delivery,medium,NOVA-CPT-01,East,6.4
TKT-20260314-00579,2026-03-14,late_delivery,medium,NOVA-AUD-01,South,6.6
TKT-20260314-00580,2026-03-14,late_delivery,medium,NOVA-CPT-02,South,4.9
TKT-20260314-00581,2026-03-14,late_delivery,low,NOVA-AUD-02,East,5.9
TKT-20260314-00582,2026-03-14,other,medium,,North,4.0
TKT-20260314-00583,2026-03-14,damaged,low,NOVA-MOB-02,North,3.5
TKT-20260314-00584,2026-03-14,other,medium,,West,3.0
TKT-20260314-00585,2026-03-14,product_defect,low,NOVA-CPT-01,South,4.9
TKT-20260315-00586,2026-03-15,billing,medium,,North,6.3
TKT-20260315-00587,2026-03-15,product_defect,medium,NOVA-AUD-02,West,4.5
TKT-20260315-00588,2026-03-15,product_defect,medium,NOVA-WBL-01,East,4.8
TKT-20260315-00589,2026-03-15,product_defect,critical,NOVA-MOB-02,South,3.9
TKT-20260315-00590,2026-03-15,billing,high,,North,1.7
TKT-20260315-00591,2026-03-15,late_delivery,low,NOVA-WBL-02,South,0.7
TKT-20260315-00592,2026-03-15,product_defect,critical,NOVA-CPT-02,West,3.3
TKT-20260315-00593,2026-03-15,billing,low,,East,5.2
TKT-20260315-00594,2026-03-15,late_delivery,medium,NOVA-MOB-02,South,5.3
TKT-20260315-00595,2026-03-15,late_delivery,critical,NOVA-CPT-01,South,
TKT-20260315-00596,2026-03-15,late_delivery,medium,NOVA-AUD-02,East,4.0
TKT-20260315-00597,2026-03-15,billing,medium,,South,
TKT-20260315-00598,2026-03-15,damaged,medium,NOVA-CPT-01,West,4.7
TKT-20260316-00599,2026-03-16,billing,medium,,North,6.6
TKT-20260316-00600,2026-03-16,damaged,high,NOVA-AUD-01,North,2.6
TKT-20260316-00601,2026-03-16,product_defect,low,NOVA-AUD-01,East,1.5
TKT-20260316-00602,2026-03-16,other,low,,West,5.8
TKT-20260316-00603,2026-03-16,late_delivery,low,NOVA-WBL-02,West,
TKT-20260316-00604,2026-03-16,billing,low,,South,
TKT-20260316-00605,2026-03-16,product_defect,medium,NOVA-AUD-02,South,2.5
TKT-20260316-00606,2026-03-16,wrong_item,low,NOVA-CPT-01,West,0.5
TKT-20260316-00607,2026-03-16,wrong_item,medium,NOVA-WBL-01,South,5.4
TKT-20260316-00608,2026-03-16,late_delivery,low,NOVA-CPT-02,East,
TKT-20260316-00609,2026-03-16,billing,low,,West,6.5
TKT-20260316-00610,2026-03-16,damaged,low,NOVA-CPT-01,East,1.2
TKT-20260316-00611,2026-03-16,late_delivery,medium,NOVA-WBL-02,North,2.1
TKT-20260316-00612,2026-03-16,billing,low,,East,3.0
TKT-20260316-00613,2026-03-16,product_defect,low,NOVA-AUD-01,West,
TKT-20260316-00614,2026-03-16,damaged,critical,NOVA-CPT-01,South,4.7
TKT-20260317-00615,2026-03-17,damaged,high,NOVA-CPT-02,North,0.7
TKT-20260317-00616,2026-03-17,other,low,,West,0.8
TKT-20260317-00617,2026-03-17,other,medium,,South,6.2
TKT-20260317-00618,2026-03-17,product_defect,low,NOVA-MOB-01,North,3.5
TKT-20260317-00619,2026-03-17,damaged,low,NOVA-AUD-02,West,4.6
TKT-20260317-00620,2026-03-17,late_delivery,low,NOVA-CPT-01,East,3.9
TKT-20260317-00621,2026-03-17,wrong_item,medium,NOVA-AUD-01,West,
TKT-20260317-00622,2026-03-17,wrong_item,low,NOVA-WBL-02,South,1.4
TKT-20260317-00623,2026-03-17,product_defect,medium,NOVA-AUD-01,South,5.9
TKT-20260317-00624,2026-03-17,product_defect,low,NOVA-MOB-02,North,3.1
TKT-20260317-00625,2026-03-17,billing,critical,,West,6.7
TKT-20260317-00626,2026-03-17,late_delivery,high,NOVA-WBL-01,West,6.5
TKT-20260317-00627,2026-03-17,wrong_item,medium,NOVA-AUD-02,West,6.3
TKT-20260317-00628,2026-03-17,product_defect,medium,NOVA-CPT-02,South,4.1
TKT-20260317-00629,2026-03-17,product_defect,low,NOVA-CPT-01,East,6.1
TKT-20260317-00630,2026-03-17,wrong_item,high,NOVA-MOB-02,East,5.8
TKT-20260318-00631,2026-03-18,product_defect,medium,NOVA-WBL-01,North,4.9
TKT-20260318-00632,2026-03-18,late_delivery,medium,NOVA-CPT-01,North,
TKT-20260318-00633,2026-03-18,other,low,,West,4.3
TKT-20260318-00634,2026-03-18,late_delivery,medium,NOVA-MOB-02,South,1.4
TKT-20260318-00635,2026-03-18,damaged,high,NOVA-MOB-01,East,3.8
TKT-20260318-00636,2026-03-18,product_defect,high,NOVA-MOB-02,East,5.4
TKT-20260318-00637,2026-03-18,late_delivery,medium,NOVA-WBL-02,West,6.5
TKT-20260318-00638,2026-03-18,wrong_item,low,NOVA-WBL-01,South,3.0
TKT-20260318-00639,2026-03-18,wrong_item,low,NOVA-MOB-01,South,4.4
TKT-20260318-00640,2026-03-18,late_delivery,critical,NOVA-MOB-02,East,2.6
TKT-20260318-00641,2026-03-18,late_delivery,high,NOVA-AUD-01,East,1.9
TKT-20260318-00642,2026-03-18,wrong_item,critical,NOVA-AUD-01,West,6.9
TKT-20260318-00643,2026-03-18,product_defect,high,NOVA-CPT-02,North,4.0
TKT-20260319-00644,2026-03-19,damaged,medium,NOVA-WBL-02,North,5.9
TKT-20260319-00645,2026-03-19,late_delivery,medium,NOVA-AUD-02,North,
TKT-20260319-00646,2026-03-19,product_defect,medium,NOVA-CPT-02,South,3.3
TKT-20260319-00647,2026-03-19,other,medium,,East,4.0
TKT-20260319-00648,2026-03-19,damaged,low,NOVA-CPT-02,West,2.3
TKT-20260319-00649,2026-03-19,damaged,low,NOVA-WBL-02,South,5.9
TKT-20260319-00650,2026-03-19,damaged,high,NOVA-WBL-02,East,1.0
TKT-20260319-00651,2026-03-19,damaged,low,NOVA-WBL-01,South,3.6
TKT-20260319-00652,2026-03-19,damaged,low,NOVA-MOB-02,South,6.7
TKT-20260319-00653,2026-03-19,late_delivery,low,NOVA-AUD-02,West,
TKT-20260319-00654,2026-03-19,damaged,high,NOVA-WBL-01,South,6.8
TKT-20260319-00655,2026-03-19,wrong_item,low,NOVA-WBL-02,South,1.6
TKT-20260319-00656,2026-03-19,late_delivery,critical,NOVA-WBL-01,East,2.1
TKT-20260319-00657,2026-03-19,billing,medium,,South,4.6
TKT-20260320-00658,2026-03-20,wrong_item,low,NOVA-WBL-02,South,4.5
TKT-20260320-00659,2026-03-20,billing,medium,,East,1.4
TKT-20260320-00660,2026-03-20,late_delivery,low,NOVA-MOB-01,West,1.8
TKT-20260320-00661,2026-03-20,wrong_item,critical,NOVA-MOB-01,South,6.2
TKT-20260320-00662,2026-03-20,damaged,medium,NOVA-CPT-02,North,1.3
TKT-20260320-00663,2026-03-20,other,medium,,South,3.1
TKT-20260320-00664,2026-03-20,late_delivery,low,NOVA-AUD-01,North,4.1
TKT-20260320-00665,2026-03-20,product_defect,medium,NOVA-AUD-01,East,5.4
TKT-20260320-00666,2026-03-20,wrong_item,medium,NOVA-CPT-02,South,5.5
TKT-20260320-00667,2026-03-20,wrong_item,high,NOVA-AUD-02,North,0.8
TKT-20260320-00668,2026-03-20,product_defect,medium,NOVA-MOB-02,East,6.4
TKT-20260320-00669,2026-03-20,wrong_item,low,NOVA-MOB-02,South,
TKT-20260320-00670,2026-03-20,other,low,,East,0.6
TKT-20260320-00671,2026-03-20,billing,medium,,South,1.6
TKT-20260320-00672,2026-03-20,product_defect,medium,NOVA-WBL-01,North,
TKT-20260321-00673,2026-03-21,damaged,low,NOVA-CPT-02,North,0.7
TKT-20260321-00674,2026-03-21,product_defect,low,NOVA-CPT-02,North,4.8
TKT-20260321-00675,2026-03-21,late_delivery,low,NOVA-WBL-02,West,0.9
TKT-20260321-00676,2026-03-21,late_delivery,low,NOVA-CPT-02,West,2.9
TKT-20260321-00677,2026-03-21,billing,low,,East,4.3
TKT-20260321-00678,2026-03-21,other,low,,South,4.4
TKT-20260321-00679,2026-03-21,late_delivery,low,NOVA-CPT-02,South,5.7
TKT-20260321-00680,2026-03-21,billing,low,,North,1.6
TKT-20260321-00681,2026-03-21,product_defect,high,NOVA-CPT-01,North,
TKT-20260321-00682,2026-03-21,late_delivery,medium,NOVA-MOB-02,North,
TKT-20260321-00683,2026-03-21,wrong_item,low,NOVA-MOB-01,North,3.2
TKT-20260321-00684,2026-03-21,damaged,high,NOVA-WBL-02,West,3.7
TKT-20260321-00685,2026-03-21,billing,low,,East,1.2
TKT-20260321-00686,2026-03-21,product_defect,high,NOVA-WBL-02,West,0.6
TKT-20260322-00687,2026-03-22,damaged,medium,NOVA-WBL-01,South,1.8
TKT-20260322-00688,2026-03-22,other,low,,East,2.8
TKT-20260322-00689,2026-03-22,product_defect,medium,NOVA-MOB-02,South,4.9
TKT-20260322-00690,2026-03-22,damaged,critical,NOVA-AUD-01,North,3.1
TKT-20260322-00691,2026-03-22,late_delivery,low,NOVA-WBL-02,East,3.2
TKT-20260322-00692,2026-03-22,late_delivery,low,NOVA-CPT-02,North,5.7
TKT-20260322-00693,2026-03-22,wrong_item,high,NOVA-WBL-02,East,2.4
TKT-20260322-00694,2026-03-22,product_defect,medium,NOVA-WBL-02,East,5.8
TKT-20260322-00695,2026-03-22,late_delivery,high,NOVA-MOB-02,North,4.7
TKT-20260322-00696,2026-03-22,product_defect,high,NOVA-AUD-01,North,1.7
TKT-20260322-00697,2026-03-22,late_delivery,high,NOVA-MOB-01,West,4.6
TKT-20260322-00698,2026-03-22,wrong_item,low,NOVA-CPT-01,East,
TKT-20260322-00699,2026-03-22,billing,low,,West,
TKT-20260322-00700,2026-03-22,product_defect,medium,NOVA-CPT-01,West,5.6
TKT-20260322-00701,2026-03-22,wrong_item,medium,NOVA-CPT-02,East,5.3
TKT-20260323-00702,2026-03-23,billing,medium,,North,0.9
TKT-20260323-00703,2026-03-23,product_defect,low,NOVA-MOB-01,West,
TKT-20260323-00704,2026-03-23,damaged,low,NOVA-MOB-01,North,5.3
TKT-20260323-00705,2026-03-23,late_delivery,low,NOVA-MOB-02,West,0.7
TKT-20260323-00706,2026-03-23,late_delivery,low,NOVA-MOB-01,East,1.7
TKT-20260323-00707,2026-03-23,product_defect,medium,NOVA-AUD-01,East,3.7
TKT-20260323-00708,2026-03-23,late_delivery,low,NOVA-WBL-02,South,
TKT-20260323-00709,2026-03-23,product_defect,low,NOVA-CPT-02,South,3.8
TKT-20260323-00710,2026-03-23,wrong_item,medium,NOVA-MOB-01,North,1.3
TKT-20260323-00711,2026-03-23,late_delivery,medium,NOVA-CPT-01,North,0.5
TKT-20260323-00712,2026-03-23,late_delivery,low,NOVA-WBL-01,North,2.0
TKT-20260323-00713,2026-03-23,late_delivery,medium,NOVA-WBL-02,South,5.5
TKT-20260323-00714,2026-03-23,late_delivery,low,NOVA-MOB-02,East,3.7
TKT-20260323-00715,2026-03-23,product_defect,medium,NOVA-AUD-02,North,2.3
TKT-20260324-00716,2026-03-24,late_delivery,medium,NOVA-WBL-01,East,5.7
TKT-20260324-00717,2026-03-24,late_delivery,high,NOVA-AUD-01,North,4.1
TKT-20260324-00718,2026-03-24,billing,low,,West,5.1
TKT-20260324-00719,2026-03-24,late_delivery,high,NOVA-AUD-02,East,6.3
TKT-20260324-00720,2026-03-24,product_defect,medium,NOVA-CPT-01,North,4.6
TKT-20260324-00721,2026-03-24,product_defect,high,NOVA-CPT-02,South,0.6
TKT-20260324-00722,2026-03-24,billing,high,,North,0.8
TKT-20260324-00723,2026-03-24,product_defect,medium,NOVA-WBL-01,North,6.0
TKT-20260324-00724,2026-03-24,wrong_item,low,NOVA-CPT-02,South,2.2
TKT-20260324-00725,2026-03-24,other,high,,North,6.6
TKT-20260324-00726,2026-03-24,damaged,low,NOVA-CPT-02,East,4.1
TKT-20260324-00727,2026-03-24,product_defect,medium,NOVA-CPT-01,North,6.0
TKT-20260324-00728,2026-03-24,damaged,low,NOVA-AUD-02,South,0.8
TKT-20260324-00729,2026-03-24,wrong_item,low,NOVA-CPT-02,East,5.1
TKT-20260324-00730,2026-03-24,wrong_item,low,NOVA-CPT-01,East,1.7
TKT-20260324-00731,2026-03-24,wrong_item,low,NOVA-AUD-02,South,3.4
TKT-20260325-00732,2026-03-25,product_defect,low,NOVA-CPT-02,West,1.4
TKT-20260325-00733,2026-03-25,late_delivery,medium,NOVA-CPT-01,South,1.7
TKT-20260325-00734,2026-03-25,late_delivery,low,NOVA-CPT-01,West,3.0
TKT-20260325-00735,2026-03-25,wrong_item,low,NOVA-WBL-01,North,2.4
TKT-20260325-00736,2026-03-25,late_delivery,medium,NOVA-AUD-01,South,2.5
TKT-20260325-00737,2026-03-25,damaged,low,NOVA-MOB-01,South,3.8
TKT-20260325-00738,2026-03-25,other,low,,East,5.4
TKT-20260325-00739,2026-03-25,late_delivery,medium,NOVA-CPT-01,East,1.4
TKT-20260325-00740,2026-03-25,late_delivery,critical,NOVA-WBL-01,East,6.4
TKT-20260325-00741,2026-03-25,other,low,,East,6.8
TKT-20260325-00742,2026-03-25,late_delivery,low,NOVA-CPT-01,South,2.6
TKT-20260325-00743,2026-03-25,late_delivery,low,NOVA-CPT-01,West,1.4
TKT-20260325-00744,2026-03-25,wrong_item,critical,NOVA-WBL-01,East,
TKT-20260325-00745,2026-03-25,product_defect,low,NOVA-AUD-02,South,5.5
TKT-20260325-00746,2026-03-25,late_delivery,low,NOVA-AUD-02,East,3.9
TKT-20260326-00747,2026-03-26,product_defect,medium,NOVA-WBL-01,South,3.5
TKT-20260326-00748,2026-03-26,billing,medium,,East,2.0
TKT-20260326-00749,2026-03-26,damaged,high,NOVA-CPT-02,South,6.5
TKT-20260326-00750,2026-03-26,product_defect,high,NOVA-WBL-02,East,3.9
TKT-20260326-00751,2026-03-26,late_delivery,medium,NOVA-AUD-01,West,3.6
TKT-20260326-00752,2026-03-26,damaged,medium,NOVA-WBL-02,North,5.5
TKT-20260326-00753,2026-03-26,product_defect,low,NOVA-WBL-01,East,
TKT-20260326-00754,2026-03-26,wrong_item,low,NOVA-MOB-02,South,
TKT-20260326-00755,2026-03-26,billing,low,,East,1.6
TKT-20260326-00756,2026-03-26,billing,low,,West,
TKT-20260326-00757,2026-03-26,late_delivery,critical,NOVA-CPT-02,East,5.3
TKT-20260326-00758,2026-03-26,late_delivery,medium,NOVA-MOB-01,North,5.3
TKT-20260327-00759,2026-03-27,late_delivery,high,NOVA-CPT-01,East,
TKT-20260327-00760,2026-03-27,late_delivery,high,NOVA-MOB-01,South,6.7
TKT-20260327-00761,2026-03-27,late_delivery,high,NOVA-AUD-02,North,4.0
TKT-20260327-00762,2026-03-27,late_delivery,low,NOVA-WBL-01,West,5.5
TKT-20260327-00763,2026-03-27,late_delivery,low,NOVA-AUD-02,North,5.5
TKT-20260327-00764,2026-03-27,wrong_item,low,NOVA-MOB-01,East,2.3
TKT-20260327-00765,2026-03-27,late_delivery,medium,NOVA-CPT-02,West,6.9
TKT-20260327-00766,2026-03-27,wrong_item,medium,NOVA-WBL-02,South,1.0
TKT-20260327-00767,2026-03-27,damaged,medium,NOVA-CPT-01,North,4.5
TKT-20260327-00768,2026-03-27,wrong_item,high,NOVA-AUD-01,North,2.5
TKT-20260327-00769,2026-03-27,late_delivery,low,NOVA-WBL-02,West,6.8
TKT-20260327-00770,2026-03-27,other,low,,East,
TKT-20260327-00771,2026-03-27,billing,medium,,North,2.5
TKT-20260327-00772,2026-03-27,billing,low,,North,3.6
TKT-20260327-00773,2026-03-27,late_delivery,low,NOVA-AUD-01,East,6.4
TKT-20260328-00774,2026-03-28,product_defect,medium,NOVA-CPT-01,North,
TKT-20260328-00775,2026-03-28,late_delivery,low,NOVA-WBL-02,North,5.8
TKT-20260328-00776,2026-03-28,product_defect,low,NOVA-WBL-01,East,
TKT-20260328-00777,2026-03-28,wrong_item,medium,NOVA-WBL-01,North,4.6
TKT-20260328-00778,2026-03-28,late_delivery,low,NOVA-CPT-02,South,5.5
TKT-20260328-00779,2026-03-28,wrong_item,critical,NOVA-CPT-02,North,5.4
TKT-20260328-00780,2026-03-28,billing,medium,,South,4.6
TKT-20260328-00781,2026-03-28,late_delivery,critical,NOVA-WBL-02,West,1.0
TKT-20260328-00782,2026-03-28,billing,high,,South,2.4
TKT-20260328-00783,2026-03-28,other,low,,West,
TKT-20260328-00784,2026-03-28,late_delivery,critical,NOVA-AUD-01,South,2.6
TKT-20260328-00785,2026-03-28,wrong_item,high,NOVA-MOB-02,West,4.8
TKT-20260329-00786,2026-03-29,late_delivery,medium,NOVA-AUD-02,North,
TKT-20260329-00787,2026-03-29,late_delivery,high,NOVA-AUD-02,South,2.7
TKT-20260329-00788,2026-03-29,late_delivery,medium,NOVA-WBL-01,South,2.2
TKT-20260329-00789,2026-03-29,product_defect,medium,NOVA-AUD-01,East,3.4
TKT-20260329-00790,2026-03-29,product_defect,medium,NOVA-CPT-01,West,5.3
TKT-20260329-00791,2026-03-29,wrong_item,low,NOVA-CPT-01,North,2.8
TKT-20260329-00792,2026-03-29,wrong_item,low,NOVA-CPT-02,North,2.4
TKT-20260329-00793,2026-03-29,other,low,,East,6.0
TKT-20260329-00794,2026-03-29,late_delivery,medium,NOVA-MOB-02,West,1.4
TKT-20260329-00795,2026-03-29,late_delivery,low,NOVA-AUD-01,West,1.2
TKT-20260329-00796,2026-03-29,wrong_item,medium,NOVA-AUD-01,South,4.0
TKT-20260329-00797,2026-03-29,late_delivery,low,NOVA-WBL-01,North,
TKT-20260329-00798,2026-03-29,other,medium,,West,3.5
TKT-20260329-00799,2026-03-29,wrong_item,low,NOVA-CPT-01,East,1.2
TKT-20260329-00800,2026-03-29,billing,medium,,South,7.0
TKT-20260330-00801,2026-03-30,late_delivery,low,NOVA-MOB-01,North,1.3
TKT-20260330-00802,2026-03-30,damaged,medium,NOVA-MOB-01,North,2.8
TKT-20260330-00803,2026-03-30,late_delivery,critical,NOVA-CPT-01,South,3.9
TKT-20260330-00804,2026-03-30,billing,medium,,West,3.0
TKT-20260330-00805,2026-03-30,late_delivery,critical,NOVA-AUD-02,North,1.9
TKT-20260330-00806,2026-03-30,late_delivery,medium,NOVA-MOB-01,East,4.6
TKT-20260330-00807,2026-03-30,late_delivery,low,NOVA-MOB-02,South,3.7
TKT-20260330-00808,2026-03-30,late_delivery,medium,NOVA-CPT-02,East,2.6
TKT-20260330-00809,2026-03-30,billing,critical,,West,4.0
TKT-20260330-00810,2026-03-30,late_delivery,medium,NOVA-WBL-01,South,5.6
TKT-20260330-00811,2026-03-30,wrong_item,medium,NOVA-WBL-02,East,3.6
TKT-20260330-00812,2026-03-30,late_delivery,low,NOVA-CPT-01,West,4.4
TKT-20260331-00813,2026-03-31,other,low,,South,
TKT-20260331-00814,2026-03-31,late_delivery,medium,NOVA-WBL-01,South,6.6
TKT-20260331-00815,2026-03-31,damaged,high,NOVA-MOB-02,South,4.7
TKT-20260331-00816,2026-03-31,wrong_item,low,NOVA-WBL-02,West,
TKT-20260331-00817,2026-03-31,late_delivery,low,NOVA-CPT-01,East,6.2
TKT-20260331-00818,2026-03-31,damaged,low,NOVA-MOB-02,North,0.5
TKT-20260331-00819,2026-03-31,product_defect,medium,NOVA-MOB-02,South,5.0
TKT-20260331-00820,2026-03-31,late_delivery,high,NOVA-CPT-01,West,3.1
TKT-20260331-00821,2026-03-31,late_delivery,high,NOVA-AUD-02,West,3.9
TKT-20260331-00822,2026-03-31,late_delivery,critical,NOVA-WBL-02,South,
TKT-20260331-00823,2026-03-31,damaged,critical,NOVA-MOB-01,West,4.2
TKT-20260401-00824,2026-04-01,other,low,,South,2.0
TKT-20260401-00825,2026-04-01,product_defect,low,NOVA-WBL-01,East,5.4
TKT-20260401-00826,2026-04-01,wrong_item,low,NOVA-MOB-01,South,0.6
TKT-20260401-00827,2026-04-01,product_defect,medium,NOVA-AUD-01,North,6.5
TKT-20260401-00828,2026-04-01,product_defect,medium,NOVA-AUD-02,East,2.4
TKT-20260401-00829,2026-04-01,billing,low,,West,2.9
TKT-20260401-00830,2026-04-01,billing,high,,South,4.3
TKT-20260401-00831,2026-04-01,billing,low,,North,4.3
TKT-20260401-00832,2026-04-01,late_delivery,high,NOVA-MOB-02,West,6.2
TKT-20260401-00833,2026-04-01,damaged,low,NOVA-AUD-01,South,4.1
TKT-20260401-00834,2026-04-01,late_delivery,low,NOVA-AUD-01,North,2.7
TKT-20260401-00835,2026-04-01,late_delivery,low,NOVA-CPT-02,West,4.7
TKT-20260401-00836,2026-04-01,late_delivery,high,NOVA-AUD-02,West,1.5
TKT-20260401-00837,2026-04-01,product_defect,high,NOVA-AUD-01,North,2.6
TKT-20260401-00838,2026-04-01,damaged,low,NOVA-CPT-02,West,6.0
TKT-20260401-00839,2026-04-01,damaged,low,NOVA-WBL-01,North,0.8
TKT-20260402-00840,2026-04-02,wrong_item,high,NOVA-CPT-02,West,1.2
TKT-20260402-00841,2026-04-02,product_defect,critical,NOVA-MOB-02,West,5.6
TKT-20260402-00842,2026-04-02,product_defect,critical,NOVA-CPT-02,South,3.5
TKT-20260402-00843,2026-04-02,late_delivery,low,NOVA-AUD-01,North,4.5
TKT-20260402-00844,2026-04-02,product_defect,medium,NOVA-MOB-02,South,6.3
TKT-20260402-00845,2026-04-02,late_delivery,low,NOVA-MOB-01,South,1.8
TKT-20260402-00846,2026-04-02,late_delivery,medium,NOVA-AUD-02,North,4.1
TKT-20260402-00847,2026-04-02,damaged,high,NOVA-CPT-02,North,
TKT-20260402-00848,2026-04-02,product_defect,low,NOVA-AUD-01,North,2.7
TKT-20260402-00849,2026-04-02,late_delivery,medium,NOVA-MOB-01,South,6.8
TKT-20260402-00850,2026-04-02,other,low,,North,6.7
TKT-20260402-00851,2026-04-02,wrong_item,high,NOVA-CPT-02,South,2.9
TKT-20260402-00852,2026-04-02,late_delivery,medium,NOVA-CPT-01,West,
TKT-20260402-00853,2026-04-02,other,medium,,West,5.0
TKT-20260402-00854,2026-04-02,damaged,low,NOVA-AUD-01,West,0.7
TKT-20260402-00855,2026-04-02,product_defect,low,NOVA-WBL-02,North,2.8
TKT-20260403-00856,2026-04-03,late_delivery,low,NOVA-AUD-02,West,2.6
TKT-20260403-00857,2026-04-03,damaged,low,NOVA-MOB-02,North,6.2
TKT-20260403-00858,2026-04-03,late_delivery,high,NOVA-AUD-02,South,6.1
TKT-20260403-00859,2026-04-03,late_delivery,high,NOVA-WBL-02,South,5.1
TKT-20260403-00860,2026-04-03,damaged,low,NOVA-CPT-01,South,0.6
TKT-20260403-00861,2026-04-03,other,low,,South,0.8
TKT-20260403-00862,2026-04-03,other,high,,South,
TKT-20260403-00863,2026-04-03,billing,high,,East,
TKT-20260403-00864,2026-04-03,damaged,low,NOVA-MOB-02,South,
TKT-20260403-00865,2026-04-03,late_delivery,low,NOVA-AUD-01,South,4.6
TKT-20260403-00866,2026-04-03,wrong_item,low,NOVA-CPT-02,South,2.6
TKT-20260403-00867,2026-04-03,wrong_item,medium,NOVA-MOB-02,West,1.5
TKT-20260403-00868,2026-04-03,product_defect,medium,NOVA-MOB-01,North,3.9
TKT-20260403-00869,2026-04-03,damaged,medium,NOVA-AUD-01,North,4.9
TKT-20260403-00870,2026-04-03,billing,low,,North,3.2
TKT-20260403-00871,2026-04-03,late_delivery,low,NOVA-CPT-01,North,2.3
TKT-20260404-00872,2026-04-04,late_delivery,low,NOVA-AUD-01,West,
TKT-20260404-00873,2026-04-04,other,medium,,South,6.6
TKT-20260404-00874,2026-04-04,billing,low,,East,3.0
TKT-20260404-00875,2026-04-04,late_delivery,medium,NOVA-AUD-01,South,
TKT-20260404-00876,2026-04-04,billing,high,,East,2.7
TKT-20260404-00877,2026-04-04,other,high,,North,0.9
TKT-20260404-00878,2026-04-04,product_defect,medium,NOVA-MOB-02,East,1.9
TKT-20260404-00879,2026-04-04,other,low,,West,1.7
TKT-20260404-00880,2026-04-04,late_delivery,low,NOVA-CPT-01,South,1.2
TKT-20260404-00881,2026-04-04,late_delivery,medium,NOVA-CPT-02,West,2.6
TKT-20260404-00882,2026-04-04,late_delivery,high,NOVA-MOB-02,North,6.8
TKT-20260404-00883,2026-04-04,late_delivery,low,NOVA-AUD-02,East,5.5
TKT-20260404-00884,2026-04-04,product_defect,low,NOVA-MOB-01,South,0.9
TKT-20260405-00885,2026-04-05,damaged,medium,NOVA-WBL-01,West,1.7
TKT-20260405-00886,2026-04-05,product_defect,critical,NOVA-CPT-01,East,3.7
TKT-20260405-00887,2026-04-05,wrong_item,low,NOVA-CPT-02,South,
TKT-20260405-00888,2026-04-05,wrong_item,low,NOVA-CPT-01,North,3.1
TKT-20260405-00889,2026-04-05,other,medium,,South,5.8
TKT-20260405-00890,2026-04-05,product_defect,low,NOVA-AUD-01,North,4.2
TKT-20260405-00891,2026-04-05,wrong_item,low,NOVA-WBL-02,East,4.5
TKT-20260405-00892,2026-04-05,late_delivery,medium,NOVA-WBL-01,West,6.5
TKT-20260405-00893,2026-04-05,billing,high,,West,0.9
TKT-20260405-00894,2026-04-05,late_delivery,low,NOVA-AUD-01,North,
TKT-20260405-00895,2026-04-05,late_delivery,high,NOVA-MOB-02,North,6.4
TKT-20260406-00896,2026-04-06,product_defect,low,NOVA-WBL-01,North,6.5
TKT-20260406-00897,2026-04-06,billing,medium,,South,6.4
TKT-20260406-00898,2026-04-06,late_delivery,medium,NOVA-CPT-02,South,6.3
TKT-20260406-00899,2026-04-06,damaged,high,NOVA-CPT-02,East,4.3
TKT-20260406-00900,2026-04-06,wrong_item,low,NOVA-AUD-02,West,
TKT-20260406-00901,2026-04-06,other,medium,,South,1.5
TKT-20260406-00902,2026-04-06,late_delivery,high,NOVA-WBL-02,East,0.6
TKT-20260406-00903,2026-04-06,late_delivery,low,NOVA-MOB-02,North,
TKT-20260406-00904,2026-04-06,billing,high,,North,2.2
TKT-20260406-00905,2026-04-06,late_delivery,medium,NOVA-CPT-02,North,0.6
TKT-20260406-00906,2026-04-06,wrong_item,medium,NOVA-CPT-01,South,
TKT-20260406-00907,2026-04-06,late_delivery,medium,NOVA-AUD-02,East,4.8
TKT-20260406-00908,2026-04-06,late_delivery,low,NOVA-AUD-02,North,3.0
TKT-20260407-00909,2026-04-07,product_defect,medium,NOVA-MOB-01,East,
TKT-20260407-00910,2026-04-07,wrong_item,low,NOVA-CPT-02,West,3.2
TKT-20260407-00911,2026-04-07,product_defect,medium,NOVA-MOB-01,West,3.3
TKT-20260407-00912,2026-04-07,damaged,medium,NOVA-AUD-01,West,6.1
TKT-20260407-00913,2026-04-07,damaged,low,NOVA-MOB-02,East,5.5
TKT-20260407-00914,2026-04-07,late_delivery,low,NOVA-CPT-01,North,5.4
TKT-20260407-00915,2026-04-07,wrong_item,low,NOVA-WBL-01,East,6.6
TKT-20260407-00916,2026-04-07,late_delivery,high,NOVA-AUD-02,East,0.9
TKT-20260407-00917,2026-04-07,damaged,medium,NOVA-AUD-02,West,1.0
TKT-20260407-00918,2026-04-07,wrong_item,low,NOVA-MOB-01,West,6.7
TKT-20260407-00919,2026-04-07,late_delivery,medium,NOVA-WBL-01,South,4.6
TKT-20260408-00920,2026-04-08,wrong_item,low,NOVA-AUD-02,East,5.3
TKT-20260408-00921,2026-04-08,late_delivery,medium,NOVA-CPT-01,North,2.8
TKT-20260408-00922,2026-04-08,late_delivery,critical,NOVA-WBL-02,West,6.8
TKT-20260408-00923,2026-04-08,damaged,low,NOVA-AUD-02,North,5.6
TKT-20260408-00924,2026-04-08,late_delivery,critical,NOVA-AUD-02,West,2.9
TKT-20260408-00925,2026-04-08,damaged,medium,NOVA-CPT-02,South,1.6
TKT-20260408-00926,2026-04-08,late_delivery,high,NOVA-AUD-02,East,6.0
TKT-20260408-00927,2026-04-08,other,low,,North,6.5
TKT-20260408-00928,2026-04-08,wrong_item,medium,NOVA-AUD-01,West,3.3
TKT-20260408-00929,2026-04-08,late_delivery,high,NOVA-AUD-02,East,2.0
TKT-20260408-00930,2026-04-08,product_defect,medium,NOVA-AUD-02,North,3.4
TKT-20260408-00931,2026-04-08,damaged,low,NOVA-MOB-02,North,
TKT-20260408-00932,2026-04-08,billing,high,,East,
TKT-20260409-00933,2026-04-09,billing,high,,West,
TKT-20260409-00934,2026-04-09,product_defect,high,NOVA-MOB-01,South,3.3
TKT-20260409-00935,2026-04-09,wrong_item,low,NOVA-MOB-01,South,
TKT-20260409-00936,2026-04-09,other,medium,,West,6.5
TKT-20260409-00937,2026-04-09,late_delivery,low,NOVA-CPT-02,East,6.6
TKT-20260409-00938,2026-04-09,product_defect,low,NOVA-WBL-02,South,
TKT-20260409-00939,2026-04-09,late_delivery,high,NOVA-WBL-02,West,6.1
TKT-20260409-00940,2026-04-09,late_delivery,high,NOVA-CPT-02,South,1.4
TKT-20260409-00941,2026-04-09,product_defect,critical,NOVA-CPT-01,East,1.2
TKT-20260409-00942,2026-04-09,wrong_item,low,NOVA-CPT-02,North,2.4
TKT-20260409-00943,2026-04-09,product_defect,medium,NOVA-WBL-01,East,
TKT-20260409-00944,2026-04-09,late_delivery,low,NOVA-CPT-02,East,3.1
TKT-20260410-00945,2026-04-10,wrong_item,medium,NOVA-MOB-01,East,
TKT-20260410-00946,2026-04-10,billing,low,,West,0.8
TKT-20260410-00947,2026-04-10,damaged,low,NOVA-AUD-02,West,2.5
TKT-20260410-00948,2026-04-10,late_delivery,high,NOVA-WBL-02,North,0.8
TKT-20260410-00949,2026-04-10,late_delivery,medium,NOVA-WBL-02,East,
TKT-20260410-00950,2026-04-10,wrong_item,low,NOVA-WBL-02,East,
TKT-20260410-00951,2026-04-10,late_delivery,medium,NOVA-AUD-02,South,3.8
TKT-20260410-00952,2026-04-10,late_delivery,low,NOVA-WBL-02,South,4.8
TKT-20260410-00953,2026-04-10,wrong_item,medium,NOVA-CPT-01,North,6.9
TKT-20260410-00954,2026-04-10,late_delivery,low,NOVA-CPT-02,West,5.8
TKT-20260410-00955,2026-04-10,product_defect,medium,NOVA-CPT-01,West,2.2
TKT-20260410-00956,2026-04-10,late_delivery,low,NOVA-CPT-01,East,3.8
TKT-20260410-00957,2026-04-10,late_delivery,low,NOVA-WBL-01,East,2.4
TKT-20260410-00958,2026-04-10,late_delivery,medium,NOVA-MOB-01,South,6.7
TKT-20260411-00959,2026-04-11,other,critical,,South,5.9
TKT-20260411-00960,2026-04-11,late_delivery,medium,NOVA-MOB-02,West,
TKT-20260411-00961,2026-04-11,late_delivery,critical,NOVA-AUD-02,East,0.7
TKT-20260411-00962,2026-04-11,other,low,,South,4.9
TKT-20260411-00963,2026-04-11,wrong_item,medium,NOVA-WBL-02,West,
TKT-20260411-00964,2026-04-11,late_delivery,medium,NOVA-WBL-01,East,6.2
TKT-20260411-00965,2026-04-11,late_delivery,high,NOVA-MOB-02,South,1.7
TKT-20260411-00966,2026-04-11,wrong_item,low,NOVA-WBL-02,North,
TKT-20260411-00967,2026-04-11,late_delivery,low,NOVA-MOB-02,South,6.8
TKT-20260411-00968,2026-04-11,late_delivery,medium,NOVA-WBL-01,North,0.9
TKT-20260411-00969,2026-04-11,late_delivery,medium,NOVA-CPT-01,West,3.5
TKT-20260411-00970,2026-04-11,late_delivery,low,NOVA-CPT-01,South,0.9
TKT-20260411-00971,2026-04-11,product_defect,critical,NOVA-WBL-02,South,2.1
TKT-20260412-00972,2026-04-12,other,low,,North,4.9
TKT-20260412-00973,2026-04-12,product_defect,medium,NOVA-CPT-02,West,4.8
TKT-20260412-00974,2026-04-12,wrong_item,low,NOVA-AUD-01,North,2.0
TKT-20260412-00975,2026-04-12,product_defect,low,NOVA-CPT-02,West,4.9
TKT-20260412-00976,2026-04-12,damaged,low,NOVA-MOB-02,West,2.5
TKT-20260412-00977,2026-04-12,late_delivery,low,NOVA-AUD-02,South,3.9
TKT-20260412-00978,2026-04-12,late_delivery,low,NOVA-WBL-01,North,3.3
TKT-20260412-00979,2026-04-12,billing,high,,South,6.4
TKT-20260412-00980,2026-04-12,late_delivery,medium,NOVA-CPT-01,North,2.6
TKT-20260412-00981,2026-04-12,damaged,low,NOVA-MOB-02,North,2.7
TKT-20260412-00982,2026-04-12,late_delivery,high,NOVA-CPT-02,North,6.2
TKT-20260412-00983,2026-04-12,damaged,high,NOVA-AUD-01,East,5.3
TKT-20260412-00984,2026-04-12,wrong_item,low,NOVA-WBL-02,North,
TKT-20260412-00985,2026-04-12,product_defect,medium,NOVA-WBL-02,East,
TKT-20260412-00986,2026-04-12,late_delivery,low,NOVA-CPT-01,West,0.8
TKT-20260413-00987,2026-04-13,damaged,critical,NOVA-MOB-02,South,6.8
TKT-20260413-00988,2026-04-13,late_delivery,medium,NOVA-MOB-01,North,6.4
TKT-20260413-00989,2026-04-13,wrong_item,high,NOVA-AUD-01,East,1.2
TKT-20260413-00990,2026-04-13,damaged,medium,NOVA-CPT-02,North,4.7
TKT-20260413-00991,2026-04-13,late_delivery,medium,NOVA-AUD-02,East,
TKT-20260413-00992,2026-04-13,product_defect,low,NOVA-CPT-01,West,2.1
TKT-20260413-00993,2026-04-13,late_delivery,high,NOVA-WBL-02,West,2.1
TKT-20260413-00994,2026-04-13,wrong_item,medium,NOVA-AUD-01,North,6.3
TKT-20260413-00995,2026-04-13,billing,low,,West,6.4
TKT-20260413-00996,2026-04-13,wrong_item,medium,NOVA-MOB-02,South,5.3
TKT-20260413-00997,2026-04-13,damaged,high,NOVA-WBL-01,East,6.3
TKT-20260413-00998,2026-04-13,billing,high,,North,1.7
TKT-20260413-00999,2026-04-13,wrong_item,medium,NOVA-AUD-01,South,1.7
TKT-20260414-01000,2026-04-14,product_defect,low,NOVA-WBL-02,North,4.0
TKT-20260414-01001,2026-04-14,product_defect,low,NOVA-CPT-01,West,0.9
TKT-20260414-01002,2026-04-14,other,low,,East,2.6
TKT-20260414-01003,2026-04-14,late_delivery,low,NOVA-WBL-02,East,0.9
TKT-20260414-01004,2026-04-14,product_defect,medium,NOVA-WBL-01,East,2.3
TKT-20260414-01005,2026-04-14,product_defect,medium,NOVA-MOB-01,South,4.2
TKT-20260414-01006,2026-04-14,late_delivery,medium,NOVA-WBL-01,East,4.1
TKT-20260414-01007,2026-04-14,late_delivery,low,NOVA-AUD-01,East,2.3
TKT-20260414-01008,2026-04-14,wrong_item,low,NOVA-WBL-02,West,6.3
TKT-20260414-01009,2026-04-14,late_delivery,medium,NOVA-WBL-02,North,2.0
TKT-20260414-01010,2026-04-14,other,low,,West,2.1
TKT-20260414-01011,2026-04-14,product_defect,low,NOVA-WBL-02,North,1.7
TKT-20260414-01012,2026-04-14,product_defect,high,NOVA-CPT-02,South,4.4
TKT-20260414-01013,2026-04-14,wrong_item,medium,NOVA-MOB-02,East,5.6
TKT-20260415-01014,2026-04-15,late_delivery,low,NOVA-AUD-02,South,3.8
TKT-20260415-01015,2026-04-15,damaged,high,NOVA-WBL-02,North,2.7
TKT-20260415-01016,2026-04-15,late_delivery,low,NOVA-CPT-01,East,5.6
TKT-20260415-01017,2026-04-15,late_delivery,medium,NOVA-AUD-01,East,4.4
TKT-20260415-01018,2026-04-15,late_delivery,medium,NOVA-CPT-02,South,5.5
TKT-20260415-01019,2026-04-15,late_delivery,medium,NOVA-MOB-02,East,3.1
TKT-20260415-01020,2026-04-15,late_delivery,medium,NOVA-CPT-01,East,2.7
TKT-20260415-01021,2026-04-15,other,medium,,West,6.6
TKT-20260415-01022,2026-04-15,product_defect,low,NOVA-WBL-02,South,
TKT-20260415-01023,2026-04-15,late_delivery,high,NOVA-CPT-02,West,5.1
TKT-20260415-01024,2026-04-15,damaged,low,NOVA-MOB-01,North,0.5
TKT-20260415-01025,2026-04-15,wrong_item,medium,NOVA-AUD-02,South,4.6
TKT-20260416-01026,2026-04-16,billing,low,,North,3.2
TKT-20260416-01027,2026-04-16,late_delivery,medium,NOVA-CPT-01,North,3.4
TKT-20260416-01028,2026-04-16,late_delivery,low,NOVA-AUD-02,East,5.2
TKT-20260416-01029,2026-04-16,product_defect,medium,NOVA-AUD-01,West,6.1
TKT-20260416-01030,2026-04-16,late_delivery,low,NOVA-AUD-02,West,
TKT-20260416-01031,2026-04-16,late_delivery,low,NOVA-CPT-02,North,4.2
TKT-20260416-01032,2026-04-16,damaged,low,NOVA-AUD-02,South,
TKT-20260416-01033,2026-04-16,other,medium,,East,5.3
TKT-20260416-01034,2026-04-16,billing,low,,South,4.1
TKT-20260416-01035,2026-04-16,late_delivery,low,NOVA-MOB-01,East,2.7
TKT-20260416-01036,2026-04-16,product_defect,low,NOVA-AUD-02,South,
TKT-20260416-01037,2026-04-16,late_delivery,medium,NOVA-MOB-01,South,6.0
TKT-20260416-01038,2026-04-16,product_defect,medium,NOVA-WBL-01,West,6.7
TKT-20260417-01039,2026-04-17,late_delivery,medium,NOVA-CPT-02,South,
TKT-20260417-01040,2026-04-17,wrong_item,low,NOVA-CPT-02,East,3.4
TKT-20260417-01041,2026-04-17,product_defect,medium,NOVA-AUD-01,East,6.2
TKT-20260417-01042,2026-04-17,late_delivery,medium,NOVA-WBL-01,West,4.7
TKT-20260417-01043,2026-04-17,late_delivery,high,NOVA-MOB-02,South,2.5
TKT-20260417-01044,2026-04-17,product_defect,medium,NOVA-CPT-02,West,1.4
TKT-20260417-01045,2026-04-17,late_delivery,low,NOVA-AUD-02,North,6.4
TKT-20260417-01046,2026-04-17,late_delivery,high,NOVA-WBL-01,East,
TKT-20260417-01047,2026-04-17,product_defect,high,NOVA-MOB-02,North,3.3
TKT-20260417-01048,2026-04-17,billing,medium,,South,
TKT-20260417-01049,2026-04-17,product_defect,medium,NOVA-MOB-01,East,3.7
TKT-20260417-01050,2026-04-17,product_defect,low,NOVA-CPT-01,North,5.7
TKT-20260417-01051,2026-04-17,damaged,low,NOVA-AUD-02,West,0.5
TKT-20260417-01052,2026-04-17,product_defect,high,NOVA-WBL-01,North,
TKT-20260417-01053,2026-04-17,late_delivery,low,NOVA-WBL-02,East,1.3
TKT-20260417-01054,2026-04-17,late_delivery,high,NOVA-AUD-01,South,
TKT-20260418-01055,2026-04-18,other,medium,,North,1.5
TKT-20260418-01056,2026-04-18,damaged,medium,NOVA-AUD-02,North,5.8
TKT-20260418-01057,2026-04-18,late_delivery,low,NOVA-CPT-02,East,
TKT-20260418-01058,2026-04-18,other,high,,East,1.0
TKT-20260418-01059,2026-04-18,product_defect,low,NOVA-CPT-02,West,6.4
TKT-20260418-01060,2026-04-18,wrong_item,high,NOVA-AUD-02,East,1.0
TKT-20260418-01061,2026-04-18,late_delivery,low,NOVA-MOB-02,West,2.0
TKT-20260418-01062,2026-04-18,late_delivery,medium,NOVA-MOB-01,West,5.1
TKT-20260418-01063,2026-04-18,product_defect,low,NOVA-WBL-02,West,5.9
TKT-20260418-01064,2026-04-18,late_delivery,low,NOVA-WBL-02,North,5.3
TKT-20260418-01065,2026-04-18,damaged,medium,NOVA-MOB-01,South,6.9
TKT-20260418-01066,2026-04-18,product_defect,high,NOVA-AUD-01,East,4.9
TKT-20260419-01067,2026-04-19,late_delivery,low,NOVA-AUD-01,North,4.8
TKT-20260419-01068,2026-04-19,wrong_item,critical,NOVA-CPT-01,North,6.4
TKT-20260419-01069,2026-04-19,product_defect,medium,NOVA-WBL-01,East,2.9
TKT-20260419-01070,2026-04-19,late_delivery,low,NOVA-WBL-02,West,1.9
TKT-20260419-01071,2026-04-19,damaged,critical,NOVA-MOB-02,East,2.7
TKT-20260419-01072,2026-04-19,late_delivery,low,NOVA-MOB-02,North,
TKT-20260419-01073,2026-04-19,product_defect,medium,NOVA-MOB-02,West,6.7
TKT-20260419-01074,2026-04-19,late_delivery,medium,NOVA-MOB-01,West,5.6
TKT-20260419-01075,2026-04-19,late_delivery,low,NOVA-CPT-01,South,0.7
TKT-20260419-01076,2026-04-19,product_defect,high,NOVA-AUD-01,South,4.1
TKT-20260419-01077,2026-04-19,other,low,,East,
TKT-20260419-01078,2026-04-19,wrong_item,medium,NOVA-CPT-01,South,0.9
TKT-20260419-01079,2026-04-19,wrong_item,medium,NOVA-MOB-01,East,0.6
TKT-20260419-01080,2026-04-19,late_delivery,medium,NOVA-CPT-01,East,6.4
TKT-20260419-01081,2026-04-19,late_delivery,low,NOVA-CPT-02,East,3.6
TKT-20260419-01082,2026-04-19,product_defect,high,NOVA-MOB-01,West,
TKT-20260420-01083,2026-04-20,other,medium,,North,0.6
TKT-20260420-01084,2026-04-20,late_delivery,critical,NOVA-WBL-01,East,6.6
TKT-20260420-01085,2026-04-20,wrong_item,low,NOVA-WBL-01,West,4.5
TKT-20260420-01086,2026-04-20,late_delivery,low,NOVA-MOB-01,West,
TKT-20260420-01087,2026-04-20,wrong_item,medium,NOVA-MOB-01,East,3.7
TKT-20260420-01088,2026-04-20,product_defect,critical,NOVA-MOB-02,West,6.6
TKT-20260420-01089,2026-04-20,damaged,critical,NOVA-MOB-02,West,1.3
TKT-20260420-01090,2026-04-20,product_defect,low,NOVA-AUD-02,South,4.9
TKT-20260420-01091,2026-04-20,late_delivery,medium,NOVA-WBL-02,East,2.5
TKT-20260420-01092,2026-04-20,late_delivery,low,NOVA-AUD-01,North,2.5
TKT-20260420-01093,2026-04-20,wrong_item,low,NOVA-CPT-01,West,3.6
TKT-20260420-01094,2026-04-20,damaged,medium,NOVA-AUD-01,East,
TKT-20260420-01095,2026-04-20,late_delivery,medium,NOVA-MOB-01,West,6.0
TKT-20260420-01096,2026-04-20,product_defect,medium,NOVA-WBL-01,East,5.2
TKT-20260420-01097,2026-04-20,product_defect,high,NOVA-MOB-01,South,
TKT-20260421-01098,2026-04-21,product_defect,medium,NOVA-CPT-02,South,6.6
TKT-20260421-01099,2026-04-21,late_delivery,medium,NOVA-WBL-01,West,
TKT-20260421-01100,2026-04-21,other,low,,South,5.1
TKT-20260421-01101,2026-04-21,damaged,critical,NOVA-MOB-01,North,4.2
TKT-20260421-01102,2026-04-21,billing,low,,North,1.7
TKT-20260421-01103,2026-04-21,billing,high,,North,5.1
TKT-20260421-01104,2026-04-21,late_delivery,low,NOVA-WBL-02,North,3.6
TKT-20260421-01105,2026-04-21,late_delivery,medium,NOVA-MOB-02,East,2.4
TKT-20260421-01106,2026-04-21,late_delivery,medium,NOVA-AUD-02,North,1.8
TKT-20260421-01107,2026-04-21,damaged,medium,NOVA-MOB-01,North,0.8
TKT-20260421-01108,2026-04-21,damaged,high,NOVA-WBL-02,North,5.7
TKT-20260421-01109,2026-04-21,other,medium,,South,3.6
TKT-20260421-01110,2026-04-21,late_delivery,low,NOVA-AUD-02,West,6.1
TKT-20260421-01111,2026-04-21,wrong_item,medium,NOVA-CPT-02,West,0.9
TKT-20260421-01112,2026-04-21,late_delivery,medium,NOVA-CPT-01,West,1.4
TKT-20260422-01113,2026-04-22,late_delivery,low,NOVA-WBL-01,East,3.2
TKT-20260422-01114,2026-04-22,damaged,medium,NOVA-CPT-02,South,
TKT-20260422-01115,2026-04-22,product_defect,high,NOVA-MOB-02,North,2.9
TKT-20260422-01116,2026-04-22,late_delivery,medium,NOVA-CPT-02,North,0.6
TKT-20260422-01117,2026-04-22,product_defect,medium,NOVA-CPT-02,West,
TKT-20260422-01118,2026-04-22,billing,medium,,West,0.5
TKT-20260422-01119,2026-04-22,late_delivery,low,NOVA-CPT-02,East,4.5
TKT-20260422-01120,2026-04-22,wrong_item,high,NOVA-WBL-02,West,1.1
TKT-20260422-01121,2026-04-22,wrong_item,high,NOVA-AUD-02,East,
TKT-20260422-01122,2026-04-22,late_delivery,high,NOVA-MOB-02,North,4.8
TKT-20260422-01123,2026-04-22,late_delivery,medium,NOVA-MOB-02,North,6.4
TKT-20260422-01124,2026-04-22,late_delivery,high,NOVA-CPT-02,South,3.0
TKT-20260422-01125,2026-04-22,billing,high,,West,
TKT-20260422-01126,2026-04-22,wrong_item,critical,NOVA-MOB-01,North,3.0
TKT-20260423-01127,2026-04-23,other,low,,East,2.3
TKT-20260423-01128,2026-04-23,other,high,,North,5.3
TKT-20260423-01129,2026-04-23,billing,medium,,East,5.7
TKT-20260423-01130,2026-04-23,damaged,medium,NOVA-AUD-02,North,2.8
TKT-20260423-01131,2026-04-23,late_delivery,medium,NOVA-AUD-01,West,1.0
TKT-20260423-01132,2026-04-23,product_defect,high,NOVA-MOB-02,East,5.1
TKT-20260423-01133,2026-04-23,damaged,medium,NOVA-AUD-02,West,1.8
TKT-20260423-01134,2026-04-23,product_defect,low,NOVA-MOB-01,East,2.0
TKT-20260423-01135,2026-04-23,late_delivery,low,NOVA-CPT-02,North,
TKT-20260423-01136,2026-04-23,other,low,,East,0.6
TKT-20260423-01137,2026-04-23,product_defect,medium,NOVA-WBL-01,North,3.4
TKT-20260423-01138,2026-04-23,wrong_item,medium,NOVA-MOB-02,West,2.2
TKT-20260424-01139,2026-04-24,billing,medium,,East,3.9
TKT-20260424-01140,2026-04-24,damaged,low,NOVA-WBL-01,East,
TKT-20260424-01141,2026-04-24,billing,low,,East,0.9
TKT-20260424-01142,2026-04-24,late_delivery,medium,NOVA-CPT-01,West,5.3
TKT-20260424-01143,2026-04-24,damaged,low,NOVA-MOB-01,West,
TKT-20260424-01144,2026-04-24,damaged,low,NOVA-CPT-02,South,2.9
TKT-20260424-01145,2026-04-24,product_defect,medium,NOVA-AUD-02,South,6.0
TKT-20260424-01146,2026-04-24,late_delivery,medium,NOVA-MOB-01,North,5.0
TKT-20260424-01147,2026-04-24,damaged,medium,NOVA-MOB-01,West,2.0
TKT-20260424-01148,2026-04-24,wrong_item,high,NOVA-AUD-02,East,0.9
TKT-20260424-01149,2026-04-24,other,low,,East,6.3
TKT-20260424-01150,2026-04-24,product_defect,medium,NOVA-WBL-02,North,3.6
TKT-20260424-01151,2026-04-24,product_defect,low,NOVA-WBL-01,South,5.8
TKT-20260424-01152,2026-04-24,late_delivery,high,NOVA-AUD-01,East,3.3
TKT-20260424-01153,2026-04-24,wrong_item,low,NOVA-WBL-01,North,5.0
TKT-20260425-01154,2026-04-25,billing,low,,North,2.5
TKT-20260425-01155,2026-04-25,late_delivery,medium,NOVA-CPT-01,West,
TKT-20260425-01156,2026-04-25,wrong_item,high,NOVA-CPT-02,East,5.8
TKT-20260425-01157,2026-04-25,other,low,,South,
TKT-20260425-01158,2026-04-25,wrong_item,medium,NOVA-MOB-02,North,0.6
TKT-20260425-01159,2026-04-25,product_defect,high,NOVA-CPT-01,East,3.7
TKT-20260425-01160,2026-04-25,damaged,medium,NOVA-CPT-01,West,6.2
TKT-20260425-01161,2026-04-25,product_defect,low,NOVA-MOB-01,East,6.6
TKT-20260425-01162,2026-04-25,late_delivery,medium,NOVA-MOB-02,North,3.2
TKT-20260425-01163,2026-04-25,late_delivery,low,NOVA-MOB-01,West,6.9
TKT-20260425-01164,2026-04-25,other,high,,East,
TKT-20260425-01165,2026-04-25,late_delivery,low,NOVA-CPT-02,West,1.4
TKT-20260426-01166,2026-04-26,wrong_item,medium,NOVA-AUD-02,East,
TKT-20260426-01167,2026-04-26,damaged,low,NOVA-AUD-01,East,0.7
TKT-20260426-01168,2026-04-26,billing,critical,,North,3.7
TKT-20260426-01169,2026-04-26,late_delivery,medium,NOVA-CPT-02,West,3.5
TKT-20260426-01170,2026-04-26,wrong_item,low,NOVA-CPT-01,East,6.6
TKT-20260426-01171,2026-04-26,late_delivery,high,NOVA-MOB-02,West,6.4
TKT-20260426-01172,2026-04-26,billing,medium,,East,1.8
TKT-20260426-01173,2026-04-26,billing,high,,South,5.5
TKT-20260426-01174,2026-04-26,product_defect,low,NOVA-AUD-01,North,3.7
TKT-20260426-01175,2026-04-26,late_delivery,high,NOVA-WBL-02,West,
TKT-20260426-01176,2026-04-26,product_defect,low,NOVA-CPT-01,East,6.8
TKT-20260426-01177,2026-04-26,product_defect,high,NOVA-WBL-01,East,5.4
TKT-20260426-01178,2026-04-26,damaged,medium,NOVA-AUD-02,North,0.8
TKT-20260426-01179,2026-04-26,late_delivery,medium,NOVA-MOB-02,South,6.7
TKT-20260427-01180,2026-04-27,other,high,,South,4.8
TKT-20260427-01181,2026-04-27,product_defect,low,NOVA-CPT-02,South,2.7
TKT-20260427-01182,2026-04-27,billing,high,,North,6.8
TKT-20260427-01183,2026-04-27,wrong_item,critical,NOVA-CPT-02,North,2.0
TKT-20260427-01184,2026-04-27,billing,low,,West,0.9
TKT-20260427-01185,2026-04-27,billing,low,,North,
TKT-20260427-01186,2026-04-27,late_delivery,low,NOVA-AUD-01,East,5.3
TKT-20260427-01187,2026-04-27,billing,low,,South,5.0
TKT-20260427-01188,2026-04-27,other,medium,,East,
TKT-20260427-01189,2026-04-27,product_defect,medium,NOVA-CPT-02,South,5.6
TKT-20260427-01190,2026-04-27,wrong_item,low,NOVA-CPT-01,South,6.0
TKT-20260427-01191,2026-04-27,late_delivery,medium,NOVA-MOB-01,East,6.6
TKT-20260428-01192,2026-04-28,wrong_item,medium,NOVA-MOB-01,North,
TKT-20260428-01193,2026-04-28,billing,low,,North,
TKT-20260428-01194,2026-04-28,damaged,medium,NOVA-WBL-01,South,3.3
TKT-20260428-01195,2026-04-28,late_delivery,low,NOVA-MOB-01,East,2.1
TKT-20260428-01196,2026-04-28,wrong_item,low,NOVA-CPT-02,East,6.1
TKT-20260428-01197,2026-04-28,product_defect,low,NOVA-MOB-02,West,3.4
TKT-20260428-01198,2026-04-28,late_delivery,medium,NOVA-CPT-02,North,6.9
TKT-20260428-01199,2026-04-28,product_defect,critical,NOVA-WBL-01,North,4.7
TKT-20260428-01200,2026-04-28,damaged,medium,NOVA-MOB-02,West,5.0
TKT-20260428-01201,2026-04-28,wrong_item,medium,NOVA-MOB-02,West,1.4
TKT-20260428-01202,2026-04-28,wrong_item,low,NOVA-AUD-02,West,3.9
TKT-20260428-01203,2026-04-28,wrong_item,high,NOVA-WBL-02,North,3.9
TKT-20260428-01204,2026-04-28,other,medium,,South,2.7
TKT-20260428-01205,2026-04-28,billing,low,,East,2.1
TKT-20260428-01206,2026-04-28,late_delivery,low,NOVA-MOB-01,West,2.4
TKT-20260429-01207,2026-04-29,late_delivery,high,NOVA-CPT-02,North,3.5
TKT-20260429-01208,2026-04-29,late_delivery,high,NOVA-WBL-01,West,3.5
TKT-20260429-01209,2026-04-29,late_delivery,low,NOVA-AUD-01,North,1.3
TKT-20260429-01210,2026-04-29,other,medium,,South,0.8
TKT-20260429-01211,2026-04-29,product_defect,medium,NOVA-WBL-02,East,1.4
TKT-20260429-01212,2026-04-29,wrong_item,medium,NOVA-WBL-02,East,3.1
TKT-20260429-01213,2026-04-29,product_defect,low,NOVA-CPT-01,North,1.9
TKT-20260429-01214,2026-04-29,product_defect,high,NOVA-AUD-01,East,1.0
TKT-20260429-01215,2026-04-29,billing,high,,West,
TKT-20260429-01216,2026-04-29,damaged,medium,NOVA-CPT-01,East,1.3
TKT-20260429-01217,2026-04-29,other,low,,North,0.6
TKT-20260429-01218,2026-04-29,damaged,low,NOVA-MOB-02,South,6.1
TKT-20260429-01219,2026-04-29,product_defect,high,NOVA-AUD-01,North,3.6
TKT-20260430-01220,2026-04-30,product_defect,medium,NOVA-AUD-01,North,2.2
TKT-20260430-01221,2026-04-30,other,low,,North,3.5
TKT-20260430-01222,2026-04-30,late_delivery,low,NOVA-MOB-01,South,1.5
TKT-20260430-01223,2026-04-30,late_delivery,low,NOVA-AUD-02,North,4.5
TKT-20260430-01224,2026-04-30,late_delivery,high,NOVA-AUD-01,North,0.9
TKT-20260430-01225,2026-04-30,other,high,,South,6.8
TKT-20260430-01226,2026-04-30,late_delivery,critical,NOVA-WBL-01,North,6.8
TKT-20260430-01227,2026-04-30,wrong_item,high,NOVA-WBL-02,North,3.8
TKT-20260430-01228,2026-04-30,late_delivery,medium,NOVA-CPT-01,North,
TKT-20260430-01229,2026-04-30,late_delivery,high,NOVA-WBL-02,East,6.5
TKT-20260430-01230,2026-04-30,product_defect,high,NOVA-MOB-01,South,5.4
TKT-20260430-01231,2026-04-30,late_delivery,low,NOVA-MOB-01,North,4.0
TKT-20260430-01232,2026-04-30,product_defect,low,NOVA-AUD-01,North,2.7
TKT-20260430-01233,2026-04-30,product_defect,low,NOVA-AUD-02,East,3.2
TKT-20260430-01234,2026-04-30,late_delivery,medium,NOVA-CPT-01,West,
TKT-20260501-01235,2026-05-01,late_delivery,low,NOVA-AUD-02,North,6.0
TKT-20260501-01236,2026-05-01,billing,low,,South,7.0
TKT-20260501-01237,2026-05-01,wrong_item,medium,NOVA-CPT-02,West,5.2
TKT-20260501-01238,2026-05-01,wrong_item,low,NOVA-MOB-02,East,5.6
TKT-20260501-01239,2026-05-01,product_defect,critical,NOVA-MOB-02,South,1.7
TKT-20260501-01240,2026-05-01,billing,medium,,West,2.2
TKT-20260501-01241,2026-05-01,late_delivery,medium,NOVA-AUD-02,South,1.7
TKT-20260501-01242,2026-05-01,wrong_item,low,NOVA-CPT-02,North,4.3
TKT-20260501-01243,2026-05-01,damaged,low,NOVA-AUD-02,North,
TKT-20260501-01244,2026-05-01,late_delivery,low,NOVA-AUD-01,North,1.2
TKT-20260501-01245,2026-05-01,damaged,medium,NOVA-MOB-02,East,5.4
TKT-20260501-01246,2026-05-01,late_delivery,low,NOVA-MOB-02,East,0.5
TKT-20260501-01247,2026-05-01,billing,high,,West,6.6
TKT-20260502-01248,2026-05-02,product_defect,medium,NOVA-AUD-01,North,4.9
TKT-20260502-01249,2026-05-02,damaged,high,NOVA-MOB-01,East,2.1
TKT-20260502-01250,2026-05-02,wrong_item,high,NOVA-CPT-01,East,4.5
TKT-20260502-01251,2026-05-02,product_defect,high,NOVA-CPT-01,North,3.7
TKT-20260502-01252,2026-05-02,other,medium,,North,1.4
TKT-20260502-01253,2026-05-02,late_delivery,low,NOVA-MOB-01,West,1.6
TKT-20260502-01254,2026-05-02,late_delivery,high,NOVA-AUD-02,West,5.5
TKT-20260502-01255,2026-05-02,product_defect,medium,NOVA-MOB-01,North,1.6
TKT-20260502-01256,2026-05-02,late_delivery,low,NOVA-CPT-01,North,
TKT-20260502-01257,2026-05-02,wrong_item,low,NOVA-MOB-01,East,1.5
TKT-20260502-01258,2026-05-02,wrong_item,critical,NOVA-MOB-02,West,6.6
TKT-20260502-01259,2026-05-02,billing,medium,,South,5.6
TKT-20260502-01260,2026-05-02,damaged,low,NOVA-MOB-02,South,2.4
TKT-20260503-01261,2026-05-03,other,medium,,East,
TKT-20260503-01262,2026-05-03,product_defect,medium,NOVA-AUD-01,West,6.9
TKT-20260503-01263,2026-05-03,wrong_item,low,NOVA-WBL-01,South,
TKT-20260503-01264,2026-05-03,late_delivery,low,NOVA-CPT-01,West,0.7
TKT-20260503-01265,2026-05-03,wrong_item,high,NOVA-MOB-01,North,2.6
TKT-20260503-01266,2026-05-03,late_delivery,medium,NOVA-AUD-02,North,
TKT-20260503-01267,2026-05-03,late_delivery,low,NOVA-WBL-02,East,5.6
TKT-20260503-01268,2026-05-03,damaged,low,NOVA-AUD-01,South,2.9
TKT-20260503-01269,2026-05-03,billing,critical,,West,6.7
TKT-20260503-01270,2026-05-03,damaged,medium,NOVA-MOB-01,East,1.5
TKT-20260503-01271,2026-05-03,product_defect,medium,NOVA-WBL-01,West,2.0
TKT-20260504-01272,2026-05-04,late_delivery,medium,NOVA-WBL-01,North,5.6
TKT-20260504-01273,2026-05-04,product_defect,low,NOVA-AUD-01,North,2.7
TKT-20260504-01274,2026-05-04,late_delivery,critical,NOVA-AUD-01,West,5.5
TKT-20260504-01275,2026-05-04,late_delivery,high,NOVA-CPT-01,North,3.4
TKT-20260504-01276,2026-05-04,late_delivery,critical,NOVA-WBL-02,North,3.1
TKT-20260504-01277,2026-05-04,late_delivery,critical,NOVA-WBL-01,West,1.4
TKT-20260504-01278,2026-05-04,other,low,,South,1.6
TKT-20260504-01279,2026-05-04,damaged,high,NOVA-MOB-02,West,1.9
TKT-20260504-01280,2026-05-04,billing,medium,,North,5.6
TKT-20260504-01281,2026-05-04,damaged,low,NOVA-AUD-02,East,
TKT-20260504-01282,2026-05-04,wrong_item,low,NOVA-WBL-02,North,5.0
TKT-20260504-01283,2026-05-04,product_defect,low,NOVA-WBL-02,South,3.4
TKT-20260504-01284,2026-05-04,other,low,,North,
TKT-20260504-01285,2026-05-04,wrong_item,low,NOVA-MOB-01,South,
TKT-20260505-01286,2026-05-05,wrong_item,low,NOVA-AUD-01,West,6.4
TKT-20260505-01287,2026-05-05,wrong_item,medium,NOVA-AUD-02,North,1.8
TKT-20260505-01288,2026-05-05,damaged,low,NOVA-MOB-02,North,1.9
TKT-20260505-01289,2026-05-05,damaged,low,NOVA-WBL-02,South,
TKT-20260505-01290,2026-05-05,late_delivery,low,NOVA-AUD-02,North,5.6
TKT-20260505-01291,2026-05-05,product_defect,high,NOVA-AUD-02,West,4.9
TKT-20260505-01292,2026-05-05,billing,medium,,East,6.0
TKT-20260505-01293,2026-05-05,wrong_item,low,NOVA-AUD-01,South,6.4
TKT-20260505-01294,2026-05-05,billing,low,,East,5.4
TKT-20260505-01295,2026-05-05,product_defect,low,NOVA-WBL-02,North,
TKT-20260505-01296,2026-05-05,billing,medium,,West,4.0
TKT-20260506-01297,2026-05-06,late_delivery,low,NOVA-AUD-02,West,
TKT-20260506-01298,2026-05-06,damaged,critical,NOVA-MOB-01,East,1.6
TKT-20260506-01299,2026-05-06,late_delivery,low,NOVA-WBL-02,North,6.5
TKT-20260506-01300,2026-05-06,late_delivery,low,NOVA-MOB-01,North,5.1
TKT-20260506-01301,2026-05-06,billing,high,,North,2.3
TKT-20260506-01302,2026-05-06,billing,medium,,North,
TKT-20260506-01303,2026-05-06,wrong_item,critical,NOVA-AUD-02,West,6.3
TKT-20260506-01304,2026-05-06,product_defect,medium,NOVA-CPT-01,East,
TKT-20260506-01305,2026-05-06,damaged,medium,NOVA-WBL-01,East,2.1
TKT-20260506-01306,2026-05-06,product_defect,low,NOVA-MOB-02,South,0.8
TKT-20260506-01307,2026-05-06,late_delivery,low,NOVA-CPT-02,West,4.6
TKT-20260506-01308,2026-05-06,wrong_item,medium,NOVA-CPT-01,North,4.9
TKT-20260506-01309,2026-05-06,product_defect,low,NOVA-AUD-02,South,3.2
TKT-20260506-01310,2026-05-06,product_defect,medium,NOVA-AUD-01,North,1.1
TKT-20260506-01311,2026-05-06,late_delivery,low,NOVA-AUD-01,North,0.7
TKT-20260507-01312,2026-05-07,other,low,,East,4.2
TKT-20260507-01313,2026-05-07,wrong_item,low,NOVA-MOB-02,East,4.0
TKT-20260507-01314,2026-05-07,late_delivery,medium,NOVA-WBL-02,South,6.5
TKT-20260507-01315,2026-05-07,late_delivery,medium,NOVA-CPT-02,North,5.1
TKT-20260507-01316,2026-05-07,billing,high,,South,1.8
TKT-20260507-01317,2026-05-07,product_defect,high,NOVA-MOB-02,East,6.2
TKT-20260507-01318,2026-05-07,late_delivery,low,NOVA-AUD-01,West,5.4
TKT-20260507-01319,2026-05-07,billing,high,,East,4.6
TKT-20260507-01320,2026-05-07,wrong_item,medium,NOVA-MOB-01,North,6.1
TKT-20260507-01321,2026-05-07,product_defect,low,NOVA-AUD-02,North,5.8
TKT-20260507-01322,2026-05-07,billing,medium,,South,
TKT-20260507-01323,2026-05-07,wrong_item,low,NOVA-MOB-02,South,5.1
TKT-20260507-01324,2026-05-07,product_defect,low,NOVA-AUD-02,South,6.3
TKT-20260508-01325,2026-05-08,product_defect,low,NOVA-WBL-01,East,1.1
TKT-20260508-01326,2026-05-08,product_defect,low,NOVA-AUD-01,West,4.8
TKT-20260508-01327,2026-05-08,late_delivery,low,NOVA-CPT-01,East,4.3
TKT-20260508-01328,2026-05-08,wrong_item,low,NOVA-AUD-02,South,
TKT-20260508-01329,2026-05-08,wrong_item,low,NOVA-WBL-01,South,0.7
TKT-20260508-01330,2026-05-08,product_defect,low,NOVA-CPT-02,North,2.1
TKT-20260508-01331,2026-05-08,product_defect,low,NOVA-WBL-01,South,2.7
TKT-20260508-01332,2026-05-08,late_delivery,low,NOVA-WBL-01,South,6.3
TKT-20260508-01333,2026-05-08,billing,medium,,West,0.9
TKT-20260508-01334,2026-05-08,other,high,,North,
TKT-20260508-01335,2026-05-08,late_delivery,medium,NOVA-MOB-02,South,6.5
TKT-20260508-01336,2026-05-08,other,low,,North,2.2
TKT-20260508-01337,2026-05-08,damaged,medium,NOVA-AUD-02,South,5.6
TKT-20260508-01338,2026-05-08,damaged,low,NOVA-AUD-01,South,0.5
TKT-20260508-01339,2026-05-08,billing,medium,,East,6.2
TKT-20260508-01340,2026-05-08,billing,medium,,East,6.9
TKT-20260509-01341,2026-05-09,billing,low,,South,
TKT-20260509-01342,2026-05-09,product_defect,medium,NOVA-WBL-01,North,3.4
TKT-20260509-01343,2026-05-09,billing,high,,North,7.0
TKT-20260509-01344,2026-05-09,product_defect,low,NOVA-MOB-01,East,5.2
TKT-20260509-01345,2026-05-09,late_delivery,critical,NOVA-MOB-02,West,5.2
TKT-20260509-01346,2026-05-09,late_delivery,medium,NOVA-MOB-02,North,
TKT-20260509-01347,2026-05-09,late_delivery,medium,NOVA-MOB-01,South,1.4
TKT-20260509-01348,2026-05-09,late_delivery,high,NOVA-WBL-01,South,3.5
TKT-20260509-01349,2026-05-09,late_delivery,medium,NOVA-WBL-01,North,3.1
TKT-20260509-01350,2026-05-09,late_delivery,high,NOVA-AUD-02,North,4.6
TKT-20260509-01351,2026-05-09,other,low,,East,
TKT-20260509-01352,2026-05-09,wrong_item,low,NOVA-CPT-02,South,5.4
TKT-20260510-01353,2026-05-10,wrong_item,medium,NOVA-CPT-01,East,
TKT-20260510-01354,2026-05-10,wrong_item,high,NOVA-MOB-01,East,
TKT-20260510-01355,2026-05-10,damaged,low,NOVA-MOB-01,South,0.5
TKT-20260510-01356,2026-05-10,late_delivery,medium,NOVA-MOB-01,East,4.4
TKT-20260510-01357,2026-05-10,wrong_item,low,NOVA-MOB-01,West,5.8
TKT-20260510-01358,2026-05-10,other,medium,,West,5.2
TKT-20260510-01359,2026-05-10,wrong_item,high,NOVA-CPT-01,North,3.8
TKT-20260510-01360,2026-05-10,damaged,low,NOVA-WBL-01,West,5.0
TKT-20260510-01361,2026-05-10,late_delivery,medium,NOVA-CPT-01,West,3.6
TKT-20260510-01362,2026-05-10,wrong_item,low,NOVA-WBL-01,South,4.0
TKT-20260510-01363,2026-05-10,damaged,low,NOVA-WBL-01,West,6.1
TKT-20260510-01364,2026-05-10,other,low,,West,3.8
TKT-20260510-01365,2026-05-10,late_delivery,low,NOVA-AUD-01,East,2.7
TKT-20260510-01366,2026-05-10,late_delivery,medium,NOVA-MOB-02,North,2.9
TKT-20260511-01367,2026-05-11,late_delivery,medium,NOVA-WBL-01,East,4.0
TKT-20260511-01368,2026-05-11,product_defect,medium,NOVA-AUD-01,South,
TKT-20260511-01369,2026-05-11,late_delivery,low,NOVA-CPT-02,West,4.8
TKT-20260511-01370,2026-05-11,billing,medium,,East,6.4
TKT-20260511-01371,2026-05-11,wrong_item,high,NOVA-WBL-02,East,1.3
TKT-20260511-01372,2026-05-11,product_defect,medium,NOVA-WBL-02,East,1.2
TKT-20260511-01373,2026-05-11,product_defect,medium,NOVA-MOB-02,North,4.8
TKT-20260511-01374,2026-05-11,damaged,high,NOVA-AUD-01,West,6.1
TKT-20260511-01375,2026-05-11,damaged,low,NOVA-AUD-01,North,0.7
TKT-20260511-01376,2026-05-11,late_delivery,medium,NOVA-CPT-01,North,6.0
TKT-20260511-01377,2026-05-11,damaged,low,NOVA-WBL-01,South,3.6
TKT-20260511-01378,2026-05-11,other,low,,West,2.2
TKT-20260511-01379,2026-05-11,wrong_item,high,NOVA-MOB-02,East,1.8
TKT-20260511-01380,2026-05-11,other,low,,East,
TKT-20260511-01381,2026-05-11,product_defect,low,NOVA-AUD-01,East,
TKT-20260512-01382,2026-05-12,damaged,high,NOVA-AUD-01,South,
TKT-20260512-01383,2026-05-12,wrong_item,low,NOVA-AUD-02,South,3.2
TKT-20260512-01384,2026-05-12,product_defect,medium,NOVA-WBL-02,North,6.2
TKT-20260512-01385,2026-05-12,product_defect,high,NOVA-AUD-01,South,4.0
TKT-20260512-01386,2026-05-12,product_defect,critical,NOVA-AUD-02,East,6.6
TKT-20260512-01387,2026-05-12,billing,low,,West,
TKT-20260512-01388,2026-05-12,damaged,high,NOVA-WBL-02,West,4.4
TKT-20260512-01389,2026-05-12,damaged,high,NOVA-MOB-01,North,5.3
TKT-20260512-01390,2026-05-12,product_defect,low,NOVA-CPT-01,South,0.7
TKT-20260512-01391,2026-05-12,billing,high,,East,2.4
TKT-20260512-01392,2026-05-12,late_delivery,low,NOVA-MOB-01,North,6.7
TKT-20260513-01393,2026-05-13,product_defect,high,NOVA-AUD-01,South,2.2
TKT-20260513-01394,2026-05-13,billing,low,,East,3.2
TKT-20260513-01395,2026-05-13,late_delivery,medium,NOVA-MOB-02,East,1.3
TKT-20260513-01396,2026-05-13,late_delivery,high,NOVA-WBL-02,South,
TKT-20260513-01397,2026-05-13,wrong_item,high,NOVA-MOB-01,North,5.2
TKT-20260513-01398,2026-05-13,damaged,medium,NOVA-CPT-01,South,
TKT-20260513-01399,2026-05-13,billing,medium,,East,5.2
TKT-20260513-01400,2026-05-13,wrong_item,low,NOVA-MOB-01,East,4.0
TKT-20260513-01401,2026-05-13,product_defect,high,NOVA-CPT-01,East,2.6
TKT-20260513-01402,2026-05-13,late_delivery,low,NOVA-CPT-01,South,0.6
TKT-20260513-01403,2026-05-13,billing,high,,South,2.0
TKT-20260513-01404,2026-05-13,late_delivery,critical,NOVA-AUD-02,East,3.2
TKT-20260513-01405,2026-05-13,late_delivery,low,NOVA-MOB-02,East,0.7
TKT-20260513-01406,2026-05-13,wrong_item,low,NOVA-AUD-02,East,5.1
TKT-20260514-01407,2026-05-14,damaged,critical,NOVA-CPT-02,East,1.4
TKT-20260514-01408,2026-05-14,wrong_item,medium,NOVA-CPT-01,North,3.0
TKT-20260514-01409,2026-05-14,billing,medium,,West,2.3
TKT-20260514-01410,2026-05-14,late_delivery,medium,NOVA-AUD-01,East,4.1
TKT-20260514-01411,2026-05-14,late_delivery,medium,NOVA-MOB-01,West,5.7
TKT-20260514-01412,2026-05-14,product_defect,medium,NOVA-WBL-01,North,
TKT-20260514-01413,2026-05-14,late_delivery,medium,NOVA-WBL-02,West,
TKT-20260514-01414,2026-05-14,product_defect,low,NOVA-MOB-02,North,4.3
TKT-20260514-01415,2026-05-14,late_delivery,high,NOVA-AUD-02,West,3.0
TKT-20260514-01416,2026-05-14,damaged,medium,NOVA-CPT-01,East,2.2
TKT-20260514-01417,2026-05-14,damaged,medium,NOVA-WBL-02,South,2.8
TKT-20260514-01418,2026-05-14,damaged,high,NOVA-MOB-01,North,0.7
TKT-20260514-01419,2026-05-14,late_delivery,low,NOVA-CPT-02,West,6.1
TKT-20260515-01420,2026-05-15,other,low,,South,
TKT-20260515-01421,2026-05-15,late_delivery,low,NOVA-WBL-02,South,3.5
TKT-20260515-01422,2026-05-15,damaged,low,NOVA-CPT-02,North,2.5
TKT-20260515-01423,2026-05-15,damaged,low,NOVA-MOB-02,North,2.9
TKT-20260515-01424,2026-05-15,billing,low,,East,3.0
TKT-20260515-01425,2026-05-15,late_delivery,low,NOVA-CPT-02,East,6.3
TKT-20260515-01426,2026-05-15,product_defect,medium,NOVA-AUD-02,West,2.9
TKT-20260515-01427,2026-05-15,wrong_item,medium,NOVA-MOB-02,West,6.6
TKT-20260515-01428,2026-05-15,damaged,low,NOVA-WBL-02,South,
TKT-20260515-01429,2026-05-15,late_delivery,low,NOVA-AUD-02,West,5.4
TKT-20260515-01430,2026-05-15,product_defect,low,NOVA-AUD-01,North,6.3
TKT-20260515-01431,2026-05-15,late_delivery,medium,NOVA-WBL-02,South,
TKT-20260515-01432,2026-05-15,billing,medium,,North,2.5
TKT-20260515-01433,2026-05-15,product_defect,medium,NOVA-MOB-02,South,0.7
TKT-20260515-01434,2026-05-15,billing,high,,East,4.7
TKT-20260515-01435,2026-05-15,wrong_item,low,NOVA-MOB-01,West,
TKT-20260516-01436,2026-05-16,billing,medium,,West,6.1
TKT-20260516-01437,2026-05-16,late_delivery,medium,NOVA-AUD-02,North,5.6
TKT-20260516-01438,2026-05-16,late_delivery,medium,NOVA-MOB-01,East,0.5
TKT-20260516-01439,2026-05-16,damaged,medium,NOVA-CPT-01,West,4.3
TKT-20260516-01440,2026-05-16,damaged,low,NOVA-MOB-02,North,
TKT-20260516-01441,2026-05-16,late_delivery,high,NOVA-CPT-01,West,3.5
TKT-20260516-01442,2026-05-16,late_delivery,medium,NOVA-MOB-02,South,2.9
TKT-20260516-01443,2026-05-16,damaged,high,NOVA-MOB-01,East,6.5
TKT-20260516-01444,2026-05-16,late_delivery,medium,NOVA-CPT-01,North,6.8
TKT-20260516-01445,2026-05-16,late_delivery,low,NOVA-AUD-01,West,2.8
TKT-20260516-01446,2026-05-16,damaged,low,NOVA-CPT-01,South,5.9
TKT-20260516-01447,2026-05-16,product_defect,low,NOVA-MOB-01,West,6.4
TKT-20260516-01448,2026-05-16,damaged,low,NOVA-MOB-01,South,1.0
TKT-20260516-01449,2026-05-16,product_defect,low,NOVA-MOB-01,West,5.0
TKT-20260516-01450,2026-05-16,wrong_item,low,NOVA-AUD-02,West,4.7
TKT-20260517-01451,2026-05-17,damaged,high,NOVA-MOB-02,North,4.9
TKT-20260517-01452,2026-05-17,billing,high,,South,4.7
TKT-20260517-01453,2026-05-17,late_delivery,high,NOVA-MOB-01,North,5.0
TKT-20260517-01454,2026-05-17,late_delivery,high,NOVA-WBL-02,West,0.5
TKT-20260517-01455,2026-05-17,wrong_item,medium,NOVA-CPT-01,South,5.5
TKT-20260517-01456,2026-05-17,other,low,,South,4.7
TKT-20260517-01457,2026-05-17,billing,medium,,East,1.1
TKT-20260517-01458,2026-05-17,damaged,medium,NOVA-CPT-02,North,3.3
TKT-20260517-01459,2026-05-17,billing,high,,South,
TKT-20260517-01460,2026-05-17,other,high,,East,1.4
TKT-20260517-01461,2026-05-17,product_defect,low,NOVA-CPT-01,South,2.5
TKT-20260517-01462,2026-05-17,billing,low,,South,0.9
TKT-20260518-01463,2026-05-18,late_delivery,low,NOVA-MOB-01,East,6.7
TKT-20260518-01464,2026-05-18,wrong_item,high,NOVA-AUD-02,North,4.2
TKT-20260518-01465,2026-05-18,late_delivery,medium,NOVA-CPT-02,West,5.0
TKT-20260518-01466,2026-05-18,wrong_item,critical,NOVA-CPT-02,North,2.7
TKT-20260518-01467,2026-05-18,billing,critical,,East,4.8
TKT-20260518-01468,2026-05-18,billing,medium,,North,5.3
TKT-20260518-01469,2026-05-18,product_defect,high,NOVA-AUD-01,West,3.3
TKT-20260518-01470,2026-05-18,product_defect,medium,NOVA-WBL-02,East,1.8
TKT-20260518-01471,2026-05-18,late_delivery,low,NOVA-WBL-02,South,
TKT-20260518-01472,2026-05-18,late_delivery,high,NOVA-WBL-02,West,6.9
TKT-20260518-01473,2026-05-18,late_delivery,medium,NOVA-WBL-01,South,5.9
TKT-20260518-01474,2026-05-18,product_defect,medium,NOVA-MOB-02,South,4.1
TKT-20260519-01475,2026-05-19,product_defect,high,NOVA-CPT-02,West,4.5
TKT-20260519-01476,2026-05-19,late_delivery,medium,NOVA-AUD-02,North,4.0
TKT-20260519-01477,2026-05-19,billing,medium,,West,4.9
TKT-20260519-01478,2026-05-19,late_delivery,high,NOVA-MOB-02,West,3.3
TKT-20260519-01479,2026-05-19,late_delivery,high,NOVA-AUD-01,North,3.9
TKT-20260519-01480,2026-05-19,late_delivery,medium,NOVA-MOB-01,West,3.3
TKT-20260519-01481,2026-05-19,late_delivery,high,NOVA-AUD-02,South,6.0
TKT-20260519-01482,2026-05-19,late_delivery,medium,NOVA-AUD-02,North,3.8
TKT-20260519-01483,2026-05-19,damaged,low,NOVA-MOB-02,West,6.2
TKT-20260519-01484,2026-05-19,late_delivery,high,NOVA-AUD-02,West,1.2
TKT-20260519-01485,2026-05-19,late_delivery,medium,NOVA-WBL-01,North,1.1
TKT-20260519-01486,2026-05-19,late_delivery,low,NOVA-AUD-02,South,4.2
TKT-20260519-01487,2026-05-19,wrong_item,high,NOVA-WBL-02,East,2.3
TKT-20260519-01488,2026-05-19,billing,low,,East,
TKT-20260520-01489,2026-05-20,wrong_item,low,NOVA-MOB-02,North,
TKT-20260520-01490,2026-05-20,wrong_item,high,NOVA-AUD-02,West,5.1
TKT-20260520-01491,2026-05-20,billing,medium,,South,3.6
TKT-20260520-01492,2026-05-20,late_delivery,low,NOVA-WBL-01,West,
TKT-20260520-01493,2026-05-20,product_defect,high,NOVA-MOB-01,South,6.7
TKT-20260520-01494,2026-05-20,wrong_item,medium,NOVA-WBL-02,North,4.9
TKT-20260520-01495,2026-05-20,damaged,medium,NOVA-MOB-02,South,2.8
TKT-20260520-01496,2026-05-20,product_defect,low,NOVA-MOB-02,West,0.6
TKT-20260520-01497,2026-05-20,late_delivery,high,NOVA-AUD-01,West,0.7
TKT-20260520-01498,2026-05-20,billing,low,,North,6.9
TKT-20260520-01499,2026-05-20,wrong_item,low,NOVA-AUD-01,South,
TKT-20260520-01500,2026-05-20,wrong_item,low,NOVA-WBL-02,West,1.8
TKT-20260520-01501,2026-05-20,late_delivery,medium,NOVA-AUD-01,North,5.8
TKT-20260520-01502,2026-05-20,late_delivery,low,NOVA-WBL-01,East,2.7
TKT-20260521-01503,2026-05-21,late_delivery,medium,NOVA-CPT-01,South,
TKT-20260521-01504,2026-05-21,other,medium,,West,4.2
TKT-20260521-01505,2026-05-21,late_delivery,low,NOVA-CPT-02,North,1.7
TKT-20260521-01506,2026-05-21,late_delivery,low,NOVA-AUD-02,East,3.7
TKT-20260521-01507,2026-05-21,late_delivery,medium,NOVA-AUD-02,South,2.6
TKT-20260521-01508,2026-05-21,late_delivery,medium,NOVA-MOB-01,West,3.5
TKT-20260521-01509,2026-05-21,late_delivery,low,NOVA-WBL-01,East,4.5
TKT-20260521-01510,2026-05-21,late_delivery,low,NOVA-CPT-02,West,4.3
TKT-20260521-01511,2026-05-21,late_delivery,low,NOVA-WBL-01,South,5.1
TKT-20260521-01512,2026-05-21,other,critical,,North,1.3
TKT-20260521-01513,2026-05-21,late_delivery,high,NOVA-AUD-01,North,3.5
TKT-20260521-01514,2026-05-21,late_delivery,low,NOVA-MOB-01,West,5.9
TKT-20260521-01515,2026-05-21,billing,medium,,South,
TKT-20260521-01516,2026-05-21,late_delivery,medium,NOVA-AUD-02,West,2.0
TKT-20260521-01517,2026-05-21,late_delivery,medium,NOVA-MOB-02,West,3.4
TKT-20260521-01518,2026-05-21,product_defect,medium,NOVA-AUD-01,North,
TKT-20260522-01519,2026-05-22,product_defect,low,NOVA-WBL-01,East,4.3
TKT-20260522-01520,2026-05-22,billing,critical,,South,
TKT-20260522-01521,2026-05-22,late_delivery,low,NOVA-MOB-02,North,0.7
TKT-20260522-01522,2026-05-22,wrong_item,low,NOVA-AUD-02,South,4.1
TKT-20260522-01523,2026-05-22,other,medium,,South,
TKT-20260522-01524,2026-05-22,product_defect,medium,NOVA-MOB-02,West,7.0
TKT-20260522-01525,2026-05-22,late_delivery,medium,NOVA-MOB-02,East,
TKT-20260522-01526,2026-05-22,product_defect,high,NOVA-AUD-02,South,5.8
TKT-20260522-01527,2026-05-22,other,critical,,North,5.1
TKT-20260522-01528,2026-05-22,other,high,,South,3.8
TKT-20260522-01529,2026-05-22,damaged,medium,NOVA-AUD-02,West,4.4
TKT-20260522-01530,2026-05-22,product_defect,low,NOVA-CPT-01,East,
TKT-20260522-01531,2026-05-22,late_delivery,low,NOVA-WBL-01,West,5.0
TKT-20260522-01532,2026-05-22,product_defect,low,NOVA-AUD-01,North,6.2
TKT-20260522-01533,2026-05-22,other,medium,,North,1.5
TKT-20260523-01534,2026-05-23,late_delivery,medium,NOVA-MOB-01,East,7.0
TKT-20260523-01535,2026-05-23,damaged,low,NOVA-MOB-02,North,5.2
TKT-20260523-01536,2026-05-23,product_defect,medium,NOVA-WBL-01,South,0.6
TKT-20260523-01537,2026-05-23,late_delivery,medium,NOVA-CPT-01,North,5.7
TKT-20260523-01538,2026-05-23,billing,high,,North,4.8
TKT-20260523-01539,2026-05-23,wrong_item,low,NOVA-CPT-02,North,1.3
TKT-20260523-01540,2026-05-23,product_defect,high,NOVA-CPT-01,South,5.5
TKT-20260523-01541,2026-05-23,late_delivery,medium,NOVA-CPT-01,East,
TKT-20260523-01542,2026-05-23,wrong_item,critical,NOVA-MOB-01,North,6.9
TKT-20260523-01543,2026-05-23,billing,low,,South,
TKT-20260523-01544,2026-05-23,wrong_item,high,NOVA-AUD-02,West,1.2
TKT-20260523-01545,2026-05-23,billing,low,,North,3.5
TKT-20260523-01546,2026-05-23,other,low,,East,4.0
TKT-20260524-01547,2026-05-24,late_delivery,low,NOVA-AUD-02,South,4.0
TKT-20260524-01548,2026-05-24,product_defect,medium,NOVA-MOB-01,North,4.0
TKT-20260524-01549,2026-05-24,wrong_item,low,NOVA-CPT-01,North,2.2
TKT-20260524-01550,2026-05-24,product_defect,low,NOVA-CPT-02,East,1.7
TKT-20260524-01551,2026-05-24,billing,high,,West,4.2
TKT-20260524-01552,2026-05-24,late_delivery,critical,NOVA-WBL-01,South,
TKT-20260524-01553,2026-05-24,late_delivery,low,NOVA-WBL-02,West,1.5
TKT-20260524-01554,2026-05-24,billing,low,,East,3.2
TKT-20260524-01555,2026-05-24,wrong_item,medium,NOVA-CPT-01,East,5.7
TKT-20260524-01556,2026-05-24,late_delivery,low,NOVA-AUD-01,North,5.0
TKT-20260524-01557,2026-05-24,billing,high,,South,
TKT-20260525-01558,2026-05-25,wrong_item,low,NOVA-WBL-01,North,
TKT-20260525-01559,2026-05-25,product_defect,low,NOVA-CPT-02,South,7.0
TKT-20260525-01560,2026-05-25,product_defect,high,NOVA-WBL-01,West,1.4
TKT-20260525-01561,2026-05-25,product_defect,medium,NOVA-AUD-02,East,4.6
TKT-20260525-01562,2026-05-25,billing,high,,North,1.9
TKT-20260525-01563,2026-05-25,late_delivery,medium,NOVA-WBL-02,North,1.9
TKT-20260525-01564,2026-05-25,late_delivery,low,NOVA-MOB-02,West,6.0
TKT-20260525-01565,2026-05-25,product_defect,medium,NOVA-AUD-01,South,6.0
TKT-20260525-01566,2026-05-25,product_defect,medium,NOVA-AUD-02,East,0.9
TKT-20260525-01567,2026-05-25,product_defect,medium,NOVA-MOB-02,North,
TKT-20260525-01568,2026-05-25,late_delivery,high,NOVA-WBL-01,South,2.2
TKT-20260525-01569,2026-05-25,other,high,,North,4.7
TKT-20260525-01570,2026-05-25,product_defect,high,NOVA-CPT-01,North,5.5
TKT-20260525-01571,2026-05-25,other,low,,South,7.0
TKT-20260525-01572,2026-05-25,product_defect,medium,NOVA-WBL-01,West,1.2
TKT-20260526-01573,2026-05-26,wrong_item,critical,NOVA-MOB-02,West,
TKT-20260526-01574,2026-05-26,wrong_item,high,NOVA-AUD-01,West,6.8
TKT-20260526-01575,2026-05-26,billing,critical,,North,1.2
TKT-20260526-01576,2026-05-26,damaged,high,NOVA-AUD-02,West,1.6
TKT-20260526-01577,2026-05-26,late_delivery,low,NOVA-CPT-01,South,6.8
TKT-20260526-01578,2026-05-26,late_delivery,low,NOVA-MOB-01,North,1.4
TKT-20260526-01579,2026-05-26,wrong_item,medium,NOVA-MOB-01,North,6.7
TKT-20260526-01580,2026-05-26,other,medium,,East,4.6
TKT-20260526-01581,2026-05-26,wrong_item,low,NOVA-WBL-01,North,
TKT-20260526-01582,2026-05-26,late_delivery,critical,NOVA-AUD-01,West,
TKT-20260526-01583,2026-05-26,product_defect,low,NOVA-CPT-02,North,
TKT-20260526-01584,2026-05-26,late_delivery,low,NOVA-MOB-01,North,
TKT-20260526-01585,2026-05-26,other,medium,,South,
TKT-20260526-01586,2026-05-26,late_delivery,high,NOVA-MOB-01,North,4.5
TKT-20260526-01587,2026-05-26,billing,critical,,East,1.6
TKT-20260527-01588,2026-05-27,billing,medium,,West,6.3
TKT-20260527-01589,2026-05-27,late_delivery,critical,NOVA-MOB-01,North,1.6
TKT-20260527-01590,2026-05-27,other,medium,,West,3.5
TKT-20260527-01591,2026-05-27,late_delivery,medium,NOVA-WBL-02,North,2.7
TKT-20260527-01592,2026-05-27,damaged,low,NOVA-WBL-02,South,2.2
TKT-20260527-01593,2026-05-27,late_delivery,low,NOVA-CPT-01,East,
TKT-20260527-01594,2026-05-27,other,high,,South,1.4
TKT-20260527-01595,2026-05-27,late_delivery,high,NOVA-CPT-02,West,2.0
TKT-20260527-01596,2026-05-27,late_delivery,low,NOVA-MOB-02,East,6.6
TKT-20260527-01597,2026-05-27,other,medium,,South,6.8
TKT-20260527-01598,2026-05-27,product_defect,low,NOVA-WBL-02,North,5.3
TKT-20260527-01599,2026-05-27,late_delivery,low,NOVA-MOB-01,North,6.4
TKT-20260527-01600,2026-05-27,wrong_item,high,NOVA-MOB-01,North,5.5
TKT-20260528-01601,2026-05-28,late_delivery,medium,NOVA-MOB-02,East,5.1
TKT-20260528-01602,2026-05-28,late_delivery,low,NOVA-MOB-01,West,5.6
TKT-20260528-01603,2026-05-28,late_delivery,medium,NOVA-AUD-01,South,3.7
TKT-20260528-01604,2026-05-28,damaged,high,NOVA-AUD-01,East,5.2
TKT-20260528-01605,2026-05-28,late_delivery,medium,NOVA-WBL-02,East,5.6
TKT-20260528-01606,2026-05-28,product_defect,low,NOVA-AUD-01,North,1.6
TKT-20260528-01607,2026-05-28,late_delivery,medium,NOVA-WBL-01,East,4.1
TKT-20260528-01608,2026-05-28,wrong_item,low,NOVA-MOB-01,South,0.5
TKT-20260528-01609,2026-05-28,late_delivery,low,NOVA-MOB-01,South,5.5
TKT-20260528-01610,2026-05-28,other,medium,,North,0.9
TKT-20260528-01611,2026-05-28,billing,low,,North,
TKT-20260528-01612,2026-05-28,late_delivery,low,NOVA-MOB-01,West,1.2
TKT-20260528-01613,2026-05-28,other,low,,West,6.5
TKT-20260528-01614,2026-05-28,wrong_item,low,NOVA-AUD-02,West,
TKT-20260529-01615,2026-05-29,product_defect,medium,NOVA-CPT-01,West,6.2
TKT-20260529-01616,2026-05-29,other,low,,South,
TKT-20260529-01617,2026-05-29,wrong_item,medium,NOVA-CPT-02,South,3.6
TKT-20260529-01618,2026-05-29,damaged,critical,NOVA-AUD-02,South,6.8
TKT-20260529-01619,2026-05-29,late_delivery,medium,NOVA-AUD-01,South,6.6
TKT-20260529-01620,2026-05-29,billing,low,,North,3.9
TKT-20260529-01621,2026-05-29,wrong_item,low,NOVA-WBL-01,North,1.5
TKT-20260529-01622,2026-05-29,late_delivery,high,NOVA-WBL-01,North,4.4
TKT-20260529-01623,2026-05-29,damaged,low,NOVA-AUD-01,West,
TKT-20260529-01624,2026-05-29,late_delivery,low,NOVA-AUD-02,West,3.3
TKT-20260529-01625,2026-05-29,late_delivery,medium,NOVA-AUD-01,East,0.8
TKT-20260529-01626,2026-05-29,billing,low,,North,6.4
TKT-20260529-01627,2026-05-29,damaged,high,NOVA-AUD-01,East,2.9
TKT-20260529-01628,2026-05-29,product_defect,low,NOVA-CPT-02,South,
TKT-20260530-01629,2026-05-30,damaged,high,NOVA-AUD-02,East,2.1
TKT-20260530-01630,2026-05-30,late_delivery,medium,NOVA-AUD-02,South,3.4
TKT-20260530-01631,2026-05-30,product_defect,medium,NOVA-AUD-01,South,6.4
TKT-20260530-01632,2026-05-30,billing,medium,,North,6.3
TKT-20260530-01633,2026-05-30,product_defect,low,NOVA-WBL-02,South,5.9
TKT-20260530-01634,2026-05-30,damaged,low,NOVA-MOB-01,East,1.2
TKT-20260530-01635,2026-05-30,billing,high,,North,2.4
TKT-20260530-01636,2026-05-30,late_delivery,low,NOVA-MOB-02,East,4.2
TKT-20260530-01637,2026-05-30,late_delivery,low,NOVA-CPT-01,North,0.7
TKT-20260530-01638,2026-05-30,product_defect,low,NOVA-WBL-01,North,
TKT-20260530-01639,2026-05-30,damaged,medium,NOVA-AUD-01,West,3.0
TKT-20260531-01640,2026-05-31,product_defect,high,NOVA-MOB-01,South,1.1
TKT-20260531-01641,2026-05-31,late_delivery,high,NOVA-CPT-01,South,6.8
TKT-20260531-01642,2026-05-31,billing,critical,,East,6.8
TKT-20260531-01643,2026-05-31,damaged,medium,NOVA-MOB-01,East,2.4
TKT-20260531-01644,2026-05-31,late_delivery,high,NOVA-CPT-02,West,2.6
TKT-20260531-01645,2026-05-31,product_defect,medium,NOVA-CPT-01,East,1.6
TKT-20260531-01646,2026-05-31,late_delivery,critical,NOVA-CPT-02,West,
TKT-20260531-01647,2026-05-31,late_delivery,low,NOVA-CPT-02,North,5.7
TKT-20260531-01648,2026-05-31,late_delivery,medium,NOVA-AUD-02,North,0.9
TKT-20260531-01649,2026-05-31,product_defect,low,NOVA-WBL-02,West,
TKT-20260531-01650,2026-05-31,late_delivery,high,NOVA-AUD-02,East,6.5
TKT-20260531-01651,2026-05-31,wrong_item,low,NOVA-WBL-02,West,1.2
TKT-20260531-01652,2026-05-31,wrong_item,low,NOVA-CPT-02,South,3.8
TKT-20260531-01653,2026-05-31,wrong_item,low,NOVA-AUD-02,East,6.5
TKT-20260531-01654,2026-05-31,late_delivery,medium,NOVA-AUD-02,North,
TKT-20260601-01655,2026-06-01,late_delivery,low,NOVA-CPT-02,West,4.7
TKT-20260601-01656,2026-06-01,damaged,critical,NOVA-AUD-02,East,5.3
TKT-20260601-01657,2026-06-01,product_defect,low,NOVA-CPT-02,South,
TKT-20260601-01658,2026-06-01,product_defect,high,NOVA-AUD-01,West,3.1
TKT-20260601-01659,2026-06-01,late_delivery,low,NOVA-AUD-02,North,4.0
TKT-20260601-01660,2026-06-01,other,low,,East,
TKT-20260601-01661,2026-06-01,product_defect,low,NOVA-CPT-01,East,6.6
TKT-20260601-01662,2026-06-01,wrong_item,low,NOVA-MOB-02,South,3.3
TKT-20260601-01663,2026-06-01,other,medium,,North,3.6
TKT-20260601-01664,2026-06-01,damaged,low,NOVA-CPT-02,East,4.9
TKT-20260601-01665,2026-06-01,wrong_item,critical,NOVA-AUD-01,South,2.7
TKT-20260602-01666,2026-06-02,other,medium,,West,5.4
TKT-20260602-01667,2026-06-02,late_delivery,medium,NOVA-CPT-02,East,1.2
TKT-20260602-01668,2026-06-02,product_defect,low,NOVA-MOB-02,West,6.4
TKT-20260602-01669,2026-06-02,late_delivery,high,NOVA-AUD-02,South,6.9
TKT-20260602-01670,2026-06-02,product_defect,low,NOVA-CPT-01,East,1.6
TKT-20260602-01671,2026-06-02,other,medium,,North,6.1
TKT-20260602-01672,2026-06-02,damaged,medium,NOVA-MOB-02,North,3.1
TKT-20260602-01673,2026-06-02,billing,medium,,South,5.9
TKT-20260602-01674,2026-06-02,late_delivery,medium,NOVA-MOB-01,North,0.9
TKT-20260602-01675,2026-06-02,product_defect,low,NOVA-MOB-01,East,6.8
TKT-20260602-01676,2026-06-02,late_delivery,high,NOVA-WBL-01,East,0.6
TKT-20260602-01677,2026-06-02,product_defect,high,NOVA-AUD-01,North,2.7
TKT-20260602-01678,2026-06-02,late_delivery,medium,NOVA-MOB-01,East,5.0
TKT-20260603-01679,2026-06-03,late_delivery,low,NOVA-WBL-02,West,1.1
TKT-20260603-01680,2026-06-03,billing,medium,,West,1.8
TKT-20260603-01681,2026-06-03,late_delivery,low,NOVA-WBL-01,South,1.7
TKT-20260603-01682,2026-06-03,late_delivery,low,NOVA-AUD-02,North,0.8
TKT-20260603-01683,2026-06-03,product_defect,critical,NOVA-CPT-02,West,0.5
TKT-20260603-01684,2026-06-03,late_delivery,low,NOVA-WBL-01,East,4.0
TKT-20260603-01685,2026-06-03,wrong_item,low,NOVA-AUD-01,North,3.2
TKT-20260603-01686,2026-06-03,product_defect,low,NOVA-MOB-02,North,
TKT-20260603-01687,2026-06-03,billing,low,,East,4.7
TKT-20260603-01688,2026-06-03,wrong_item,high,NOVA-WBL-02,South,
TKT-20260603-01689,2026-06-03,late_delivery,medium,NOVA-MOB-02,North,6.8
TKT-20260604-01690,2026-06-04,late_delivery,low,NOVA-AUD-02,South,5.2
TKT-20260604-01691,2026-06-04,late_delivery,low,NOVA-MOB-02,East,5.7
TKT-20260604-01692,2026-06-04,late_delivery,high,NOVA-WBL-01,West,1.1
TKT-20260604-01693,2026-06-04,late_delivery,low,NOVA-CPT-02,West,4.7
TKT-20260604-01694,2026-06-04,other,low,,North,1.4
TKT-20260604-01695,2026-06-04,wrong_item,medium,NOVA-MOB-01,South,3.5
TKT-20260604-01696,2026-06-04,late_delivery,low,NOVA-AUD-01,South,0.6
TKT-20260604-01697,2026-06-04,damaged,medium,NOVA-MOB-02,North,2.2
TKT-20260604-01698,2026-06-04,wrong_item,low,NOVA-AUD-01,West,4.4
TKT-20260604-01699,2026-06-04,other,high,,East,
TKT-20260604-01700,2026-06-04,product_defect,medium,NOVA-WBL-01,East,3.5
TKT-20260604-01701,2026-06-04,damaged,medium,NOVA-AUD-01,West,
TKT-20260605-01702,2026-06-05,wrong_item,medium,NOVA-CPT-02,North,0.8
TKT-20260605-01703,2026-06-05,product_defect,low,NOVA-CPT-01,South,
TKT-20260605-01704,2026-06-05,late_delivery,low,NOVA-MOB-02,North,6.2
TKT-20260605-01705,2026-06-05,product_defect,low,NOVA-MOB-01,East,1.8
TKT-20260605-01706,2026-06-05,other,high,,East,5.5
TKT-20260605-01707,2026-06-05,product_defect,low,NOVA-WBL-01,West,2.5
TKT-20260605-01708,2026-06-05,damaged,medium,NOVA-MOB-01,North,2.2
TKT-20260605-01709,2026-06-05,billing,medium,,North,
TKT-20260605-01710,2026-06-05,product_defect,medium,NOVA-CPT-01,South,4.3
TKT-20260605-01711,2026-06-05,late_delivery,medium,NOVA-CPT-02,West,2.4
TKT-20260605-01712,2026-06-05,wrong_item,medium,NOVA-AUD-01,South,3.6
TKT-20260605-01713,2026-06-05,wrong_item,medium,NOVA-CPT-02,East,0.8
TKT-20260606-01714,2026-06-06,late_delivery,high,NOVA-WBL-02,South,
TKT-20260606-01715,2026-06-06,late_delivery,high,NOVA-CPT-02,East,
TKT-20260606-01716,2026-06-06,other,high,,East,0.9
TKT-20260606-01717,2026-06-06,product_defect,low,NOVA-WBL-02,North,5.6
TKT-20260606-01718,2026-06-06,product_defect,low,NOVA-MOB-02,East,3.9
TKT-20260606-01719,2026-06-06,billing,high,,East,2.6
TKT-20260606-01720,2026-06-06,late_delivery,low,NOVA-WBL-01,East,2.9
TKT-20260606-01721,2026-06-06,product_defect,low,NOVA-AUD-02,East,0.8
TKT-20260606-01722,2026-06-06,late_delivery,medium,NOVA-WBL-02,North,1.1
TKT-20260606-01723,2026-06-06,damaged,high,NOVA-CPT-02,North,0.9
TKT-20260606-01724,2026-06-06,wrong_item,low,NOVA-WBL-01,North,1.1
TKT-20260606-01725,2026-06-06,product_defect,medium,NOVA-CPT-01,South,3.6
TKT-20260607-01726,2026-06-07,wrong_item,medium,NOVA-WBL-01,East,3.7
TKT-20260607-01727,2026-06-07,other,critical,,East,0.9
TKT-20260607-01728,2026-06-07,product_defect,medium,NOVA-CPT-02,East,3.5
TKT-20260607-01729,2026-06-07,late_delivery,high,NOVA-AUD-02,North,1.3
TKT-20260607-01730,2026-06-07,wrong_item,medium,NOVA-CPT-01,South,1.2
TKT-20260607-01731,2026-06-07,product_defect,critical,NOVA-WBL-02,East,4.2
TKT-20260607-01732,2026-06-07,product_defect,medium,NOVA-WBL-01,East,2.0
TKT-20260607-01733,2026-06-07,late_delivery,low,NOVA-MOB-01,East,6.1
TKT-20260607-01734,2026-06-07,late_delivery,low,NOVA-AUD-01,South,2.0
TKT-20260607-01735,2026-06-07,late_delivery,high,NOVA-CPT-01,East,5.8
TKT-20260607-01736,2026-06-07,billing,medium,,South,
TKT-20260607-01737,2026-06-07,product_defect,high,NOVA-CPT-01,North,6.2
TKT-20260607-01738,2026-06-07,other,low,,North,1.1
TKT-20260607-01739,2026-06-07,damaged,high,NOVA-MOB-02,North,1.3
TKT-20260607-01740,2026-06-07,late_delivery,medium,NOVA-CPT-02,East,1.3
TKT-20260608-01741,2026-06-08,late_delivery,low,NOVA-MOB-01,North,1.8
TKT-20260608-01742,2026-06-08,billing,low,,East,5.5
TKT-20260608-01743,2026-06-08,wrong_item,medium,NOVA-AUD-01,West,1.1
TKT-20260608-01744,2026-06-08,late_delivery,critical,NOVA-CPT-01,North,4.0
TKT-20260608-01745,2026-06-08,late_delivery,medium,NOVA-AUD-01,West,4.9
TKT-20260608-01746,2026-06-08,damaged,medium,NOVA-CPT-01,East,6.1
TKT-20260608-01747,2026-06-08,billing,high,,East,4.5
TKT-20260608-01748,2026-06-08,damaged,high,NOVA-WBL-01,South,5.5
TKT-20260608-01749,2026-06-08,product_defect,high,NOVA-MOB-02,East,4.7
TKT-20260608-01750,2026-06-08,wrong_item,low,NOVA-WBL-01,South,0.8
TKT-20260608-01751,2026-06-08,product_defect,high,NOVA-MOB-01,East,6.4
TKT-20260609-01752,2026-06-09,late_delivery,medium,NOVA-MOB-02,South,2.3
TKT-20260609-01753,2026-06-09,wrong_item,low,NOVA-WBL-02,South,2.1
TKT-20260609-01754,2026-06-09,wrong_item,medium,NOVA-AUD-02,West,0.8
TKT-20260609-01755,2026-06-09,product_defect,low,NOVA-MOB-02,West,3.5
TKT-20260609-01756,2026-06-09,late_delivery,high,NOVA-WBL-01,West,1.9
TKT-20260609-01757,2026-06-09,billing,critical,,North,
TKT-20260609-01758,2026-06-09,late_delivery,low,NOVA-MOB-01,East,5.9
TKT-20260609-01759,2026-06-09,late_delivery,critical,NOVA-AUD-01,West,0.9
TKT-20260609-01760,2026-06-09,late_delivery,medium,NOVA-MOB-01,North,1.4
TKT-20260609-01761,2026-06-09,wrong_item,low,NOVA-MOB-01,East,0.6
TKT-20260609-01762,2026-06-09,wrong_item,low,NOVA-AUD-01,East,0.5
TKT-20260609-01763,2026-06-09,late_delivery,low,NOVA-AUD-01,South,6.5
TKT-20260609-01764,2026-06-09,product_defect,low,NOVA-MOB-01,West,5.0
TKT-20260610-01765,2026-06-10,billing,low,,West,1.8
TKT-20260610-01766,2026-06-10,other,low,,North,1.2
TKT-20260610-01767,2026-06-10,product_defect,low,NOVA-WBL-01,East,3.8
TKT-20260610-01768,2026-06-10,late_delivery,medium,NOVA-AUD-01,North,4.3
TKT-20260610-01769,2026-06-10,wrong_item,medium,NOVA-AUD-01,North,
TKT-20260610-01770,2026-06-10,late_delivery,high,NOVA-CPT-02,North,3.8
TKT-20260610-01771,2026-06-10,product_defect,high,NOVA-MOB-01,East,3.4
TKT-20260610-01772,2026-06-10,product_defect,low,NOVA-CPT-02,South,4.5
TKT-20260610-01773,2026-06-10,product_defect,low,NOVA-AUD-01,East,
TKT-20260610-01774,2026-06-10,wrong_item,medium,NOVA-AUD-01,East,4.1
TKT-20260610-01775,2026-06-10,product_defect,critical,NOVA-AUD-02,East,1.2
TKT-20260610-01776,2026-06-10,other,low,,North,6.8
TKT-20260610-01777,2026-06-10,late_delivery,critical,NOVA-CPT-02,West,6.4
TKT-20260610-01778,2026-06-10,other,high,,North,4.5
TKT-20260611-01779,2026-06-11,damaged,low,NOVA-WBL-02,North,0.6
TKT-20260611-01780,2026-06-11,wrong_item,low,NOVA-WBL-02,South,
TKT-20260611-01781,2026-06-11,wrong_item,medium,NOVA-MOB-02,North,3.2
TKT-20260611-01782,2026-06-11,wrong_item,medium,NOVA-CPT-01,East,
TKT-20260611-01783,2026-06-11,billing,medium,,South,4.4
TKT-20260611-01784,2026-06-11,product_defect,medium,NOVA-WBL-01,East,6.5
TKT-20260611-01785,2026-06-11,late_delivery,medium,NOVA-MOB-01,East,2.5
TKT-20260611-01786,2026-06-11,wrong_item,medium,NOVA-MOB-02,North,0.8
TKT-20260611-01787,2026-06-11,other,medium,,South,
TKT-20260611-01788,2026-06-11,product_defect,high,NOVA-CPT-02,North,6.9
TKT-20260611-01789,2026-06-11,billing,high,,North,3.9
TKT-20260611-01790,2026-06-11,product_defect,medium,NOVA-WBL-02,North,
TKT-20260611-01791,2026-06-11,wrong_item,medium,NOVA-MOB-01,North,
TKT-20260612-01792,2026-06-12,late_delivery,low,NOVA-CPT-01,West,4.3
TKT-20260612-01793,2026-06-12,wrong_item,low,NOVA-AUD-01,North,
TKT-20260612-01794,2026-06-12,wrong_item,low,NOVA-AUD-02,South,3.8
TKT-20260612-01795,2026-06-12,late_delivery,high,NOVA-AUD-01,North,1.6
TKT-20260612-01796,2026-06-12,product_defect,high,NOVA-WBL-02,West,5.6
TKT-20260612-01797,2026-06-12,wrong_item,high,NOVA-CPT-02,East,2.1
TKT-20260612-01798,2026-06-12,wrong_item,medium,NOVA-WBL-02,North,2.8
TKT-20260612-01799,2026-06-12,damaged,low,NOVA-MOB-02,South,1.4
TKT-20260612-01800,2026-06-12,other,low,,West,3.0
TKT-20260612-01801,2026-06-12,other,medium,,North,4.2
TKT-20260612-01802,2026-06-12,wrong_item,low,NOVA-MOB-02,West,0.5
TKT-20260612-01803,2026-06-12,late_delivery,high,NOVA-CPT-02,West,5.6
TKT-20260612-01804,2026-06-12,late_delivery,critical,NOVA-WBL-02,West,0.8
TKT-20260612-01805,2026-06-12,damaged,low,NOVA-MOB-02,South,3.6
TKT-20260612-01806,2026-06-12,late_delivery,medium,NOVA-MOB-01,North,1.1
TKT-20260612-01807,2026-06-12,wrong_item,high,NOVA-MOB-01,West,1.1
TKT-20260613-01808,2026-06-13,wrong_item,low,NOVA-AUD-02,East,6.5
TKT-20260613-01809,2026-06-13,billing,high,,North,2.2
TKT-20260613-01810,2026-06-13,product_defect,low,NOVA-WBL-01,North,0.9
TKT-20260613-01811,2026-06-13,product_defect,high,NOVA-MOB-01,North,
TKT-20260613-01812,2026-06-13,late_delivery,medium,NOVA-CPT-01,West,1.5
TKT-20260613-01813,2026-06-13,damaged,high,NOVA-CPT-01,East,6.3
TKT-20260613-01814,2026-06-13,product_defect,medium,NOVA-AUD-01,East,6.9
TKT-20260613-01815,2026-06-13,damaged,low,NOVA-WBL-02,East,1.1
TKT-20260613-01816,2026-06-13,wrong_item,low,NOVA-AUD-02,South,
TKT-20260613-01817,2026-06-13,product_defect,low,NOVA-CPT-02,North,
TKT-20260613-01818,2026-06-13,product_defect,medium,NOVA-AUD-01,South,4.2
TKT-20260613-01819,2026-06-13,wrong_item,low,NOVA-CPT-01,West,3.7
TKT-20260613-01820,2026-06-13,billing,medium,,West,
TKT-20260614-01821,2026-06-14,damaged,low,NOVA-CPT-01,North,
TKT-20260614-01822,2026-06-14,late_delivery,high,NOVA-WBL-01,West,
TKT-20260614-01823,2026-06-14,damaged,high,NOVA-CPT-02,South,2.2
TKT-20260614-01824,2026-06-14,billing,low,,South,4.4
TKT-20260614-01825,2026-06-14,late_delivery,high,NOVA-CPT-02,North,6.9
TKT-20260614-01826,2026-06-14,late_delivery,low,NOVA-WBL-02,East,
TKT-20260614-01827,2026-06-14,late_delivery,high,NOVA-MOB-01,North,4.9
TKT-20260614-01828,2026-06-14,late_delivery,low,NOVA-WBL-02,North,2.4
TKT-20260614-01829,2026-06-14,late_delivery,low,NOVA-CPT-02,East,3.5
TKT-20260614-01830,2026-06-14,wrong_item,low,NOVA-CPT-02,West,4.8
TKT-20260614-01831,2026-06-14,late_delivery,low,NOVA-AUD-01,East,6.6
TKT-20260614-01832,2026-06-14,damaged,low,NOVA-WBL-02,West,4.0
TKT-20260614-01833,2026-06-14,wrong_item,medium,NOVA-MOB-01,West,0.7
TKT-20260614-01834,2026-06-14,late_delivery,low,NOVA-CPT-01,West,2.3
TKT-20260614-01835,2026-06-14,late_delivery,low,NOVA-MOB-02,East,0.6
TKT-20260615-01836,2026-06-15,late_delivery,medium,NOVA-AUD-02,North,2.1
TKT-20260615-01837,2026-06-15,damaged,medium,NOVA-CPT-01,East,3.9
TKT-20260615-01838,2026-06-15,wrong_item,critical,NOVA-CPT-01,East,
TKT-20260615-01839,2026-06-15,wrong_item,low,NOVA-AUD-02,North,1.0
TKT-20260615-01840,2026-06-15,late_delivery,low,NOVA-WBL-01,North,4.2
TKT-20260615-01841,2026-06-15,late_delivery,low,NOVA-CPT-01,East,5.2
TKT-20260615-01842,2026-06-15,product_defect,high,NOVA-CPT-01,South,5.2
TKT-20260615-01843,2026-06-15,late_delivery,medium,NOVA-AUD-01,West,6.1
TKT-20260615-01844,2026-06-15,late_delivery,medium,NOVA-AUD-02,West,
TKT-20260615-01845,2026-06-15,other,medium,,North,
TKT-20260615-01846,2026-06-15,product_defect,low,NOVA-WBL-01,North,6.4
TKT-20260615-01847,2026-06-15,wrong_item,medium,NOVA-MOB-01,North,7.0
TKT-20260615-01848,2026-06-15,other,medium,,East,6.9
TKT-20260615-01849,2026-06-15,damaged,medium,NOVA-CPT-02,East,1.9
TKT-20260615-01850,2026-06-15,damaged,low,NOVA-CPT-01,North,3.8
TKT-20260616-01851,2026-06-16,other,medium,,South,3.2
TKT-20260616-01852,2026-06-16,billing,high,,West,2.7
TKT-20260616-01853,2026-06-16,damaged,low,NOVA-AUD-01,West,5.1
TKT-20260616-01854,2026-06-16,other,medium,,East,3.8
TKT-20260616-01855,2026-06-16,other,critical,,North,3.4
TKT-20260616-01856,2026-06-16,product_defect,medium,NOVA-AUD-01,North,6.6
TKT-20260616-01857,2026-06-16,product_defect,high,NOVA-MOB-02,South,4.8
TKT-20260616-01858,2026-06-16,product_defect,low,NOVA-MOB-02,East,6.0
TKT-20260616-01859,2026-06-16,late_delivery,low,NOVA-CPT-01,South,3.5
TKT-20260616-01860,2026-06-16,damaged,low,NOVA-AUD-02,North,0.7
TKT-20260616-01861,2026-06-16,late_delivery,low,NOVA-AUD-02,West,6.5
TKT-20260616-01862,2026-06-16,other,low,,West,
TKT-20260616-01863,2026-06-16,wrong_item,medium,NOVA-WBL-01,West,6.9
TKT-20260616-01864,2026-06-16,late_delivery,medium,NOVA-AUD-02,West,1.2
TKT-20260616-01865,2026-06-16,wrong_item,critical,NOVA-MOB-01,South,5.1
TKT-20260617-01866,2026-06-17,wrong_item,high,NOVA-AUD-02,North,1.3
TKT-20260617-01867,2026-06-17,damaged,low,NOVA-WBL-01,West,
TKT-20260617-01868,2026-06-17,damaged,critical,NOVA-CPT-02,North,3.5
TKT-20260617-01869,2026-06-17,billing,medium,,East,2.6
TKT-20260617-01870,2026-06-17,product_defect,high,NOVA-AUD-02,West,5.4
TKT-20260617-01871,2026-06-17,wrong_item,high,NOVA-AUD-02,West,0.6
TKT-20260617-01872,2026-06-17,billing,high,,North,3.3
TKT-20260617-01873,2026-06-17,product_defect,medium,NOVA-WBL-01,East,3.3
TKT-20260617-01874,2026-06-17,other,medium,,East,4.2
TKT-20260617-01875,2026-06-17,late_delivery,critical,NOVA-MOB-01,East,3.1
TKT-20260617-01876,2026-06-17,other,low,,East,6.1
TKT-20260617-01877,2026-06-17,billing,low,,North,6.8
TKT-20260617-01878,2026-06-17,product_defect,low,NOVA-MOB-02,South,
TKT-20260617-01879,2026-06-17,late_delivery,low,NOVA-CPT-02,South,6.1
TKT-20260617-01880,2026-06-17,late_delivery,medium,NOVA-AUD-01,West,3.8
TKT-20260617-01881,2026-06-17,damaged,low,NOVA-MOB-01,East,3.0
TKT-20260618-01882,2026-06-18,billing,low,,North,1.3
TKT-20260618-01883,2026-06-18,late_delivery,low,NOVA-MOB-01,North,2.1
TKT-20260618-01884,2026-06-18,late_delivery,low,NOVA-CPT-02,South,1.8
TKT-20260618-01885,2026-06-18,damaged,critical,NOVA-CPT-01,South,4.1
TKT-20260618-01886,2026-06-18,late_delivery,low,NOVA-WBL-01,West,2.5
TKT-20260618-01887,2026-06-18,billing,high,,South,6.4
TKT-20260618-01888,2026-06-18,late_delivery,critical,NOVA-WBL-01,North,0.9
TKT-20260618-01889,2026-06-18,billing,medium,,North,
TKT-20260618-01890,2026-06-18,late_delivery,low,NOVA-WBL-01,East,1.9
TKT-20260618-01891,2026-06-18,damaged,low,NOVA-WBL-02,South,5.9
TKT-20260618-01892,2026-06-18,damaged,high,NOVA-AUD-01,South,1.5
TKT-20260618-01893,2026-06-18,billing,medium,,North,
TKT-20260618-01894,2026-06-18,other,low,,East,
TKT-20260618-01895,2026-06-18,wrong_item,high,NOVA-MOB-01,West,
TKT-20260618-01896,2026-06-18,late_delivery,low,NOVA-MOB-01,South,6.3
TKT-20260619-01897,2026-06-19,late_delivery,medium,NOVA-WBL-01,West,2.2
TKT-20260619-01898,2026-06-19,late_delivery,medium,NOVA-AUD-02,East,3.0
TKT-20260619-01899,2026-06-19,late_delivery,medium,NOVA-MOB-02,East,1.6
TKT-20260619-01900,2026-06-19,wrong_item,medium,NOVA-MOB-02,South,4.1
TKT-20260619-01901,2026-06-19,product_defect,medium,NOVA-WBL-01,West,6.9
TKT-20260619-01902,2026-06-19,product_defect,low,NOVA-MOB-01,West,
TKT-20260619-01903,2026-06-19,product_defect,medium,NOVA-AUD-02,East,3.8
TKT-20260619-01904,2026-06-19,late_delivery,medium,NOVA-CPT-01,West,5.9
TKT-20260619-01905,2026-06-19,product_defect,medium,NOVA-AUD-02,East,4.4
TKT-20260619-01906,2026-06-19,late_delivery,medium,NOVA-AUD-01,West,3.0
TKT-20260619-01907,2026-06-19,late_delivery,low,NOVA-CPT-02,East,6.9
TKT-20260619-01908,2026-06-19,other,medium,,West,0.7
TKT-20260619-01909,2026-06-19,late_delivery,low,NOVA-CPT-02,North,0.9
TKT-20260619-01910,2026-06-19,late_delivery,medium,NOVA-AUD-02,North,3.4
TKT-20260619-01911,2026-06-19,product_defect,high,NOVA-CPT-02,South,5.8
TKT-20260620-01912,2026-06-20,late_delivery,high,NOVA-CPT-02,North,2.1
TKT-20260620-01913,2026-06-20,late_delivery,low,NOVA-AUD-02,East,2.1
TKT-20260620-01914,2026-06-20,wrong_item,high,NOVA-MOB-02,South,2.6
TKT-20260620-01915,2026-06-20,product_defect,low,NOVA-MOB-02,North,2.2
TKT-20260620-01916,2026-06-20,late_delivery,medium,NOVA-CPT-01,South,
TKT-20260620-01917,2026-06-20,product_defect,low,NOVA-AUD-01,South,5.1
TKT-20260620-01918,2026-06-20,wrong_item,medium,NOVA-WBL-02,North,4.2
TKT-20260620-01919,2026-06-20,late_delivery,critical,NOVA-CPT-01,West,5.0
TKT-20260620-01920,2026-06-20,wrong_item,medium,NOVA-WBL-02,West,
TKT-20260620-01921,2026-06-20,late_delivery,critical,NOVA-MOB-01,South,1.1
TKT-20260620-01922,2026-06-20,product_defect,medium,NOVA-MOB-02,West,0.9
TKT-20260620-01923,2026-06-20,wrong_item,critical,NOVA-WBL-02,West,
TKT-20260620-01924,2026-06-20,wrong_item,low,NOVA-MOB-01,North,6.4
TKT-20260620-01925,2026-06-20,other,medium,,South,3.5
TKT-20260620-01926,2026-06-20,billing,low,,West,4.1
TKT-20260621-01927,2026-06-21,product_defect,low,NOVA-AUD-02,South,2.3
TKT-20260621-01928,2026-06-21,damaged,medium,NOVA-MOB-02,North,1.1
TKT-20260621-01929,2026-06-21,damaged,medium,NOVA-MOB-02,South,
TKT-20260621-01930,2026-06-21,late_delivery,low,NOVA-WBL-01,West,
TKT-20260621-01931,2026-06-21,product_defect,low,NOVA-CPT-02,South,6.4
TKT-20260621-01932,2026-06-21,product_defect,low,NOVA-CPT-02,West,0.9
TKT-20260621-01933,2026-06-21,wrong_item,low,NOVA-CPT-02,North,5.1
TKT-20260621-01934,2026-06-21,other,medium,,North,1.6
TKT-20260621-01935,2026-06-21,product_defect,low,NOVA-CPT-02,North,6.1
TKT-20260621-01936,2026-06-21,late_delivery,low,NOVA-CPT-01,East,6.9
TKT-20260621-01937,2026-06-21,damaged,low,NOVA-CPT-01,South,5.1
TKT-20260621-01938,2026-06-21,late_delivery,high,NOVA-CPT-01,West,2.7
TKT-20260621-01939,2026-06-21,product_defect,medium,NOVA-WBL-02,North,1.1
TKT-20260621-01940,2026-06-21,late_delivery,medium,NOVA-MOB-01,West,
TKT-20260621-01941,2026-06-21,billing,low,,West,5.5
TKT-20260622-01942,2026-06-22,product_defect,medium,NOVA-MOB-02,West,3.5
TKT-20260622-01943,2026-06-22,late_delivery,high,NOVA-WBL-02,West,2.0
TKT-20260622-01944,2026-06-22,late_delivery,low,NOVA-WBL-01,South,6.7
TKT-20260622-01945,2026-06-22,late_delivery,low,NOVA-WBL-02,North,2.9
TKT-20260622-01946,2026-06-22,late_delivery,critical,NOVA-WBL-02,South,6.2
TKT-20260622-01947,2026-06-22,billing,medium,,East,5.3
TKT-20260622-01948,2026-06-22,other,low,,South,
TKT-20260622-01949,2026-06-22,billing,high,,East,6.3
TKT-20260622-01950,2026-06-22,billing,low,,North,
TKT-20260622-01951,2026-06-22,product_defect,medium,NOVA-MOB-02,South,1.6
TKT-20260622-01952,2026-06-22,product_defect,medium,NOVA-AUD-01,East,4.7
TKT-20260622-01953,2026-06-22,product_defect,low,NOVA-CPT-02,East,2.9
TKT-20260622-01954,2026-06-22,wrong_item,low,NOVA-MOB-02,West,1.7
TKT-20260622-01955,2026-06-22,product_defect,critical,NOVA-MOB-02,South,1.0
TKT-20260623-01956,2026-06-23,late_delivery,medium,NOVA-MOB-01,North,
TKT-20260623-01957,2026-06-23,late_delivery,low,NOVA-AUD-01,North,2.4
TKT-20260623-01958,2026-06-23,late_delivery,high,NOVA-MOB-01,West,5.2
TKT-20260623-01959,2026-06-23,product_defect,high,NOVA-AUD-02,South,2.3
TKT-20260623-01960,2026-06-23,late_delivery,low,NOVA-WBL-02,North,
TKT-20260623-01961,2026-06-23,product_defect,medium,NOVA-CPT-01,South,3.7
TKT-20260623-01962,2026-06-23,wrong_item,high,NOVA-MOB-01,South,4.4
TKT-20260623-01963,2026-06-23,product_defect,low,NOVA-MOB-01,East,2.8
TKT-20260623-01964,2026-06-23,wrong_item,low,NOVA-WBL-02,South,4.6
TKT-20260623-01965,2026-06-23,other,medium,,East,6.8
TKT-20260623-01966,2026-06-23,other,low,,West,5.8
TKT-20260623-01967,2026-06-23,late_delivery,medium,NOVA-MOB-02,South,1.2
TKT-20260624-01968,2026-06-24,product_defect,medium,NOVA-CPT-01,East,2.3
TKT-20260624-01969,2026-06-24,product_defect,low,NOVA-CPT-01,East,3.1
TKT-20260624-01970,2026-06-24,billing,medium,,West,3.2
TKT-20260624-01971,2026-06-24,late_delivery,low,NOVA-WBL-01,East,5.3
TKT-20260624-01972,2026-06-24,late_delivery,high,NOVA-AUD-01,East,
TKT-20260624-01973,2026-06-24,product_defect,medium,NOVA-MOB-02,South,2.7
TKT-20260624-01974,2026-06-24,wrong_item,medium,NOVA-CPT-01,West,5.5
TKT-20260624-01975,2026-06-24,late_delivery,low,NOVA-WBL-01,South,4.6
TKT-20260624-01976,2026-06-24,late_delivery,critical,NOVA-CPT-02,South,2.3
TKT-20260624-01977,2026-06-24,late_delivery,low,NOVA-WBL-02,South,2.7
TKT-20260624-01978,2026-06-24,late_delivery,low,NOVA-CPT-02,North,2.9
TKT-20260624-01979,2026-06-24,other,medium,,West,1.0
TKT-20260624-01980,2026-06-24,billing,low,,West,4.4
TKT-20260624-01981,2026-06-24,late_delivery,low,NOVA-WBL-02,South,5.8
TKT-20260625-01982,2026-06-25,damaged,critical,NOVA-AUD-01,South,6.8
TKT-20260625-01983,2026-06-25,other,critical,,North,6.1
TKT-20260625-01984,2026-06-25,late_delivery,high,NOVA-MOB-01,North,5.3
TKT-20260625-01985,2026-06-25,damaged,critical,NOVA-CPT-01,North,2.2
TKT-20260625-01986,2026-06-25,damaged,critical,NOVA-CPT-01,South,3.8
TKT-20260625-01987,2026-06-25,late_delivery,low,NOVA-CPT-02,South,2.4
TKT-20260625-01988,2026-06-25,damaged,medium,NOVA-MOB-01,East,6.4
TKT-20260625-01989,2026-06-25,other,medium,,West,
TKT-20260625-01990,2026-06-25,late_delivery,low,NOVA-WBL-01,North,
TKT-20260625-01991,2026-06-25,wrong_item,low,NOVA-WBL-02,South,5.5
TKT-20260625-01992,2026-06-25,wrong_item,medium,NOVA-CPT-01,South,2.9
TKT-20260625-01993,2026-06-25,product_defect,low,NOVA-WBL-01,West,4.8
TKT-20260625-01994,2026-06-25,product_defect,low,NOVA-CPT-02,East,3.6
TKT-20260626-01995,2026-06-26,product_defect,critical,NOVA-AUD-02,East,6.6
TKT-20260626-01996,2026-06-26,billing,medium,,North,6.9
TKT-20260626-01997,2026-06-26,late_delivery,medium,NOVA-MOB-01,East,
TKT-20260626-01998,2026-06-26,product_defect,medium,NOVA-MOB-02,South,
TKT-20260626-01999,2026-06-26,damaged,low,NOVA-WBL-02,South,4.9
TKT-20260626-02000,2026-06-26,late_delivery,low,NOVA-MOB-01,South,
TKT-20260626-02001,2026-06-26,late_delivery,low,NOVA-AUD-02,North,5.4
TKT-20260626-02002,2026-06-26,damaged,medium,NOVA-MOB-01,East,5.1
TKT-20260626-02003,2026-06-26,billing,medium,,West,2.9
TKT-20260626-02004,2026-06-26,wrong_item,low,NOVA-CPT-01,North,2.6
TKT-20260626-02005,2026-06-26,late_delivery,low,NOVA-CPT-01,West,2.9
TKT-20260626-02006,2026-06-26,product_defect,low,NOVA-AUD-01,West,3.3
TKT-20260626-02007,2026-06-26,late_delivery,high,NOVA-AUD-01,North,
TKT-20260626-02008,2026-06-26,late_delivery,low,NOVA-AUD-02,North,6.6
TKT-20260626-02009,2026-06-26,damaged,medium,NOVA-AUD-01,South,0.5
TKT-20260627-02010,2026-06-27,late_delivery,medium,NOVA-AUD-01,North,3.8
TKT-20260627-02011,2026-06-27,late_delivery,low,NOVA-WBL-02,North,1.4
TKT-20260627-02012,2026-06-27,late_delivery,medium,NOVA-AUD-02,North,5.5
TKT-20260627-02013,2026-06-27,damaged,high,NOVA-AUD-01,North,1.2
TKT-20260627-02014,2026-06-27,product_defect,high,NOVA-AUD-01,West,
TKT-20260627-02015,2026-06-27,damaged,critical,NOVA-CPT-02,North,0.8
TKT-20260627-02016,2026-06-27,late_delivery,medium,NOVA-CPT-02,East,6.5
TKT-20260627-02017,2026-06-27,product_defect,medium,NOVA-MOB-02,North,3.0
TKT-20260627-02018,2026-06-27,product_defect,medium,NOVA-WBL-02,East,3.5
TKT-20260627-02019,2026-06-27,late_delivery,medium,NOVA-AUD-02,North,5.0
TKT-20260627-02020,2026-06-27,late_delivery,medium,NOVA-CPT-01,South,4.6
TKT-20260627-02021,2026-06-27,late_delivery,medium,NOVA-AUD-02,East,
TKT-20260627-02022,2026-06-27,other,medium,,East,3.0
TKT-20260627-02023,2026-06-27,billing,low,,South,3.8
TKT-20260628-02024,2026-06-28,wrong_item,high,NOVA-WBL-01,North,2.6
TKT-20260628-02025,2026-06-28,billing,high,,South,5.9
TKT-20260628-02026,2026-06-28,other,high,,South,5.5
TKT-20260628-02027,2026-06-28,late_delivery,low,NOVA-AUD-02,East,3.5
TKT-20260628-02028,2026-06-28,billing,high,,North,3.4
TKT-20260628-02029,2026-06-28,other,low,,North,6.6
TKT-20260628-02030,2026-06-28,other,low,,West,2.0
TKT-20260628-02031,2026-06-28,other,critical,,East,4.6
TKT-20260628-02032,2026-06-28,late_delivery,medium,NOVA-AUD-01,East,3.0
TKT-20260628-02033,2026-06-28,product_defect,medium,NOVA-AUD-02,East,4.7
TKT-20260628-02034,2026-06-28,wrong_item,low,NOVA-CPT-02,North,4.9
TKT-20260628-02035,2026-06-28,late_delivery,critical,NOVA-AUD-01,North,6.5
TKT-20260629-02036,2026-06-29,late_delivery,high,NOVA-WBL-02,East,2.7
TKT-20260629-02037,2026-06-29,product_defect,high,NOVA-CPT-02,East,
TKT-20260629-02038,2026-06-29,late_delivery,high,NOVA-AUD-01,North,6.1
TKT-20260629-02039,2026-06-29,late_delivery,medium,NOVA-MOB-02,East,0.9
TKT-20260629-02040,2026-06-29,late_delivery,medium,NOVA-WBL-01,South,1.6
TKT-20260629-02041,2026-06-29,late_delivery,medium,NOVA-AUD-01,West,1.7
TKT-20260629-02042,2026-06-29,late_delivery,low,NOVA-WBL-02,East,0.6
TKT-20260629-02043,2026-06-29,late_delivery,low,NOVA-CPT-02,East,
TKT-20260629-02044,2026-06-29,wrong_item,low,NOVA-CPT-01,North,5.9
TKT-20260629-02045,2026-06-29,late_delivery,low,NOVA-MOB-02,West,2.3
TKT-20260629-02046,2026-06-29,product_defect,medium,NOVA-AUD-02,East,3.6
TKT-20260630-02047,2026-06-30,late_delivery,critical,NOVA-MOB-02,North,
TKT-20260630-02048,2026-06-30,late_delivery,high,NOVA-MOB-02,South,1.3
TKT-20260630-02049,2026-06-30,wrong_item,high,NOVA-CPT-02,East,6.4
TKT-20260630-02050,2026-06-30,billing,medium,,South,
TKT-20260630-02051,2026-06-30,damaged,low,NOVA-CPT-02,South,1.3
TKT-20260630-02052,2026-06-30,billing,low,,North,2.2
TKT-20260630-02053,2026-06-30,billing,medium,,South,6.7
TKT-20260630-02054,2026-06-30,late_delivery,low,NOVA-WBL-02,West,4.9
TKT-20260630-02055,2026-06-30,damaged,high,NOVA-WBL-01,North,2.1
TKT-20260630-02056,2026-06-30,wrong_item,medium,NOVA-AUD-01,West,2.6
TKT-20260630-02057,2026-06-30,late_delivery,low,NOVA-AUD-01,West,6.4
TKT-20260630-02058,2026-06-30,other,low,,West,5.5
TKT-20260630-02059,2026-06-30,wrong_item,medium,NOVA-WBL-02,East,3.5
TKT-20260701-02060,2026-07-01,product_defect,low,NOVA-AUD-01,West,5.3
TKT-20260701-02061,2026-07-01,other,low,,South,6.7
TKT-20260701-02062,2026-07-01,wrong_item,low,NOVA-MOB-02,East,4.1
TKT-20260701-02063,2026-07-01,late_delivery,low,NOVA-MOB-02,East,1.5
TKT-20260701-02064,2026-07-01,late_delivery,medium,NOVA-MOB-01,North,5.6
TKT-20260701-02065,2026-07-01,product_defect,high,NOVA-AUD-02,South,4.8
TKT-20260701-02066,2026-07-01,late_delivery,low,NOVA-AUD-02,East,0.8
TKT-20260701-02067,2026-07-01,wrong_item,high,NOVA-WBL-02,West,6.6
TKT-20260701-02068,2026-07-01,late_delivery,medium,NOVA-AUD-02,East,0.6
TKT-20260701-02069,2026-07-01,damaged,medium,NOVA-AUD-01,North,
TKT-20260701-02070,2026-07-01,damaged,high,NOVA-AUD-02,North,1.3
TKT-20260701-02071,2026-07-01,late_delivery,low,NOVA-WBL-01,North,2.3
TKT-20260701-02072,2026-07-01,other,high,,West,5.9
TKT-20260701-02073,2026-07-01,wrong_item,high,NOVA-AUD-01,West,5.0
TKT-20260701-02074,2026-07-01,product_defect,high,NOVA-WBL-01,East,4.7
TKT-20260701-02075,2026-07-01,late_delivery,low,NOVA-AUD-02,East,4.3
TKT-20260702-02076,2026-07-02,product_defect,medium,NOVA-AUD-01,North,0.5
TKT-20260702-02077,2026-07-02,wrong_item,medium,NOVA-AUD-02,West,4.3
TKT-20260702-02078,2026-07-02,late_delivery,medium,NOVA-MOB-01,North,1.9
TKT-20260702-02079,2026-07-02,billing,critical,,West,4.3
TKT-20260702-02080,2026-07-02,damaged,medium,NOVA-AUD-01,South,1.2
TKT-20260702-02081,2026-07-02,other,low,,North,
TKT-20260702-02082,2026-07-02,late_delivery,high,NOVA-WBL-02,North,1.2
TKT-20260702-02083,2026-07-02,billing,low,,South,1.8
TKT-20260702-02084,2026-07-02,product_defect,critical,NOVA-MOB-01,East,4.9
TKT-20260702-02085,2026-07-02,other,medium,,South,1.1
TKT-20260702-02086,2026-07-02,billing,low,,West,2.5
TKT-20260702-02087,2026-07-02,late_delivery,high,NOVA-CPT-02,West,3.8
TKT-20260702-02088,2026-07-02,late_delivery,medium,NOVA-CPT-02,North,1.9
TKT-20260702-02089,2026-07-02,damaged,medium,NOVA-MOB-02,East,
TKT-20260702-02090,2026-07-02,wrong_item,critical,NOVA-WBL-02,West,
TKT-20260703-02091,2026-07-03,late_delivery,medium,NOVA-AUD-02,North,6.0
TKT-20260703-02092,2026-07-03,wrong_item,medium,NOVA-MOB-01,West,
TKT-20260703-02093,2026-07-03,product_defect,high,NOVA-AUD-02,North,3.5
TKT-20260703-02094,2026-07-03,late_delivery,critical,NOVA-AUD-02,West,0.9
TKT-20260703-02095,2026-07-03,wrong_item,medium,NOVA-AUD-02,North,6.1
TKT-20260703-02096,2026-07-03,late_delivery,medium,NOVA-WBL-01,South,6.5
TKT-20260703-02097,2026-07-03,late_delivery,medium,NOVA-CPT-01,East,2.3
TKT-20260703-02098,2026-07-03,other,medium,,North,6.9
TKT-20260703-02099,2026-07-03,late_delivery,low,NOVA-AUD-02,North,6.4
TKT-20260703-02100,2026-07-03,late_delivery,critical,NOVA-WBL-02,East,3.0
TKT-20260703-02101,2026-07-03,late_delivery,low,NOVA-MOB-02,East,1.8
TKT-20260703-02102,2026-07-03,wrong_item,high,NOVA-AUD-02,West,2.3
TKT-20260704-02103,2026-07-04,product_defect,low,NOVA-CPT-02,South,4.8
TKT-20260704-02104,2026-07-04,late_delivery,medium,NOVA-WBL-02,West,0.9
TKT-20260704-02105,2026-07-04,late_delivery,high,NOVA-WBL-01,East,2.3
TKT-20260704-02106,2026-07-04,product_defect,low,NOVA-CPT-01,South,4.6
TKT-20260704-02107,2026-07-04,product_defect,low,NOVA-WBL-02,West,2.7
TKT-20260704-02108,2026-07-04,billing,low,,North,0.6
TKT-20260704-02109,2026-07-04,product_defect,high,NOVA-WBL-01,North,6.2
TKT-20260704-02110,2026-07-04,other,high,,North,5.4
TKT-20260704-02111,2026-07-04,late_delivery,medium,NOVA-AUD-02,South,5.8
TKT-20260704-02112,2026-07-04,late_delivery,medium,NOVA-WBL-01,South,5.7
TKT-20260704-02113,2026-07-04,other,low,,East,2.8
TKT-20260704-02114,2026-07-04,product_defect,medium,NOVA-CPT-01,East,1.7
TKT-20260704-02115,2026-07-04,late_delivery,high,NOVA-CPT-01,West,6.8
TKT-20260704-02116,2026-07-04,wrong_item,critical,NOVA-WBL-02,West,2.9
TKT-20260704-02117,2026-07-04,product_defect,medium,NOVA-AUD-02,South,2.9
TKT-20260704-02118,2026-07-04,other,low,,East,
TKT-20260705-02119,2026-07-05,late_delivery,critical,NOVA-MOB-02,North,1.6
TKT-20260705-02120,2026-07-05,billing,medium,,South,
TKT-20260705-02121,2026-07-05,late_delivery,medium,NOVA-MOB-02,West,1.5
TKT-20260705-02122,2026-07-05,late_delivery,medium,NOVA-WBL-01,West,4.3
TKT-20260705-02123,2026-07-05,other,low,,South,4.6
TKT-20260705-02124,2026-07-05,other,low,,East,2.1
TKT-20260705-02125,2026-07-05,product_defect,low,NOVA-CPT-02,East,6.8
TKT-20260705-02126,2026-07-05,late_delivery,low,NOVA-MOB-01,East,
TKT-20260705-02127,2026-07-05,product_defect,low,NOVA-CPT-01,East,2.9
TKT-20260705-02128,2026-07-05,wrong_item,medium,NOVA-AUD-02,South,2.3
TKT-20260705-02129,2026-07-05,damaged,low,NOVA-CPT-02,North,6.5
TKT-20260705-02130,2026-07-05,wrong_item,high,NOVA-WBL-01,East,3.2
TKT-20260706-02131,2026-07-06,wrong_item,medium,NOVA-AUD-01,South,6.1
TKT-20260706-02132,2026-07-06,damaged,low,NOVA-CPT-02,West,0.9
TKT-20260706-02133,2026-07-06,product_defect,high,NOVA-CPT-01,East,5.2
TKT-20260706-02134,2026-07-06,late_delivery,low,NOVA-CPT-01,North,6.4
TKT-20260706-02135,2026-07-06,damaged,medium,NOVA-MOB-02,North,0.5
TKT-20260706-02136,2026-07-06,late_delivery,low,NOVA-WBL-01,North,6.4
TKT-20260706-02137,2026-07-06,product_defect,low,NOVA-MOB-01,North,5.3
TKT-20260706-02138,2026-07-06,product_defect,high,NOVA-CPT-01,South,6.2
TKT-20260706-02139,2026-07-06,late_delivery,low,NOVA-CPT-01,East,6.9
TKT-20260706-02140,2026-07-06,other,medium,,North,3.4
TKT-20260706-02141,2026-07-06,other,low,,South,2.4
TKT-20260706-02142,2026-07-06,damaged,low,NOVA-AUD-01,West,1.1
TKT-20260707-02143,2026-07-07,product_defect,high,NOVA-AUD-02,South,1.2
TKT-20260707-02144,2026-07-07,wrong_item,low,NOVA-MOB-02,North,6.4
TKT-20260707-02145,2026-07-07,late_delivery,critical,NOVA-MOB-02,South,2.0
TKT-20260707-02146,2026-07-07,wrong_item,low,NOVA-WBL-01,North,1.9
TKT-20260707-02147,2026-07-07,damaged,high,NOVA-WBL-02,South,
TKT-20260707-02148,2026-07-07,wrong_item,high,NOVA-WBL-02,South,3.1
TKT-20260707-02149,2026-07-07,late_delivery,high,NOVA-WBL-02,West,4.3
TKT-20260707-02150,2026-07-07,product_defect,low,NOVA-CPT-01,North,1.1
TKT-20260707-02151,2026-07-07,product_defect,high,NOVA-AUD-02,South,4.4
TKT-20260707-02152,2026-07-07,billing,medium,,West,3.0
TKT-20260707-02153,2026-07-07,other,high,,East,6.9
TKT-20260708-02154,2026-07-08,other,low,,East,2.9
TKT-20260708-02155,2026-07-08,product_defect,critical,NOVA-CPT-01,East,
TKT-20260708-02156,2026-07-08,damaged,low,NOVA-AUD-02,East,1.2
TKT-20260708-02157,2026-07-08,late_delivery,low,NOVA-WBL-02,West,4.2
TKT-20260708-02158,2026-07-08,late_delivery,high,NOVA-CPT-01,South,1.8
TKT-20260708-02159,2026-07-08,late_delivery,low,NOVA-WBL-01,South,5.5
TKT-20260708-02160,2026-07-08,billing,medium,,East,1.8
TKT-20260708-02161,2026-07-08,wrong_item,low,NOVA-CPT-01,South,1.2
TKT-20260708-02162,2026-07-08,other,high,,East,4.5
TKT-20260708-02163,2026-07-08,wrong_item,medium,NOVA-AUD-02,South,3.7
TKT-20260708-02164,2026-07-08,wrong_item,low,NOVA-MOB-01,East,5.3
TKT-20260708-02165,2026-07-08,wrong_item,low,NOVA-WBL-02,North,
TKT-20260708-02166,2026-07-08,other,medium,,North,6.5
TKT-20260708-02167,2026-07-08,damaged,low,NOVA-CPT-02,South,1.2
TKT-20260708-02168,2026-07-08,product_defect,medium,NOVA-MOB-01,East,6.0
TKT-20260709-02169,2026-07-09,product_defect,medium,NOVA-MOB-01,South,6.2
TKT-20260709-02170,2026-07-09,late_delivery,low,NOVA-AUD-01,East,2.2
TKT-20260709-02171,2026-07-09,late_delivery,low,NOVA-WBL-01,East,1.7
TKT-20260709-02172,2026-07-09,late_delivery,low,NOVA-CPT-02,East,2.2
TKT-20260709-02173,2026-07-09,late_delivery,critical,NOVA-AUD-01,South,
TKT-20260709-02174,2026-07-09,late_delivery,high,NOVA-CPT-01,East,4.4
TKT-20260709-02175,2026-07-09,product_defect,high,NOVA-WBL-02,South,5.6
TKT-20260709-02176,2026-07-09,late_delivery,medium,NOVA-MOB-01,North,0.6
TKT-20260709-02177,2026-07-09,other,medium,,North,3.4
TKT-20260709-02178,2026-07-09,damaged,medium,NOVA-MOB-02,North,
TKT-20260709-02179,2026-07-09,late_delivery,medium,NOVA-CPT-02,East,5.3
TKT-20260709-02180,2026-07-09,wrong_item,low,NOVA-CPT-02,West,5.1
TKT-20260710-02181,2026-07-10,late_delivery,low,NOVA-AUD-01,West,1.0
TKT-20260710-02182,2026-07-10,late_delivery,high,NOVA-WBL-02,North,1.9
TKT-20260710-02183,2026-07-10,product_defect,low,NOVA-CPT-01,West,5.3
TKT-20260710-02184,2026-07-10,late_delivery,low,NOVA-CPT-01,North,6.1
TKT-20260710-02185,2026-07-10,wrong_item,low,NOVA-AUD-01,South,1.1
TKT-20260710-02186,2026-07-10,other,medium,,North,6.2
TKT-20260710-02187,2026-07-10,billing,high,,South,5.0
TKT-20260710-02188,2026-07-10,wrong_item,low,NOVA-AUD-01,West,3.8
TKT-20260710-02189,2026-07-10,damaged,low,NOVA-MOB-01,East,0.7
TKT-20260710-02190,2026-07-10,wrong_item,low,NOVA-CPT-02,West,
TKT-20260710-02191,2026-07-10,late_delivery,low,NOVA-AUD-02,East,
TKT-20260710-02192,2026-07-10,late_delivery,low,NOVA-AUD-02,South,5.2
TKT-20260710-02193,2026-07-10,late_delivery,high,NOVA-AUD-01,North,4.4
TKT-20260710-02194,2026-07-10,damaged,critical,NOVA-AUD-01,East,3.6
TKT-20260711-02195,2026-07-11,late_delivery,low,NOVA-WBL-01,South,6.3
TKT-20260711-02196,2026-07-11,late_delivery,medium,NOVA-AUD-02,West,
TKT-20260711-02197,2026-07-11,late_delivery,low,NOVA-CPT-02,South,5.3
TKT-20260711-02198,2026-07-11,billing,critical,,West,3.1
TKT-20260711-02199,2026-07-11,product_defect,medium,NOVA-MOB-01,East,
TKT-20260711-02200,2026-07-11,late_delivery,medium,NOVA-CPT-01,North,1.3
TKT-20260711-02201,2026-07-11,late_delivery,medium,NOVA-AUD-02,East,6.3
TKT-20260711-02202,2026-07-11,billing,low,,North,4.5
TKT-20260711-02203,2026-07-11,wrong_item,critical,NOVA-AUD-01,North,3.1
TKT-20260711-02204,2026-07-11,product_defect,medium,NOVA-MOB-01,North,1.0
TKT-20260711-02205,2026-07-11,other,medium,,West,6.8
TKT-20260711-02206,2026-07-11,product_defect,medium,NOVA-MOB-02,North,5.8
TKT-20260711-02207,2026-07-11,billing,medium,,South,3.2
TKT-20260711-02208,2026-07-11,product_defect,medium,NOVA-WBL-01,West,
TKT-20260712-02209,2026-07-12,damaged,medium,NOVA-AUD-01,North,1.0
TKT-20260712-02210,2026-07-12,late_delivery,low,NOVA-WBL-01,East,4.5
TKT-20260712-02211,2026-07-12,product_defect,medium,NOVA-AUD-02,East,5.9
TKT-20260712-02212,2026-07-12,late_delivery,medium,NOVA-AUD-01,South,4.0
TKT-20260712-02213,2026-07-12,billing,medium,,West,0.6
TKT-20260712-02214,2026-07-12,damaged,low,NOVA-MOB-01,West,3.9
TKT-20260712-02215,2026-07-12,late_delivery,critical,NOVA-AUD-01,North,2.8
TKT-20260712-02216,2026-07-12,late_delivery,low,NOVA-CPT-01,West,5.1
TKT-20260712-02217,2026-07-12,late_delivery,low,NOVA-MOB-01,South,3.4
TKT-20260712-02218,2026-07-12,damaged,medium,NOVA-AUD-01,South,
TKT-20260712-02219,2026-07-12,other,medium,,North,
TKT-20260712-02220,2026-07-12,wrong_item,high,NOVA-AUD-02,West,6.8
TKT-20260712-02221,2026-07-12,wrong_item,high,NOVA-WBL-02,West,5.2
TKT-20260713-02222,2026-07-13,wrong_item,medium,NOVA-WBL-01,East,3.3
TKT-20260713-02223,2026-07-13,late_delivery,medium,NOVA-AUD-02,East,5.1
TKT-20260713-02224,2026-07-13,other,medium,,West,5.3
TKT-20260713-02225,2026-07-13,damaged,medium,NOVA-AUD-01,West,
TKT-20260713-02226,2026-07-13,wrong_item,high,NOVA-WBL-01,South,2.9
TKT-20260713-02227,2026-07-13,wrong_item,low,NOVA-CPT-02,South,0.9
TKT-20260713-02228,2026-07-13,late_delivery,medium,NOVA-WBL-02,West,4.9
TKT-20260713-02229,2026-07-13,damaged,critical,NOVA-CPT-02,North,1.9
TKT-20260713-02230,2026-07-13,product_defect,medium,NOVA-MOB-02,North,5.0
TKT-20260713-02231,2026-07-13,product_defect,medium,NOVA-MOB-01,West,0.7
TKT-20260713-02232,2026-07-13,product_defect,critical,NOVA-CPT-01,North,3.9
TKT-20260713-02233,2026-07-13,other,high,,West,
TKT-20260713-02234,2026-07-13,billing,medium,,South,6.3
TKT-20260713-02235,2026-07-13,other,low,,North,6.3
TKT-20260713-02236,2026-07-13,wrong_item,low,NOVA-WBL-01,East,3.8
TKT-20260714-02237,2026-07-14,other,low,,West,7.0
TKT-20260714-02238,2026-07-14,late_delivery,high,NOVA-MOB-01,West,4.0
TKT-20260714-02239,2026-07-14,product_defect,medium,NOVA-AUD-01,North,3.1
TKT-20260714-02240,2026-07-14,damaged,medium,NOVA-MOB-02,East,2.8
TKT-20260714-02241,2026-07-14,product_defect,medium,NOVA-WBL-01,South,
TKT-20260714-02242,2026-07-14,late_delivery,medium,NOVA-CPT-02,East,6.6
TKT-20260714-02243,2026-07-14,other,low,,South,6.0
TKT-20260714-02244,2026-07-14,late_delivery,low,NOVA-MOB-01,North,5.3
TKT-20260714-02245,2026-07-14,late_delivery,low,NOVA-AUD-02,North,0.9
TKT-20260714-02246,2026-07-14,product_defect,low,NOVA-WBL-02,East,2.3
TKT-20260714-02247,2026-07-14,late_delivery,critical,NOVA-MOB-02,West,
TKT-20260714-02248,2026-07-14,late_delivery,low,NOVA-MOB-01,East,4.4
TKT-20260714-02249,2026-07-14,late_delivery,low,NOVA-CPT-02,South,2.8
TKT-20260715-02250,2026-07-15,other,low,,South,
TKT-20260715-02251,2026-07-15,wrong_item,medium,NOVA-WBL-01,West,3.6
TKT-20260715-02252,2026-07-15,product_defect,low,NOVA-CPT-02,South,
TKT-20260715-02253,2026-07-15,wrong_item,critical,NOVA-CPT-01,East,0.8
TKT-20260715-02254,2026-07-15,late_delivery,high,NOVA-WBL-01,South,1.6
TKT-20260715-02255,2026-07-15,wrong_item,medium,NOVA-WBL-02,North,
TKT-20260715-02256,2026-07-15,other,critical,,East,3.5
TKT-20260715-02257,2026-07-15,other,medium,,East,3.6
TKT-20260715-02258,2026-07-15,wrong_item,low,NOVA-AUD-01,West,4.6
TKT-20260715-02259,2026-07-15,wrong_item,medium,NOVA-AUD-02,North,1.9
TKT-20260715-02260,2026-07-15,wrong_item,low,NOVA-WBL-02,West,3.2
TKT-20260715-02261,2026-07-15,wrong_item,high,NOVA-WBL-02,East,4.0
TKT-20260715-02262,2026-07-15,wrong_item,low,NOVA-AUD-02,East,4.9
TKT-20260715-02263,2026-07-15,product_defect,low,NOVA-CPT-01,West,3.5
TKT-20260715-02264,2026-07-15,other,high,,East,4.4
TKT-20260716-02265,2026-07-16,billing,medium,,East,5.1
TKT-20260716-02266,2026-07-16,billing,medium,,North,5.8
TKT-20260716-02267,2026-07-16,product_defect,low,NOVA-CPT-01,South,4.9
TKT-20260716-02268,2026-07-16,other,medium,,West,
TKT-20260716-02269,2026-07-16,other,medium,,South,5.3
TKT-20260716-02270,2026-07-16,product_defect,medium,NOVA-WBL-02,North,6.4
TKT-20260716-02271,2026-07-16,late_delivery,medium,NOVA-CPT-02,South,1.5
TKT-20260716-02272,2026-07-16,wrong_item,critical,NOVA-WBL-01,South,6.1
TKT-20260716-02273,2026-07-16,wrong_item,low,NOVA-CPT-02,West,1.7
TKT-20260716-02274,2026-07-16,damaged,medium,NOVA-MOB-01,South,5.5
TKT-20260716-02275,2026-07-16,late_delivery,low,NOVA-AUD-01,South,2.0
TKT-20260717-02276,2026-07-17,billing,medium,,West,2.1
TKT-20260717-02277,2026-07-17,product_defect,low,NOVA-CPT-02,East,0.8
TKT-20260717-02278,2026-07-17,wrong_item,low,NOVA-AUD-02,South,5.7
TKT-20260717-02279,2026-07-17,billing,high,,East,6.1
TKT-20260717-02280,2026-07-17,other,critical,,North,5.5
TKT-20260717-02281,2026-07-17,late_delivery,medium,NOVA-AUD-02,North,
TKT-20260717-02282,2026-07-17,late_delivery,medium,NOVA-MOB-01,West,4.4
TKT-20260717-02283,2026-07-17,billing,low,,East,3.7
TKT-20260717-02284,2026-07-17,late_delivery,low,NOVA-WBL-01,South,4.3
TKT-20260717-02285,2026-07-17,damaged,medium,NOVA-MOB-01,East,3.9
TKT-20260717-02286,2026-07-17,late_delivery,high,NOVA-CPT-02,West,0.6
TKT-20260717-02287,2026-07-17,late_delivery,low,NOVA-MOB-02,West,5.2
TKT-20260717-02288,2026-07-17,late_delivery,low,NOVA-CPT-02,South,2.7
TKT-20260717-02289,2026-07-17,late_delivery,high,NOVA-MOB-01,East,1.8
TKT-20260717-02290,2026-07-17,wrong_item,medium,NOVA-CPT-01,East,4.1
TKT-20260718-02291,2026-07-18,billing,high,,East,0.6
TKT-20260718-02292,2026-07-18,late_delivery,high,NOVA-CPT-02,South,1.1
TKT-20260718-02293,2026-07-18,product_defect,medium,NOVA-WBL-02,West,2.4
TKT-20260718-02294,2026-07-18,late_delivery,low,NOVA-MOB-02,North,3.7
TKT-20260718-02295,2026-07-18,late_delivery,high,NOVA-MOB-01,East,5.5
TKT-20260718-02296,2026-07-18,late_delivery,medium,NOVA-AUD-01,South,0.7
TKT-20260718-02297,2026-07-18,late_delivery,high,NOVA-MOB-02,South,7.0
TKT-20260718-02298,2026-07-18,billing,medium,,East,2.3
TKT-20260718-02299,2026-07-18,late_delivery,medium,NOVA-WBL-01,East,
TKT-20260718-02300,2026-07-18,damaged,low,NOVA-CPT-02,East,2.1
TKT-20260718-02301,2026-07-18,late_delivery,low,NOVA-AUD-02,North,0.7
TKT-20260718-02302,2026-07-18,late_delivery,medium,NOVA-AUD-02,North,5.7
TKT-20260718-02303,2026-07-18,product_defect,low,NOVA-MOB-01,North,0.9
TKT-20260718-02304,2026-07-18,late_delivery,low,NOVA-MOB-02,West,5.9
TKT-20260718-02305,2026-07-18,wrong_item,medium,NOVA-WBL-02,South,3.2
TKT-20260718-02306,2026-07-18,late_delivery,high,NOVA-AUD-02,West,2.4
TKT-20260718-02307,2026-07-18,late_delivery,medium,NOVA-AUD-01,North,6.7
TKT-20260718-02308,2026-07-18,late_delivery,low,NOVA-WBL-02,South,4.1
TKT-20260719-02309,2026-07-19,billing,low,,South,4.5
TKT-20260719-02310,2026-07-19,late_delivery,low,NOVA-WBL-02,South,3.4
TKT-20260719-02311,2026-07-19,late_delivery,high,NOVA-AUD-02,East,5.3
TKT-20260719-02312,2026-07-19,wrong_item,low,NOVA-MOB-01,South,4.9
TKT-20260719-02313,2026-07-19,late_delivery,low,NOVA-AUD-01,North,5.7
TKT-20260719-02314,2026-07-19,product_defect,low,NOVA-AUD-02,South,4.9
TKT-20260719-02315,2026-07-19,late_delivery,low,NOVA-CPT-02,North,
TKT-20260719-02316,2026-07-19,late_delivery,medium,NOVA-AUD-02,East,4.4
TKT-20260719-02317,2026-07-19,damaged,low,NOVA-MOB-01,North,
TKT-20260719-02318,2026-07-19,late_delivery,critical,NOVA-CPT-01,East,
TKT-20260719-02319,2026-07-19,late_delivery,high,NOVA-MOB-01,West,1.5
TKT-20260719-02320,2026-07-19,late_delivery,medium,NOVA-AUD-01,West,1.5
TKT-20260719-02321,2026-07-19,product_defect,low,NOVA-CPT-01,North,0.9
TKT-20260719-02322,2026-07-19,late_delivery,low,NOVA-WBL-02,West,4.0
TKT-20260719-02323,2026-07-19,late_delivery,low,NOVA-AUD-01,North,1.7
TKT-20260719-02324,2026-07-19,late_delivery,low,NOVA-CPT-01,South,6.7
TKT-20260719-02325,2026-07-19,late_delivery,medium,NOVA-MOB-02,North,5.2
TKT-20260719-02326,2026-07-19,product_defect,low,NOVA-MOB-01,East,5.5
TKT-20260719-02327,2026-07-19,late_delivery,low,NOVA-AUD-01,North,1.2
TKT-20260720-02328,2026-07-20,late_delivery,high,NOVA-CPT-01,South,4.3
TKT-20260720-02329,2026-07-20,late_delivery,medium,NOVA-MOB-01,East,2.0
TKT-20260720-02330,2026-07-20,late_delivery,medium,NOVA-AUD-01,South,5.7
TKT-20260720-02331,2026-07-20,late_delivery,high,NOVA-AUD-01,West,3.8
TKT-20260720-02332,2026-07-20,late_delivery,high,NOVA-CPT-02,West,4.7
TKT-20260720-02333,2026-07-20,late_delivery,critical,NOVA-WBL-02,East,6.7
TKT-20260720-02334,2026-07-20,other,medium,,South,
TKT-20260720-02335,2026-07-20,late_delivery,low,NOVA-MOB-02,West,0.7
TKT-20260720-02336,2026-07-20,late_delivery,medium,NOVA-AUD-01,West,6.1
TKT-20260720-02337,2026-07-20,late_delivery,medium,NOVA-WBL-02,East,
TKT-20260720-02338,2026-07-20,late_delivery,low,NOVA-MOB-01,West,6.7
TKT-20260720-02339,2026-07-20,late_delivery,critical,NOVA-WBL-01,South,1.2
TKT-20260720-02340,2026-07-20,late_delivery,medium,NOVA-WBL-01,South,1.0
TKT-20260720-02341,2026-07-20,other,low,,North,
TKT-20260720-02342,2026-07-20,product_defect,low,NOVA-WBL-01,West,1.7
TKT-20260720-02343,2026-07-20,product_defect,critical,NOVA-AUD-02,West,1.1
TKT-20260720-02344,2026-07-20,product_defect,low,NOVA-WBL-01,South,1.0
TKT-20260720-02345,2026-07-20,late_delivery,medium,NOVA-AUD-01,East,1.8
TKT-20260720-02346,2026-07-20,product_defect,low,NOVA-WBL-02,East,2.9
TKT-20260720-02347,2026-07-20,wrong_item,low,NOVA-WBL-01,West,2.6
TKT-20260721-02348,2026-07-21,billing,low,,East,4.8
TKT-20260721-02349,2026-07-21,late_delivery,medium,NOVA-AUD-01,North,3.3
TKT-20260721-02350,2026-07-21,late_delivery,critical,NOVA-MOB-01,West,3.7
TKT-20260721-02351,2026-07-21,damaged,high,NOVA-MOB-02,North,3.9
TKT-20260721-02352,2026-07-21,late_delivery,low,NOVA-CPT-01,East,3.1
TKT-20260721-02353,2026-07-21,late_delivery,high,NOVA-MOB-02,East,2.4
TKT-20260721-02354,2026-07-21,late_delivery,low,NOVA-WBL-02,East,6.4
TKT-20260721-02355,2026-07-21,late_delivery,low,NOVA-CPT-01,North,6.9
TKT-20260721-02356,2026-07-21,late_delivery,high,NOVA-WBL-01,East,6.8
TKT-20260721-02357,2026-07-21,other,medium,,North,3.7
TKT-20260721-02358,2026-07-21,damaged,low,NOVA-MOB-01,North,6.2
TKT-20260721-02359,2026-07-21,late_delivery,low,NOVA-AUD-02,East,5.0
TKT-20260721-02360,2026-07-21,billing,medium,,North,
TKT-20260721-02361,2026-07-21,late_delivery,high,NOVA-AUD-01,North,
TKT-20260721-02362,2026-07-21,late_delivery,low,NOVA-CPT-01,South,0.9
TKT-20260721-02363,2026-07-21,damaged,low,NOVA-CPT-02,East,1.5
TKT-20260721-02364,2026-07-21,wrong_item,low,NOVA-MOB-02,West,1.0
TKT-20260721-02365,2026-07-21,late_delivery,low,NOVA-AUD-01,South,6.0
TKT-20260721-02366,2026-07-21,late_delivery,low,NOVA-AUD-01,East,
TKT-20260721-02367,2026-07-21,late_delivery,medium,NOVA-MOB-02,West,4.4
TKT-20260721-02368,2026-07-21,late_delivery,low,NOVA-AUD-02,North,4.7
TKT-20260722-02369,2026-07-22,late_delivery,critical,NOVA-MOB-01,North,2.7
TKT-20260722-02370,2026-07-22,other,medium,,West,2.9
TKT-20260722-02371,2026-07-22,late_delivery,low,NOVA-CPT-01,East,5.0
TKT-20260722-02372,2026-07-22,late_delivery,high,NOVA-CPT-02,South,5.1
TKT-20260722-02373,2026-07-22,late_delivery,low,NOVA-CPT-02,North,4.6
TKT-20260722-02374,2026-07-22,wrong_item,low,NOVA-WBL-02,South,2.1
TKT-20260722-02375,2026-07-22,wrong_item,low,NOVA-WBL-01,North,1.6
TKT-20260722-02376,2026-07-22,late_delivery,low,NOVA-AUD-02,West,0.6
TKT-20260722-02377,2026-07-22,product_defect,medium,NOVA-CPT-02,North,2.3
TKT-20260722-02378,2026-07-22,late_delivery,medium,NOVA-MOB-01,North,
TKT-20260722-02379,2026-07-22,late_delivery,low,NOVA-WBL-02,East,4.4
TKT-20260722-02380,2026-07-22,late_delivery,medium,NOVA-AUD-02,East,0.9
TKT-20260722-02381,2026-07-22,late_delivery,high,NOVA-MOB-02,West,1.0
TKT-20260722-02382,2026-07-22,wrong_item,high,NOVA-CPT-01,West,
TKT-20260722-02383,2026-07-22,late_delivery,medium,NOVA-AUD-02,South,4.1
TKT-20260722-02384,2026-07-22,damaged,low,NOVA-WBL-02,North,6.9
TKT-20260722-02385,2026-07-22,late_delivery,low,NOVA-AUD-02,South,5.6
TKT-20260722-02386,2026-07-22,damaged,low,NOVA-CPT-02,South,2.4
TKT-20260722-02387,2026-07-22,late_delivery,high,NOVA-MOB-01,West,
TKT-20260722-02388,2026-07-22,wrong_item,low,NOVA-WBL-01,West,6.7
TKT-20260722-02389,2026-07-22,late_delivery,critical,NOVA-CPT-01,South,5.8
TKT-20260722-02390,2026-07-22,late_delivery,low,NOVA-AUD-02,West,3.7
TKT-20260723-02391,2026-07-23,late_delivery,high,NOVA-CPT-02,East,4.8
TKT-20260723-02392,2026-07-23,late_delivery,low,NOVA-AUD-01,East,3.2
TKT-20260723-02393,2026-07-23,wrong_item,low,NOVA-WBL-01,South,0.5
TKT-20260723-02394,2026-07-23,late_delivery,low,NOVA-CPT-01,North,5.4
TKT-20260723-02395,2026-07-23,other,medium,,West,3.6
TKT-20260723-02396,2026-07-23,late_delivery,medium,NOVA-WBL-02,East,6.9
TKT-20260723-02397,2026-07-23,late_delivery,medium,NOVA-CPT-01,West,
TKT-20260723-02398,2026-07-23,late_delivery,low,NOVA-WBL-01,East,6.3
TKT-20260723-02399,2026-07-23,late_delivery,low,NOVA-MOB-02,East,6.9
TKT-20260723-02400,2026-07-23,billing,high,,South,5.6
TKT-20260723-02401,2026-07-23,wrong_item,medium,NOVA-AUD-01,East,5.9
TKT-20260723-02402,2026-07-23,wrong_item,medium,NOVA-WBL-02,South,
TKT-20260723-02403,2026-07-23,billing,low,,West,4.4
TKT-20260723-02404,2026-07-23,late_delivery,low,NOVA-AUD-02,West,2.6
TKT-20260723-02405,2026-07-23,late_delivery,high,NOVA-MOB-01,South,6.6
TKT-20260723-02406,2026-07-23,late_delivery,high,NOVA-AUD-01,North,
TKT-20260723-02407,2026-07-23,late_delivery,medium,NOVA-CPT-01,North,0.8
TKT-20260723-02408,2026-07-23,wrong_item,medium,NOVA-AUD-01,South,4.1
TKT-20260723-02409,2026-07-23,late_delivery,high,NOVA-WBL-02,East,3.8
TKT-20260723-02410,2026-07-23,late_delivery,medium,NOVA-CPT-02,South,1.6
TKT-20260723-02411,2026-07-23,wrong_item,critical,NOVA-AUD-02,West,2.9
TKT-20260723-02412,2026-07-23,damaged,medium,NOVA-AUD-02,West,
TKT-20260723-02413,2026-07-23,late_delivery,high,NOVA-CPT-01,West,6.4
TKT-20260724-02414,2026-07-24,late_delivery,medium,NOVA-CPT-02,East,3.9
TKT-20260724-02415,2026-07-24,late_delivery,low,NOVA-AUD-02,West,0.9
TKT-20260724-02416,2026-07-24,billing,medium,,North,3.8
TKT-20260724-02417,2026-07-24,late_delivery,low,NOVA-AUD-02,South,0.7
TKT-20260724-02418,2026-07-24,other,low,,North,
TKT-20260724-02419,2026-07-24,late_delivery,low,NOVA-CPT-02,South,2.2
TKT-20260724-02420,2026-07-24,late_delivery,low,NOVA-WBL-02,South,6.2
TKT-20260724-02421,2026-07-24,late_delivery,critical,NOVA-WBL-01,East,5.0
TKT-20260724-02422,2026-07-24,damaged,high,NOVA-WBL-02,North,2.5
TKT-20260724-02423,2026-07-24,late_delivery,low,NOVA-MOB-01,East,3.5
TKT-20260724-02424,2026-07-24,late_delivery,medium,NOVA-MOB-01,South,4.3
TKT-20260724-02425,2026-07-24,product_defect,medium,NOVA-MOB-02,North,4.6
TKT-20260724-02426,2026-07-24,damaged,medium,NOVA-WBL-01,West,4.7
TKT-20260724-02427,2026-07-24,late_delivery,medium,NOVA-CPT-02,South,1.2
TKT-20260724-02428,2026-07-24,late_delivery,low,NOVA-MOB-02,North,6.2
TKT-20260724-02429,2026-07-24,late_delivery,medium,NOVA-AUD-02,East,5.5
TKT-20260724-02430,2026-07-24,wrong_item,medium,NOVA-WBL-02,South,3.1
TKT-20260724-02431,2026-07-24,wrong_item,high,NOVA-MOB-02,West,1.6
TKT-20260724-02432,2026-07-24,late_delivery,medium,NOVA-MOB-01,West,5.0
TKT-20260724-02433,2026-07-24,late_delivery,critical,NOVA-MOB-02,South,3.1
TKT-20260724-02434,2026-07-24,wrong_item,low,NOVA-CPT-01,North,1.9
TKT-20260724-02435,2026-07-24,other,low,,South,
TKT-20260724-02436,2026-07-24,damaged,low,NOVA-CPT-02,North,2.4
TKT-20260724-02437,2026-07-24,late_delivery,medium,NOVA-AUD-02,West,6.8
TKT-20260725-02438,2026-07-25,late_delivery,low,NOVA-CPT-01,East,4.4
TKT-20260725-02439,2026-07-25,other,medium,,West,
TKT-20260725-02440,2026-07-25,late_delivery,critical,NOVA-CPT-02,East,6.7
TKT-20260725-02441,2026-07-25,other,high,,West,6.2
TKT-20260725-02442,2026-07-25,late_delivery,medium,NOVA-CPT-02,West,
TKT-20260725-02443,2026-07-25,late_delivery,medium,NOVA-WBL-02,South,1.7
TKT-20260725-02444,2026-07-25,late_delivery,high,NOVA-MOB-01,South,4.7
TKT-20260725-02445,2026-07-25,late_delivery,critical,NOVA-CPT-01,East,2.9
TKT-20260725-02446,2026-07-25,late_delivery,high,NOVA-AUD-01,North,3.0
TKT-20260725-02447,2026-07-25,damaged,medium,NOVA-AUD-02,East,
TKT-20260725-02448,2026-07-25,other,low,,North,6.0
TKT-20260725-02449,2026-07-25,late_delivery,medium,NOVA-MOB-01,West,
TKT-20260725-02450,2026-07-25,late_delivery,medium,NOVA-CPT-01,North,4.3
TKT-20260725-02451,2026-07-25,late_delivery,medium,NOVA-MOB-02,East,6.7
TKT-20260725-02452,2026-07-25,billing,low,,East,5.8
TKT-20260725-02453,2026-07-25,late_delivery,low,NOVA-MOB-01,North,
TKT-20260725-02454,2026-07-25,product_defect,high,NOVA-MOB-01,North,4.2
TKT-20260725-02455,2026-07-25,late_delivery,low,NOVA-CPT-01,South,
TKT-20260725-02456,2026-07-25,damaged,low,NOVA-CPT-01,North,
TKT-20260725-02457,2026-07-25,wrong_item,high,NOVA-AUD-02,West,
TKT-20260725-02458,2026-07-25,late_delivery,medium,NOVA-CPT-02,North,3.6
TKT-20260725-02459,2026-07-25,late_delivery,low,NOVA-AUD-01,South,2.5
TKT-20260725-02460,2026-07-25,late_delivery,low,NOVA-CPT-01,North,6.0
TKT-20260725-02461,2026-07-25,other,high,,North,5.8
TKT-20260725-02462,2026-07-25,late_delivery,high,NOVA-AUD-01,North,4.7
TKT-20260726-02463,2026-07-26,damaged,medium,NOVA-AUD-02,South,
TKT-20260726-02464,2026-07-26,late_delivery,medium,NOVA-MOB-01,East,5.8
TKT-20260726-02465,2026-07-26,late_delivery,medium,NOVA-WBL-02,East,2.7
TKT-20260726-02466,2026-07-26,late_delivery,low,NOVA-WBL-01,North,0.9
TKT-20260726-02467,2026-07-26,damaged,medium,NOVA-MOB-02,North,3.5
TKT-20260726-02468,2026-07-26,late_delivery,high,NOVA-MOB-02,East,
TKT-20260726-02469,2026-07-26,product_defect,low,NOVA-CPT-01,South,0.6
TKT-20260726-02470,2026-07-26,late_delivery,medium,NOVA-WBL-01,North,
TKT-20260726-02471,2026-07-26,late_delivery,low,NOVA-CPT-01,North,6.8
TKT-20260726-02472,2026-07-26,late_delivery,critical,NOVA-WBL-01,West,6.1
TKT-20260726-02473,2026-07-26,late_delivery,low,NOVA-MOB-01,West,1.7
TKT-20260726-02474,2026-07-26,late_delivery,medium,NOVA-WBL-02,East,3.9
TKT-20260726-02475,2026-07-26,late_delivery,high,NOVA-CPT-02,North,3.8
TKT-20260726-02476,2026-07-26,late_delivery,low,NOVA-MOB-02,West,1.7
TKT-20260726-02477,2026-07-26,late_delivery,low,NOVA-WBL-01,North,4.9
TKT-20260726-02478,2026-07-26,wrong_item,medium,NOVA-AUD-01,North,6.8
TKT-20260726-02479,2026-07-26,product_defect,high,NOVA-MOB-01,East,5.5
TKT-20260726-02480,2026-07-26,product_defect,low,NOVA-WBL-02,West,5.7
TKT-20260726-02481,2026-07-26,late_delivery,low,NOVA-CPT-02,East,1.8
TKT-20260726-02482,2026-07-26,late_delivery,high,NOVA-CPT-01,East,5.9
TKT-20260726-02483,2026-07-26,damaged,medium,NOVA-CPT-01,South,
TKT-20260726-02484,2026-07-26,other,low,,West,4.8
TKT-20260726-02485,2026-07-26,product_defect,low,NOVA-MOB-01,North,
TKT-20260726-02486,2026-07-26,late_delivery,low,NOVA-WBL-02,North,0.9
TKT-20260726-02487,2026-07-26,late_delivery,medium,NOVA-MOB-02,South,1.9
TKT-20260726-02488,2026-07-26,late_delivery,medium,NOVA-WBL-01,South,1.1
TKT-20260727-02489,2026-07-27,late_delivery,low,NOVA-WBL-02,West,6.8
TKT-20260727-02490,2026-07-27,late_delivery,high,NOVA-AUD-02,South,5.5
TKT-20260727-02491,2026-07-27,late_delivery,low,NOVA-WBL-02,North,0.7
TKT-20260727-02492,2026-07-27,late_delivery,low,NOVA-MOB-01,South,0.9
TKT-20260727-02493,2026-07-27,late_delivery,medium,NOVA-MOB-02,South,2.2
TKT-20260727-02494,2026-07-27,late_delivery,medium,NOVA-CPT-01,East,3.5
TKT-20260727-02495,2026-07-27,wrong_item,medium,NOVA-AUD-02,West,1.4
TKT-20260727-02496,2026-07-27,late_delivery,medium,NOVA-WBL-01,North,
TKT-20260727-02497,2026-07-27,late_delivery,high,NOVA-CPT-01,West,1.2
TKT-20260727-02498,2026-07-27,damaged,low,NOVA-AUD-01,South,3.2
TKT-20260727-02499,2026-07-27,product_defect,medium,NOVA-MOB-02,North,
TKT-20260727-02500,2026-07-27,late_delivery,medium,NOVA-WBL-02,West,3.0
TKT-20260727-02501,2026-07-27,damaged,low,NOVA-AUD-02,North,1.7
TKT-20260727-02502,2026-07-27,late_delivery,medium,NOVA-MOB-01,South,5.4
TKT-20260727-02503,2026-07-27,late_delivery,low,NOVA-WBL-01,West,3.9
TKT-20260727-02504,2026-07-27,late_delivery,medium,NOVA-AUD-01,North,3.0
TKT-20260727-02505,2026-07-27,late_delivery,medium,NOVA-WBL-01,West,4.3
TKT-20260727-02506,2026-07-27,late_delivery,critical,NOVA-WBL-01,East,5.0
TKT-20260727-02507,2026-07-27,billing,low,,North,4.4
TKT-20260727-02508,2026-07-27,late_delivery,high,NOVA-AUD-01,North,4.1
TKT-20260727-02509,2026-07-27,late_delivery,medium,NOVA-WBL-01,West,6.9
TKT-20260727-02510,2026-07-27,late_delivery,medium,NOVA-CPT-02,South,5.5
TKT-20260727-02511,2026-07-27,late_delivery,medium,NOVA-CPT-02,East,1.6
TKT-20260727-02512,2026-07-27,billing,low,,South,2.6
TKT-20260727-02513,2026-07-27,late_delivery,low,NOVA-WBL-01,West,6.0
TKT-20260727-02514,2026-07-27,other,medium,,East,2.8
TKT-20260727-02515,2026-07-27,damaged,medium,NOVA-WBL-01,West,6.0
TKT-20260728-02516,2026-07-28,other,medium,,South,6.0
TKT-20260728-02517,2026-07-28,late_delivery,low,NOVA-WBL-02,North,4.4
TKT-20260728-02518,2026-07-28,late_delivery,critical,NOVA-MOB-02,North,4.6
TKT-20260728-02519,2026-07-28,late_delivery,high,NOVA-AUD-01,North,6.6
TKT-20260728-02520,2026-07-28,late_delivery,low,NOVA-CPT-01,North,6.5
TKT-20260728-02521,2026-07-28,late_delivery,critical,NOVA-AUD-01,South,3.8
TKT-20260728-02522,2026-07-28,late_delivery,medium,NOVA-CPT-02,North,6.1
TKT-20260728-02523,2026-07-28,late_delivery,low,NOVA-WBL-02,East,5.9
TKT-20260728-02524,2026-07-28,late_delivery,medium,NOVA-WBL-02,North,4.3
TKT-20260728-02525,2026-07-28,late_delivery,medium,NOVA-WBL-01,South,5.8
TKT-20260728-02526,2026-07-28,late_delivery,low,NOVA-WBL-01,South,6.9
TKT-20260728-02527,2026-07-28,wrong_item,low,NOVA-AUD-01,West,4.5
TKT-20260728-02528,2026-07-28,product_defect,high,NOVA-CPT-02,East,3.9
TKT-20260728-02529,2026-07-28,late_delivery,medium,NOVA-MOB-01,North,2.8
TKT-20260728-02530,2026-07-28,late_delivery,low,NOVA-WBL-01,East,5.0
TKT-20260728-02531,2026-07-28,late_delivery,low,NOVA-AUD-01,West,
TKT-20260728-02532,2026-07-28,late_delivery,low,NOVA-WBL-01,South,4.4
TKT-20260728-02533,2026-07-28,late_delivery,medium,NOVA-WBL-02,South,6.7
TKT-20260728-02534,2026-07-28,product_defect,critical,NOVA-CPT-01,North,
TKT-20260728-02535,2026-07-28,late_delivery,low,NOVA-AUD-01,West,6.0
TKT-20260728-02536,2026-07-28,damaged,medium,NOVA-WBL-02,South,5.8
TKT-20260728-02537,2026-07-28,damaged,medium,NOVA-CPT-01,West,5.8
TKT-20260728-02538,2026-07-28,other,low,,West,2.5
TKT-20260728-02539,2026-07-28,late_delivery,low,NOVA-WBL-01,West,3.7
TKT-20260728-02540,2026-07-28,late_delivery,medium,NOVA-WBL-01,South,4.2
TKT-20260728-02541,2026-07-28,late_delivery,low,NOVA-AUD-02,West,4.3
TKT-20260728-02542,2026-07-28,late_delivery,critical,NOVA-WBL-01,East,1.3
TKT-20260728-02543,2026-07-28,wrong_item,medium,NOVA-WBL-02,West,1.4
TKT-20260728-02544,2026-07-28,product_defect,high,NOVA-WBL-01,South,5.5
TKT-20260729-02545,2026-07-29,product_defect,high,NOVA-AUD-01,North,5.4
TKT-20260729-02546,2026-07-29,late_delivery,medium,NOVA-WBL-01,East,6.9
TKT-20260729-02547,2026-07-29,late_delivery,low,NOVA-MOB-01,West,2.1
TKT-20260729-02548,2026-07-29,other,low,,North,6.5
TKT-20260729-02549,2026-07-29,late_delivery,low,NOVA-WBL-01,East,3.5
TKT-20260729-02550,2026-07-29,damaged,low,NOVA-WBL-02,South,4.8
TKT-20260729-02551,2026-07-29,other,high,,North,
TKT-20260729-02552,2026-07-29,late_delivery,medium,NOVA-MOB-01,North,5.0
TKT-20260729-02553,2026-07-29,billing,medium,,South,3.9
TKT-20260729-02554,2026-07-29,wrong_item,medium,NOVA-WBL-02,East,5.1
TKT-20260729-02555,2026-07-29,late_delivery,medium,NOVA-MOB-01,West,4.0
TKT-20260729-02556,2026-07-29,billing,medium,,East,3.8
TKT-20260729-02557,2026-07-29,product_defect,medium,NOVA-AUD-01,East,1.1
TKT-20260729-02558,2026-07-29,damaged,high,NOVA-AUD-02,West,5.3
TKT-20260729-02559,2026-07-29,late_delivery,low,NOVA-AUD-01,North,6.1
TKT-20260729-02560,2026-07-29,late_delivery,low,NOVA-WBL-02,North,6.1
TKT-20260729-02561,2026-07-29,late_delivery,medium,NOVA-AUD-02,North,0.9
TKT-20260729-02562,2026-07-29,late_delivery,medium,NOVA-MOB-02,South,4.0
TKT-20260729-02563,2026-07-29,other,medium,,East,2.8
TKT-20260729-02564,2026-07-29,product_defect,medium,NOVA-AUD-01,East,3.5
TKT-20260729-02565,2026-07-29,late_delivery,medium,NOVA-WBL-01,South,2.1
TKT-20260729-02566,2026-07-29,late_delivery,low,NOVA-AUD-02,East,1.1
TKT-20260729-02567,2026-07-29,wrong_item,low,NOVA-MOB-01,North,3.3
TKT-20260729-02568,2026-07-29,late_delivery,low,NOVA-CPT-01,South,3.5
TKT-20260729-02569,2026-07-29,damaged,medium,NOVA-CPT-01,East,3.2
TKT-20260729-02570,2026-07-29,late_delivery,low,NOVA-WBL-01,East,4.6
TKT-20260729-02571,2026-07-29,late_delivery,high,NOVA-MOB-02,North,4.9
TKT-20260729-02572,2026-07-29,late_delivery,low,NOVA-MOB-01,West,1.1
TKT-20260729-02573,2026-07-29,damaged,low,NOVA-WBL-01,East,1.4
TKT-20260729-02574,2026-07-29,late_delivery,low,NOVA-AUD-02,East,6.9
TKT-20260730-02575,2026-07-30,billing,low,,West,3.9
TKT-20260730-02576,2026-07-30,late_delivery,low,NOVA-AUD-02,East,5.9
TKT-20260730-02577,2026-07-30,late_delivery,low,NOVA-CPT-02,East,1.4
TKT-20260730-02578,2026-07-30,late_delivery,medium,NOVA-MOB-02,South,0.8
TKT-20260730-02579,2026-07-30,billing,medium,,North,1.2
TKT-20260730-02580,2026-07-30,late_delivery,medium,NOVA-AUD-02,West,4.4
TKT-20260730-02581,2026-07-30,late_delivery,medium,NOVA-WBL-02,East,5.6
TKT-20260730-02582,2026-07-30,product_defect,low,NOVA-CPT-01,East,5.7
TKT-20260730-02583,2026-07-30,late_delivery,medium,NOVA-MOB-02,East,5.7
TKT-20260730-02584,2026-07-30,late_delivery,medium,NOVA-AUD-01,East,3.8
TKT-20260730-02585,2026-07-30,late_delivery,critical,NOVA-CPT-02,East,5.6
TKT-20260730-02586,2026-07-30,billing,medium,,North,4.2
TKT-20260730-02587,2026-07-30,late_delivery,low,NOVA-WBL-02,South,
TKT-20260730-02588,2026-07-30,late_delivery,medium,NOVA-MOB-02,South,5.9
TKT-20260730-02589,2026-07-30,product_defect,high,NOVA-CPT-01,East,5.7
TKT-20260730-02590,2026-07-30,late_delivery,low,NOVA-MOB-02,North,1.7
TKT-20260730-02591,2026-07-30,other,medium,,West,3.7
TKT-20260730-02592,2026-07-30,damaged,high,NOVA-AUD-01,West,
TKT-20260730-02593,2026-07-30,other,critical,,West,0.8
TKT-20260730-02594,2026-07-30,late_delivery,low,NOVA-MOB-02,North,
TKT-20260730-02595,2026-07-30,damaged,medium,NOVA-CPT-01,West,3.7
TKT-20260730-02596,2026-07-30,other,critical,,South,1.7
TKT-20260730-02597,2026-07-30,late_delivery,low,NOVA-WBL-02,South,3.8
TKT-20260730-02598,2026-07-30,late_delivery,low,NOVA-WBL-01,South,
TKT-20260730-02599,2026-07-30,billing,medium,,East,6.8
TKT-20260730-02600,2026-07-30,late_delivery,medium,NOVA-WBL-01,East,2.2
TKT-20260730-02601,2026-07-30,billing,medium,,East,4.6
TKT-20260730-02602,2026-07-30,wrong_item,medium,NOVA-AUD-02,South,
TKT-20260730-02603,2026-07-30,damaged,high,NOVA-AUD-02,North,5.6
TKT-20260730-02604,2026-07-30,product_defect,high,NOVA-WBL-01,East,4.5
TKT-20260730-02605,2026-07-30,late_delivery,critical,NOVA-AUD-01,East,1.2
TKT-20260731-02606,2026-07-31,late_delivery,high,NOVA-CPT-02,South,
TKT-20260731-02607,2026-07-31,late_delivery,medium,NOVA-CPT-02,East,6.3
TKT-20260731-02608,2026-07-31,late_delivery,medium,NOVA-MOB-02,East,5.6
TKT-20260731-02609,2026-07-31,product_defect,high,NOVA-AUD-01,East,1.1
TKT-20260731-02610,2026-07-31,late_delivery,medium,NOVA-MOB-01,East,6.7
TKT-20260731-02611,2026-07-31,late_delivery,medium,NOVA-WBL-01,North,3.8
TKT-20260731-02612,2026-07-31,late_delivery,critical,NOVA-CPT-01,South,2.8
TKT-20260731-02613,2026-07-31,wrong_item,low,NOVA-WBL-02,North,2.8
TKT-20260731-02614,2026-07-31,other,medium,,East,2.2
TKT-20260731-02615,2026-07-31,product_defect,medium,NOVA-WBL-01,North,1.4
TKT-20260731-02616,2026-07-31,late_delivery,medium,NOVA-AUD-02,North,4.3
TKT-20260731-02617,2026-07-31,product_defect,low,NOVA-AUD-02,North,4.7
TKT-20260731-02618,2026-07-31,late_delivery,low,NOVA-AUD-01,West,
TKT-20260731-02619,2026-07-31,late_delivery,critical,NOVA-MOB-02,North,1.6
TKT-20260731-02620,2026-07-31,late_delivery,low,NOVA-CPT-02,South,0.7
TKT-20260731-02621,2026-07-31,product_defect,high,NOVA-AUD-02,West,1.4
TKT-20260731-02622,2026-07-31,billing,low,,East,4.9
TKT-20260731-02623,2026-07-31,product_defect,medium,NOVA-WBL-01,South,1.8
TKT-20260731-02624,2026-07-31,late_delivery,critical,NOVA-CPT-02,East,4.9
TKT-20260731-02625,2026-07-31,late_delivery,low,NOVA-CPT-01,East,1.8
TKT-20260731-02626,2026-07-31,other,medium,,North,3.5
TKT-20260731-02627,2026-07-31,wrong_item,medium,NOVA-MOB-02,East,0.8
TKT-20260731-02628,2026-07-31,late_delivery,low,NOVA-CPT-02,North,
TKT-20260731-02629,2026-07-31,damaged,medium,NOVA-CPT-02,West,
TKT-20260731-02630,2026-07-31,late_delivery,critical,NOVA-AUD-01,North,3.6
TKT-20260731-02631,2026-07-31,late_delivery,low,NOVA-WBL-01,East,6.6
TKT-20260731-02632,2026-07-31,late_delivery,low,NOVA-CPT-02,South,3.7
TKT-20260731-02633,2026-07-31,late_delivery,high,NOVA-CPT-01,South,1.5
TKT-20260731-02634,2026-07-31,late_delivery,medium,NOVA-MOB-01,South,0.7
TKT-20260731-02635,2026-07-31,late_delivery,low,NOVA-MOB-01,West,
TKT-20260731-02636,2026-07-31,billing,high,,East,1.2
TKT-20260731-02637,2026-07-31,product_defect,low,NOVA-MOB-02,West,6.8
TKT-20260801-02638,2026-08-01,late_delivery,high,NOVA-AUD-02,North,0.8
TKT-20260801-02639,2026-08-01,late_delivery,critical,NOVA-MOB-02,East,3.8
TKT-20260801-02640,2026-08-01,late_delivery,low,NOVA-CPT-01,North,
TKT-20260801-02641,2026-08-01,late_delivery,low,NOVA-CPT-01,North,6.7
TKT-20260801-02642,2026-08-01,late_delivery,medium,NOVA-CPT-02,East,1.0
TKT-20260801-02643,2026-08-01,late_delivery,medium,NOVA-AUD-01,North,5.1
TKT-20260801-02644,2026-08-01,late_delivery,low,NOVA-MOB-01,North,5.7
TKT-20260801-02645,2026-08-01,late_delivery,low,NOVA-AUD-02,East,0.7
TKT-20260801-02646,2026-08-01,product_defect,low,NOVA-MOB-02,West,5.8
TKT-20260801-02647,2026-08-01,other,medium,,North,1.2
TKT-20260801-02648,2026-08-01,product_defect,medium,NOVA-WBL-01,North,3.8
TKT-20260801-02649,2026-08-01,late_delivery,medium,NOVA-MOB-01,North,0.8
TKT-20260801-02650,2026-08-01,wrong_item,critical,NOVA-MOB-02,West,1.2
TKT-20260801-02651,2026-08-01,late_delivery,low,NOVA-WBL-01,South,3.3
TKT-20260801-02652,2026-08-01,other,medium,,West,3.8
TKT-20260801-02653,2026-08-01,late_delivery,medium,NOVA-WBL-01,North,
TKT-20260801-02654,2026-08-01,wrong_item,low,NOVA-MOB-02,West,3.9
TKT-20260801-02655,2026-08-01,late_delivery,low,NOVA-WBL-02,South,5.3
TKT-20260801-02656,2026-08-01,product_defect,medium,NOVA-MOB-02,North,2.2
TKT-20260801-02657,2026-08-01,damaged,medium,NOVA-CPT-02,South,4.1
TKT-20260801-02658,2026-08-01,late_delivery,low,NOVA-WBL-01,South,
TKT-20260801-02659,2026-08-01,product_defect,medium,NOVA-CPT-02,West,
TKT-20260801-02660,2026-08-01,wrong_item,critical,NOVA-WBL-01,East,4.0
TKT-20260801-02661,2026-08-01,late_delivery,high,NOVA-AUD-01,East,
TKT-20260801-02662,2026-08-01,wrong_item,critical,NOVA-AUD-01,West,6.3
TKT-20260801-02663,2026-08-01,late_delivery,medium,NOVA-CPT-02,South,1.8
TKT-20260801-02664,2026-08-01,damaged,low,NOVA-CPT-02,South,3.6
TKT-20260801-02665,2026-08-01,late_delivery,medium,NOVA-MOB-01,East,6.5
TKT-20260801-02666,2026-08-01,billing,medium,,North,1.8
TKT-20260801-02667,2026-08-01,wrong_item,high,NOVA-AUD-02,East,
TKT-20260801-02668,2026-08-01,late_delivery,low,NOVA-WBL-01,North,2.5
TKT-20260801-02669,2026-08-01,product_defect,medium,NOVA-WBL-02,North,3.9
TKT-20260801-02670,2026-08-01,damaged,low,NOVA-MOB-02,East,
TKT-20260802-02671,2026-08-02,late_delivery,medium,NOVA-AUD-02,East,5.8
TKT-20260802-02672,2026-08-02,late_delivery,medium,NOVA-CPT-02,North,6.0
TKT-20260802-02673,2026-08-02,late_delivery,medium,NOVA-CPT-01,North,5.3
TKT-20260802-02674,2026-08-02,late_delivery,medium,NOVA-WBL-02,East,1.4
TKT-20260802-02675,2026-08-02,late_delivery,medium,NOVA-WBL-02,East,0.6
TKT-20260802-02676,2026-08-02,product_defect,medium,NOVA-AUD-02,South,4.9
TKT-20260802-02677,2026-08-02,billing,high,,East,4.9
TKT-20260802-02678,2026-08-02,damaged,high,NOVA-AUD-01,East,5.6
TKT-20260802-02679,2026-08-02,late_delivery,low,NOVA-WBL-02,South,0.7
TKT-20260802-02680,2026-08-02,wrong_item,high,NOVA-MOB-02,West,
TKT-20260802-02681,2026-08-02,damaged,high,NOVA-WBL-01,North,3.6
TKT-20260802-02682,2026-08-02,wrong_item,low,NOVA-CPT-02,West,2.2
TKT-20260802-02683,2026-08-02,damaged,medium,NOVA-CPT-01,South,
TKT-20260802-02684,2026-08-02,late_delivery,medium,NOVA-CPT-01,South,2.7
TKT-20260802-02685,2026-08-02,late_delivery,low,NOVA-AUD-02,South,
TKT-20260802-02686,2026-08-02,billing,medium,,North,3.0
TKT-20260802-02687,2026-08-02,late_delivery,low,NOVA-WBL-02,North,
TKT-20260802-02688,2026-08-02,late_delivery,low,NOVA-WBL-02,East,1.4
TKT-20260802-02689,2026-08-02,product_defect,critical,NOVA-CPT-02,West,3.3
TKT-20260802-02690,2026-08-02,late_delivery,low,NOVA-MOB-01,North,6.5
TKT-20260802-02691,2026-08-02,late_delivery,medium,NOVA-CPT-02,West,0.8
TKT-20260802-02692,2026-08-02,late_delivery,low,NOVA-WBL-01,West,6.9
TKT-20260802-02693,2026-08-02,late_delivery,high,NOVA-AUD-02,South,1.4
TKT-20260802-02694,2026-08-02,late_delivery,medium,NOVA-MOB-01,North,2.7
TKT-20260802-02695,2026-08-02,late_delivery,low,NOVA-WBL-01,West,6.1
TKT-20260802-02696,2026-08-02,wrong_item,medium,NOVA-MOB-01,East,6.7
TKT-20260802-02697,2026-08-02,late_delivery,medium,NOVA-CPT-01,North,5.3
TKT-20260802-02698,2026-08-02,damaged,low,NOVA-AUD-02,South,7.0
TKT-20260802-02699,2026-08-02,product_defect,high,NOVA-CPT-01,South,4.6
TKT-20260802-02700,2026-08-02,late_delivery,medium,NOVA-WBL-01,North,4.3
TKT-20260802-02701,2026-08-02,late_delivery,high,NOVA-WBL-01,West,6.5
TKT-20260802-02702,2026-08-02,late_delivery,low,NOVA-MOB-02,South,
TKT-20260802-02703,2026-08-02,late_delivery,high,NOVA-CPT-02,North,3.8
TKT-20260802-02704,2026-08-02,late_delivery,medium,NOVA-AUD-02,East,4.6
TKT-20260803-02705,2026-08-03,late_delivery,low,NOVA-MOB-01,East,6.9
TKT-20260803-02706,2026-08-03,late_delivery,low,NOVA-MOB-02,West,4.3
TKT-20260803-02707,2026-08-03,late_delivery,medium,NOVA-MOB-01,East,6.7
TKT-20260803-02708,2026-08-03,damaged,high,NOVA-CPT-01,East,4.7
TKT-20260803-02709,2026-08-03,late_delivery,low,NOVA-MOB-01,East,
TKT-20260803-02710,2026-08-03,late_delivery,low,NOVA-WBL-02,North,5.9
TKT-20260803-02711,2026-08-03,late_delivery,low,NOVA-MOB-01,South,1.4
TKT-20260803-02712,2026-08-03,billing,critical,,South,3.7
TKT-20260803-02713,2026-08-03,late_delivery,medium,NOVA-AUD-01,West,2.2
TKT-20260803-02714,2026-08-03,product_defect,medium,NOVA-MOB-01,North,
TKT-20260803-02715,2026-08-03,late_delivery,medium,NOVA-MOB-02,West,5.4
TKT-20260803-02716,2026-08-03,late_delivery,low,NOVA-WBL-02,West,
TKT-20260803-02717,2026-08-03,late_delivery,medium,NOVA-AUD-02,West,3.5
TKT-20260803-02718,2026-08-03,other,medium,,East,
TKT-20260803-02719,2026-08-03,damaged,high,NOVA-MOB-02,East,3.4
TKT-20260803-02720,2026-08-03,late_delivery,medium,NOVA-MOB-02,East,1.1
TKT-20260803-02721,2026-08-03,late_delivery,low,NOVA-CPT-02,North,2.1
TKT-20260803-02722,2026-08-03,late_delivery,high,NOVA-CPT-01,North,3.4
TKT-20260803-02723,2026-08-03,product_defect,medium,NOVA-AUD-01,West,
TKT-20260803-02724,2026-08-03,late_delivery,medium,NOVA-AUD-02,East,0.9
TKT-20260803-02725,2026-08-03,late_delivery,medium,NOVA-CPT-02,North,6.2
TKT-20260803-02726,2026-08-03,billing,low,,North,4.4
TKT-20260803-02727,2026-08-03,late_delivery,low,NOVA-CPT-02,East,0.8
TKT-20260803-02728,2026-08-03,late_delivery,medium,NOVA-CPT-02,South,
TKT-20260803-02729,2026-08-03,late_delivery,medium,NOVA-MOB-01,West,3.0
TKT-20260803-02730,2026-08-03,late_delivery,medium,NOVA-MOB-01,East,0.6
TKT-20260803-02731,2026-08-03,late_delivery,medium,NOVA-CPT-01,West,3.4
TKT-20260803-02732,2026-08-03,damaged,low,NOVA-CPT-02,East,4.6
TKT-20260803-02733,2026-08-03,product_defect,medium,NOVA-CPT-02,East,5.0
TKT-20260803-02734,2026-08-03,late_delivery,low,NOVA-WBL-01,South,1.5
TKT-20260803-02735,2026-08-03,wrong_item,medium,NOVA-AUD-01,East,5.1
TKT-20260803-02736,2026-08-03,late_delivery,low,NOVA-CPT-02,East,4.1
TKT-20260803-02737,2026-08-03,late_delivery,medium,NOVA-AUD-02,South,4.3
TKT-20260803-02738,2026-08-03,late_delivery,medium,NOVA-MOB-01,East,
TKT-20260803-02739,2026-08-03,damaged,low,NOVA-AUD-01,East,1.1
TKT-20260804-02740,2026-08-04,damaged,medium,NOVA-WBL-01,South,0.7
TKT-20260804-02741,2026-08-04,billing,high,,South,3.7
TKT-20260804-02742,2026-08-04,late_delivery,critical,NOVA-MOB-01,North,5.9
TKT-20260804-02743,2026-08-04,late_delivery,low,NOVA-WBL-01,South,6.8
TKT-20260804-02744,2026-08-04,billing,low,,West,
TKT-20260804-02745,2026-08-04,late_delivery,critical,NOVA-WBL-02,East,4.3
TKT-20260804-02746,2026-08-04,late_delivery,low,NOVA-CPT-01,West,4.3
TKT-20260804-02747,2026-08-04,late_delivery,low,NOVA-CPT-01,East,4.2
TKT-20260804-02748,2026-08-04,product_defect,low,NOVA-CPT-01,North,
TKT-20260804-02749,2026-08-04,billing,low,,North,5.6
TKT-20260804-02750,2026-08-04,late_delivery,high,NOVA-AUD-02,North,4.8
TKT-20260804-02751,2026-08-04,late_delivery,critical,NOVA-WBL-02,West,5.8
TKT-20260804-02752,2026-08-04,billing,low,,East,3.8
TKT-20260804-02753,2026-08-04,late_delivery,low,NOVA-MOB-02,West,5.5
TKT-20260804-02754,2026-08-04,product_defect,medium,NOVA-WBL-01,West,2.6
TKT-20260804-02755,2026-08-04,late_delivery,high,NOVA-AUD-02,North,3.5
TKT-20260804-02756,2026-08-04,other,low,,North,2.0
TKT-20260804-02757,2026-08-04,late_delivery,medium,NOVA-MOB-01,West,3.3
TKT-20260804-02758,2026-08-04,wrong_item,medium,NOVA-MOB-02,North,
TKT-20260804-02759,2026-08-04,late_delivery,low,NOVA-CPT-02,West,2.6
TKT-20260804-02760,2026-08-04,late_delivery,low,NOVA-MOB-02,North,5.5
TKT-20260804-02761,2026-08-04,late_delivery,critical,NOVA-CPT-01,North,6.2
TKT-20260804-02762,2026-08-04,late_delivery,medium,NOVA-WBL-02,South,
TKT-20260804-02763,2026-08-04,late_delivery,low,NOVA-CPT-01,East,
TKT-20260804-02764,2026-08-04,late_delivery,critical,NOVA-MOB-01,West,
TKT-20260804-02765,2026-08-04,late_delivery,low,NOVA-WBL-01,South,2.7
TKT-20260804-02766,2026-08-04,product_defect,low,NOVA-MOB-01,South,1.8
TKT-20260804-02767,2026-08-04,late_delivery,low,NOVA-MOB-02,West,6.6
TKT-20260804-02768,2026-08-04,product_defect,high,NOVA-AUD-02,North,
TKT-20260804-02769,2026-08-04,damaged,medium,NOVA-MOB-01,West,
TKT-20260804-02770,2026-08-04,late_delivery,low,NOVA-MOB-01,North,3.4
TKT-20260804-02771,2026-08-04,late_delivery,medium,NOVA-CPT-02,North,6.3
TKT-20260804-02772,2026-08-04,product_defect,critical,NOVA-WBL-02,West,1.4
TKT-20260804-02773,2026-08-04,product_defect,low,NOVA-CPT-02,South,1.1
TKT-20260804-02774,2026-08-04,late_delivery,high,NOVA-CPT-01,East,2.5
TKT-20260804-02775,2026-08-04,late_delivery,high,NOVA-CPT-01,West,1.7
TKT-20260805-02776,2026-08-05,damaged,low,NOVA-WBL-02,East,2.5
TKT-20260805-02777,2026-08-05,late_delivery,medium,NOVA-MOB-02,East,6.1
TKT-20260805-02778,2026-08-05,billing,medium,,North,4.8
TKT-20260805-02779,2026-08-05,late_delivery,high,NOVA-AUD-01,South,5.5
TKT-20260805-02780,2026-08-05,wrong_item,high,NOVA-CPT-02,East,1.7
TKT-20260805-02781,2026-08-05,late_delivery,low,NOVA-MOB-02,East,1.8
TKT-20260805-02782,2026-08-05,late_delivery,medium,NOVA-CPT-01,East,0.6
TKT-20260805-02783,2026-08-05,late_delivery,medium,NOVA-WBL-02,North,1.6
TKT-20260805-02784,2026-08-05,late_delivery,medium,NOVA-MOB-02,North,6.3
TKT-20260805-02785,2026-08-05,late_delivery,low,NOVA-WBL-02,North,2.9
TKT-20260805-02786,2026-08-05,late_delivery,low,NOVA-MOB-02,South,1.4
TKT-20260805-02787,2026-08-05,late_delivery,low,NOVA-CPT-01,East,5.6
TKT-20260805-02788,2026-08-05,late_delivery,low,NOVA-CPT-01,East,1.0
TKT-20260805-02789,2026-08-05,late_delivery,medium,NOVA-MOB-02,South,
TKT-20260805-02790,2026-08-05,wrong_item,medium,NOVA-AUD-01,North,
TKT-20260805-02791,2026-08-05,product_defect,medium,NOVA-MOB-02,East,3.3
TKT-20260805-02792,2026-08-05,product_defect,critical,NOVA-AUD-01,East,4.8
TKT-20260805-02793,2026-08-05,late_delivery,low,NOVA-AUD-01,South,1.7
TKT-20260805-02794,2026-08-05,late_delivery,low,NOVA-WBL-01,North,5.7
TKT-20260805-02795,2026-08-05,late_delivery,medium,NOVA-CPT-01,West,1.1
TKT-20260805-02796,2026-08-05,product_defect,high,NOVA-CPT-01,East,2.6
TKT-20260805-02797,2026-08-05,damaged,low,NOVA-CPT-02,North,4.4
TKT-20260805-02798,2026-08-05,late_delivery,critical,NOVA-AUD-01,South,1.7
TKT-20260805-02799,2026-08-05,billing,low,,East,3.9
TKT-20260805-02800,2026-08-05,wrong_item,medium,NOVA-CPT-01,East,1.9
TKT-20260805-02801,2026-08-05,late_delivery,low,NOVA-AUD-01,North,2.4
TKT-20260805-02802,2026-08-05,wrong_item,medium,NOVA-AUD-02,South,5.3
TKT-20260805-02803,2026-08-05,late_delivery,low,NOVA-WBL-02,North,
TKT-20260805-02804,2026-08-05,late_delivery,medium,NOVA-CPT-01,East,6.9
TKT-20260805-02805,2026-08-05,late_delivery,low,NOVA-WBL-02,East,2.5
TKT-20260805-02806,2026-08-05,late_delivery,low,NOVA-AUD-02,East,
TKT-20260805-02807,2026-08-05,late_delivery,low,NOVA-AUD-02,East,5.5
TKT-20260805-02808,2026-08-05,wrong_item,high,NOVA-WBL-01,North,2.0
TKT-20260805-02809,2026-08-05,late_delivery,high,NOVA-AUD-02,South,1.7
TKT-20260805-02810,2026-08-05,wrong_item,medium,NOVA-WBL-01,West,4.3
TKT-20260805-02811,2026-08-05,damaged,medium,NOVA-AUD-01,North,5.3
TKT-20260805-02812,2026-08-05,late_delivery,medium,NOVA-MOB-02,North,4.5
TKT-20260806-02813,2026-08-06,product_defect,low,NOVA-MOB-01,North,2.2
TKT-20260806-02814,2026-08-06,late_delivery,low,NOVA-AUD-01,North,
TKT-20260806-02815,2026-08-06,late_delivery,low,NOVA-AUD-02,East,7.0
TKT-20260806-02816,2026-08-06,late_delivery,low,NOVA-AUD-02,North,6.0
TKT-20260806-02817,2026-08-06,late_delivery,medium,NOVA-WBL-02,West,5.9
TKT-20260806-02818,2026-08-06,billing,medium,,East,2.2
TKT-20260806-02819,2026-08-06,late_delivery,high,NOVA-AUD-02,West,5.8
TKT-20260806-02820,2026-08-06,damaged,high,NOVA-CPT-02,South,3.3
TKT-20260806-02821,2026-08-06,late_delivery,medium,NOVA-MOB-02,North,5.7
TKT-20260806-02822,2026-08-06,wrong_item,low,NOVA-AUD-02,West,6.8
TKT-20260806-02823,2026-08-06,damaged,low,NOVA-CPT-02,North,5.0
TKT-20260806-02824,2026-08-06,wrong_item,medium,NOVA-AUD-01,North,1.5
TKT-20260806-02825,2026-08-06,late_delivery,low,NOVA-CPT-01,North,6.6
TKT-20260806-02826,2026-08-06,product_defect,high,NOVA-CPT-01,East,4.9
TKT-20260806-02827,2026-08-06,product_defect,low,NOVA-MOB-01,West,2.1
TKT-20260806-02828,2026-08-06,wrong_item,high,NOVA-CPT-02,West,1.8
TKT-20260806-02829,2026-08-06,late_delivery,medium,NOVA-WBL-01,North,0.8
TKT-20260806-02830,2026-08-06,late_delivery,low,NOVA-CPT-01,North,3.6
TKT-20260806-02831,2026-08-06,late_delivery,medium,NOVA-CPT-02,East,1.5
TKT-20260806-02832,2026-08-06,damaged,high,NOVA-CPT-01,East,4.1
TKT-20260806-02833,2026-08-06,product_defect,low,NOVA-CPT-02,North,5.5
TKT-20260806-02834,2026-08-06,late_delivery,high,NOVA-AUD-01,West,6.7
TKT-20260806-02835,2026-08-06,billing,medium,,East,1.5
TKT-20260806-02836,2026-08-06,late_delivery,critical,NOVA-WBL-02,East,0.9
TKT-20260806-02837,2026-08-06,late_delivery,low,NOVA-MOB-01,North,5.0
TKT-20260806-02838,2026-08-06,late_delivery,low,NOVA-AUD-02,South,1.7
TKT-20260806-02839,2026-08-06,damaged,high,NOVA-AUD-01,East,2.0
TKT-20260806-02840,2026-08-06,late_delivery,medium,NOVA-AUD-02,East,1.5
TKT-20260806-02841,2026-08-06,late_delivery,low,NOVA-AUD-01,West,6.5
TKT-20260806-02842,2026-08-06,late_delivery,medium,NOVA-MOB-01,North,3.7
TKT-20260806-02843,2026-08-06,late_delivery,low,NOVA-AUD-01,North,4.0
TKT-20260806-02844,2026-08-06,late_delivery,high,NOVA-WBL-02,West,0.9
TKT-20260806-02845,2026-08-06,late_delivery,low,NOVA-MOB-01,West,1.4
TKT-20260806-02846,2026-08-06,wrong_item,low,NOVA-AUD-02,South,2.0
TKT-20260806-02847,2026-08-06,late_delivery,medium,NOVA-MOB-01,West,6.3
TKT-20260806-02848,2026-08-06,billing,medium,,North,3.9
TKT-20260806-02849,2026-08-06,damaged,medium,NOVA-WBL-02,East,6.5
TKT-20260806-02850,2026-08-06,product_defect,low,NOVA-WBL-01,West,5.3
TKT-20260807-02851,2026-08-07,late_delivery,low,NOVA-WBL-02,East,2.2
TKT-20260807-02852,2026-08-07,late_delivery,high,NOVA-CPT-01,East,1.6
TKT-20260807-02853,2026-08-07,wrong_item,low,NOVA-WBL-02,East,
TKT-20260807-02854,2026-08-07,late_delivery,medium,NOVA-AUD-01,North,3.3
TKT-20260807-02855,2026-08-07,product_defect,medium,NOVA-AUD-01,East,
TKT-20260807-02856,2026-08-07,product_defect,high,NOVA-WBL-02,North,
TKT-20260807-02857,2026-08-07,late_delivery,low,NOVA-AUD-02,North,5.2
TKT-20260807-02858,2026-08-07,late_delivery,critical,NOVA-WBL-02,South,5.9
TKT-20260807-02859,2026-08-07,late_delivery,critical,NOVA-AUD-01,West,3.0
TKT-20260807-02860,2026-08-07,product_defect,low,NOVA-WBL-02,North,6.9
TKT-20260807-02861,2026-08-07,other,low,,North,
TKT-20260807-02862,2026-08-07,late_delivery,medium,NOVA-AUD-02,South,6.1
TKT-20260807-02863,2026-08-07,late_delivery,medium,NOVA-MOB-02,South,3.8
TKT-20260807-02864,2026-08-07,late_delivery,low,NOVA-CPT-02,East,4.7
TKT-20260807-02865,2026-08-07,billing,critical,,East,5.5
TKT-20260807-02866,2026-08-07,late_delivery,low,NOVA-CPT-01,South,1.7
TKT-20260807-02867,2026-08-07,billing,high,,North,1.8
TKT-20260807-02868,2026-08-07,other,medium,,West,6.8
TKT-20260807-02869,2026-08-07,late_delivery,medium,NOVA-AUD-01,East,4.8
TKT-20260807-02870,2026-08-07,other,low,,East,2.9
TKT-20260807-02871,2026-08-07,product_defect,low,NOVA-AUD-02,South,1.2
TKT-20260807-02872,2026-08-07,wrong_item,critical,NOVA-MOB-01,South,3.2
TKT-20260807-02873,2026-08-07,late_delivery,medium,NOVA-AUD-02,North,1.4
TKT-20260807-02874,2026-08-07,product_defect,low,NOVA-WBL-02,South,2.2
TKT-20260807-02875,2026-08-07,late_delivery,high,NOVA-CPT-02,West,3.0
TKT-20260807-02876,2026-08-07,late_delivery,critical,NOVA-WBL-01,East,1.8
TKT-20260807-02877,2026-08-07,late_delivery,low,NOVA-CPT-02,West,1.9
TKT-20260807-02878,2026-08-07,late_delivery,medium,NOVA-WBL-02,South,1.8
TKT-20260807-02879,2026-08-07,late_delivery,medium,NOVA-MOB-02,South,4.5
TKT-20260807-02880,2026-08-07,other,medium,,North,2.1
TKT-20260807-02881,2026-08-07,late_delivery,low,NOVA-WBL-01,North,5.1
TKT-20260807-02882,2026-08-07,late_delivery,medium,NOVA-MOB-01,North,2.3
TKT-20260807-02883,2026-08-07,late_delivery,medium,NOVA-AUD-01,South,3.4
TKT-20260807-02884,2026-08-07,late_delivery,low,NOVA-WBL-01,West,
TKT-20260807-02885,2026-08-07,wrong_item,medium,NOVA-MOB-02,North,2.8
TKT-20260807-02886,2026-08-07,product_defect,high,NOVA-WBL-01,West,1.5
TKT-20260807-02887,2026-08-07,late_delivery,low,NOVA-MOB-02,East,5.9
TKT-20260807-02888,2026-08-07,late_delivery,critical,NOVA-WBL-02,South,2.8
TKT-20260807-02889,2026-08-07,damaged,medium,NOVA-WBL-02,East,1.8
TKT-20260807-02890,2026-08-07,late_delivery,low,NOVA-CPT-01,South,0.6
